0 verbose cli C:\Program Files\nodejs\node.exe C:\Program Files\nodejs\node_modules\npm\bin\npm-cli.js
1 info using npm@11.6.2
2 info using node@v24.11.1
3 silly config load:file:C:\Program Files\nodejs\node_modules\npm\npmrc
4 silly config load:file:C:\Users\admin\OneDrive - Chulalongkorn University\Desktop\VS CODE\ISE_Sign\.npmrc
5 silly config load:file:C:\Users\admin\.npmrc
6 silly config load:file:C:\Users\admin\AppData\Roaming\npm\etc\npmrc
7 verbose title npm install
8 verbose argv "install" "--cache" ".\\.npm-cache" "--no-audit" "--no-fund"
9 verbose logfile logs-max:10 dir:C:\Users\admin\OneDrive - Chulalongkorn University\Desktop\VS CODE\ISE_Sign\.npm-cache\_logs\2026-07-17T09_13_30_240Z-
10 verbose logfile C:\Users\admin\OneDrive - Chulalongkorn University\Desktop\VS CODE\ISE_Sign\.npm-cache\_logs\2026-07-17T09_13_30_240Z-debug-0.log
11 silly logfile done cleaning log files
12 silly packumentCache heap:4496293888 maxSize:1124073472 maxEntrySize:562036736
13 silly idealTree buildDeps
14 silly fetch manifest @supabase/ssr@^0.6.1
15 silly packumentCache full:https://registry.npmjs.org/@supabase%2fssr cache-miss
16 http fetch GET 200 https://registry.npmjs.org/npm 275ms
17 http fetch GET 200 https://registry.npmjs.org/@supabase%2fssr 829ms (cache miss)
18 silly packumentCache full:https://registry.npmjs.org/@supabase%2fssr set size:undefined disposed:false
19 silly fetch manifest @supabase/supabase-js@^2.49.1
20 silly packumentCache full:https://registry.npmjs.org/@supabase%2fsupabase-js cache-miss
21 http fetch GET 200 https://registry.npmjs.org/@supabase%2fsupabase-js 657ms (cache miss)
22 silly packumentCache full:https://registry.npmjs.org/@supabase%2fsupabase-js set size:undefined disposed:false
23 silly fetch manifest lucide-react@^0.468.0
24 silly packumentCache full:https://registry.npmjs.org/lucide-react cache-miss
25 http fetch GET 200 https://registry.npmjs.org/lucide-react 162ms (cache miss)
26 silly packumentCache full:https://registry.npmjs.org/lucide-react set size:undefined disposed:false
27 silly fetch manifest react@^19.0.0
28 silly packumentCache full:https://registry.npmjs.org/react cache-miss
29 http fetch GET 200 https://registry.npmjs.org/react 258ms (cache miss)
30 silly packumentCache full:https://registry.npmjs.org/react set size:undefined disposed:false
31 silly fetch manifest next@^16.0.0
32 silly packumentCache full:https://registry.npmjs.org/next cache-miss
33 http fetch GET 200 https://registry.npmjs.org/next 790ms (cache miss)
34 silly packumentCache full:https://registry.npmjs.org/next set size:undefined disposed:false
35 silly fetch manifest @opentelemetry/api@^1.1.0
36 silly packumentCache full:https://registry.npmjs.org/@opentelemetry%2fapi cache-miss
37 http fetch GET 200 https://registry.npmjs.org/@opentelemetry%2fapi 90ms (cache miss)
38 silly packumentCache full:https://registry.npmjs.org/@opentelemetry%2fapi set size:undefined disposed:false
39 silly fetch manifest @playwright/test@^1.51.1
40 silly packumentCache full:https://registry.npmjs.org/@playwright%2ftest cache-miss
41 http fetch GET 200 https://registry.npmjs.org/@playwright%2ftest 534ms (cache miss)
42 silly packumentCache full:https://registry.npmjs.org/@playwright%2ftest set size:undefined disposed:false
43 silly fetch manifest babel-plugin-react-compiler@*
44 silly packumentCache full:https://registry.npmjs.org/babel-plugin-react-compiler cache-miss
45 http fetch GET 200 https://registry.npmjs.org/babel-plugin-react-compiler 322ms (cache miss)
46 silly packumentCache full:https://registry.npmjs.org/babel-plugin-react-compiler set size:undefined disposed:false
47 silly fetch manifest react-dom@^19.0.0
48 silly packumentCache full:https://registry.npmjs.org/react-dom cache-miss
49 http fetch GET 200 https://registry.npmjs.org/react-dom 395ms (cache miss)
50 silly packumentCache full:https://registry.npmjs.org/react-dom set size:undefined disposed:false
51 silly fetch manifest sass@^1.3.0
52 silly packumentCache full:https://registry.npmjs.org/sass cache-miss
53 http fetch GET 200 https://registry.npmjs.org/sass 147ms (cache miss)
54 silly packumentCache full:https://registry.npmjs.org/sass set size:undefined disposed:false
55 silly fetch manifest zod@^3.24.1
56 silly packumentCache full:https://registry.npmjs.org/zod cache-miss
57 http fetch GET 200 https://registry.npmjs.org/zod 224ms (cache miss)
58 silly packumentCache full:https://registry.npmjs.org/zod set size:undefined disposed:false
59 silly fetch manifest @testing-library/react@^16.1.0
60 silly packumentCache full:https://registry.npmjs.org/@testing-library%2freact cache-miss
61 http fetch GET 200 https://registry.npmjs.org/@testing-library%2freact 567ms (cache miss)
62 silly packumentCache full:https://registry.npmjs.org/@testing-library%2freact set size:undefined disposed:false
63 silly fetch manifest @testing-library/dom@^10.0.0
64 silly packumentCache full:https://registry.npmjs.org/@testing-library%2fdom cache-miss
65 http fetch GET 200 https://registry.npmjs.org/@testing-library%2fdom 589ms (cache miss)
66 silly packumentCache full:https://registry.npmjs.org/@testing-library%2fdom set size:undefined disposed:false
67 silly fetch manifest @types/react@^19.0.1
68 silly packumentCache full:https://registry.npmjs.org/@types%2freact cache-miss
69 http fetch GET 200 https://registry.npmjs.org/@types%2freact 349ms (cache miss)
70 silly packumentCache full:https://registry.npmjs.org/@types%2freact set size:undefined disposed:false
71 silly fetch manifest @types/react-dom@^19.0.1
72 silly packumentCache full:https://registry.npmjs.org/@types%2freact-dom cache-miss
73 http fetch GET 200 https://registry.npmjs.org/@types%2freact-dom 372ms (cache miss)
74 silly packumentCache full:https://registry.npmjs.org/@types%2freact-dom set size:undefined disposed:false
75 silly fetch manifest @types/node@^22.10.2
76 silly packumentCache full:https://registry.npmjs.org/@types%2fnode cache-miss
77 http fetch GET 200 https://registry.npmjs.org/@types%2fnode 389ms (cache miss)
78 silly packumentCache full:https://registry.npmjs.org/@types%2fnode set size:undefined disposed:false
79 silly fetch manifest autoprefixer@^10.4.20
80 silly packumentCache full:https://registry.npmjs.org/autoprefixer cache-miss
81 http fetch GET 200 https://registry.npmjs.org/autoprefixer 366ms (cache miss)
82 silly packumentCache full:https://registry.npmjs.org/autoprefixer set size:undefined disposed:false
83 silly fetch manifest postcss@^8.4.49
84 silly packumentCache full:https://registry.npmjs.org/postcss cache-miss
85 http fetch GET 200 https://registry.npmjs.org/postcss 98ms (cache miss)
86 silly packumentCache full:https://registry.npmjs.org/postcss set size:undefined disposed:false
87 silly fetch manifest eslint@^9.17.0
88 silly packumentCache full:https://registry.npmjs.org/eslint cache-miss
89 http fetch GET 200 https://registry.npmjs.org/eslint 146ms (cache miss)
90 silly packumentCache full:https://registry.npmjs.org/eslint set size:undefined disposed:false
91 silly fetch manifest jiti@*
92 silly packumentCache full:https://registry.npmjs.org/jiti cache-miss
93 http fetch GET 200 https://registry.npmjs.org/jiti 82ms (cache miss)
94 silly packumentCache full:https://registry.npmjs.org/jiti set size:undefined disposed:false
95 silly fetch manifest eslint-config-next@^16.0.0
96 silly packumentCache full:https://registry.npmjs.org/eslint-config-next cache-miss
97 http fetch GET 200 https://registry.npmjs.org/eslint-config-next 372ms (cache miss)
98 silly packumentCache full:https://registry.npmjs.org/eslint-config-next set size:undefined disposed:false
99 silly fetch manifest typescript@^5.7.2
100 silly packumentCache full:https://registry.npmjs.org/typescript cache-miss
101 http fetch GET 200 https://registry.npmjs.org/typescript 611ms (cache miss)
102 silly packumentCache full:https://registry.npmjs.org/typescript set size:undefined disposed:false
103 silly fetch manifest jsdom@^25.0.1
104 silly packumentCache full:https://registry.npmjs.org/jsdom cache-miss
105 http fetch GET 200 https://registry.npmjs.org/jsdom 82ms (cache miss)
106 silly packumentCache full:https://registry.npmjs.org/jsdom set size:undefined disposed:false
107 silly fetch manifest canvas@^2.11.2
108 silly packumentCache full:https://registry.npmjs.org/canvas cache-miss
109 http fetch GET 200 https://registry.npmjs.org/canvas 78ms (cache miss)
110 silly packumentCache full:https://registry.npmjs.org/canvas set size:undefined disposed:false
111 silly fetch manifest tailwindcss@^3.4.17
112 silly packumentCache full:https://registry.npmjs.org/tailwindcss cache-miss
113 http fetch GET 200 https://registry.npmjs.org/tailwindcss 279ms (cache miss)
114 silly packumentCache full:https://registry.npmjs.org/tailwindcss set size:undefined disposed:false
115 silly fetch manifest vitest@^2.1.8
116 silly packumentCache full:https://registry.npmjs.org/vitest cache-miss
117 http fetch GET 200 https://registry.npmjs.org/vitest 162ms (cache miss)
118 silly packumentCache full:https://registry.npmjs.org/vitest set size:undefined disposed:false
119 silly fetch manifest @edge-runtime/vm@*
120 silly packumentCache full:https://registry.npmjs.org/@edge-runtime%2fvm cache-miss
121 http fetch GET 200 https://registry.npmjs.org/@edge-runtime%2fvm 366ms (cache miss)
122 silly packumentCache full:https://registry.npmjs.org/@edge-runtime%2fvm set size:undefined disposed:false
123 silly fetch manifest @vitest/browser@2.1.9
124 silly packumentCache full:https://registry.npmjs.org/@vitest%2fbrowser cache-miss
125 http fetch GET 200 https://registry.npmjs.org/@vitest%2fbrowser 296ms (cache miss)
126 silly packumentCache full:https://registry.npmjs.org/@vitest%2fbrowser set size:undefined disposed:false
127 silly fetch manifest playwright@*
128 silly packumentCache full:https://registry.npmjs.org/playwright cache-miss
129 http fetch GET 200 https://registry.npmjs.org/playwright 640ms (cache miss)
130 silly packumentCache full:https://registry.npmjs.org/playwright set size:undefined disposed:false
131 silly fetch manifest webdriverio@*
132 silly packumentCache full:https://registry.npmjs.org/webdriverio cache-miss
133 http fetch GET 200 https://registry.npmjs.org/webdriverio 167ms (cache miss)
134 silly packumentCache full:https://registry.npmjs.org/webdriverio set size:undefined disposed:false
135 silly fetch manifest puppeteer-core@>=22.x || <=24.x
136 silly packumentCache full:https://registry.npmjs.org/puppeteer-core cache-miss
137 http fetch GET 200 https://registry.npmjs.org/puppeteer-core 163ms (cache miss)
138 silly packumentCache full:https://registry.npmjs.org/puppeteer-core set size:undefined disposed:false
139 silly fetch manifest @vitest/ui@2.1.9
140 silly packumentCache full:https://registry.npmjs.org/@vitest%2fui cache-miss
141 http fetch GET 200 https://registry.npmjs.org/@vitest%2fui 433ms (cache miss)
142 silly packumentCache full:https://registry.npmjs.org/@vitest%2fui set size:undefined disposed:false
143 silly fetch manifest happy-dom@*
144 silly packumentCache full:https://registry.npmjs.org/happy-dom cache-miss
145 http fetch GET 200 https://registry.npmjs.org/happy-dom 205ms (cache miss)
146 silly packumentCache full:https://registry.npmjs.org/happy-dom set size:undefined disposed:false
147 silly placeDep ROOT @supabase/ssr@0.6.1 OK for: ise-project-approval@0.1.0 want: ^0.6.1
148 silly placeDep ROOT @supabase/supabase-js@2.110.7 OK for: @supabase/ssr@0.6.1 want: ^2.43.4
149 silly placeDep ROOT @testing-library/react@16.3.2 OK for: ise-project-approval@0.1.0 want: ^16.1.0
150 silly placeDep ROOT @testing-library/dom@10.4.1 OK for: @testing-library/react@16.3.2 want: ^10.0.0
151 silly placeDep ROOT react@19.2.7 OK for: @testing-library/react@16.3.2 want: ^18.0.0 || ^19.0.0
152 silly placeDep ROOT react-dom@19.2.7 OK for: @testing-library/react@16.3.2 want: ^18.0.0 || ^19.0.0
153 silly placeDep ROOT @types/node@22.20.1 OK for: ise-project-approval@0.1.0 want: ^22.10.2
154 silly placeDep ROOT @types/react@19.2.17 OK for: ise-project-approval@0.1.0 want: ^19.0.1
155 silly placeDep ROOT @types/react-dom@19.2.3 OK for: ise-project-approval@0.1.0 want: ^19.0.1
156 silly placeDep ROOT autoprefixer@10.5.4 OK for: ise-project-approval@0.1.0 want: ^10.4.20
157 silly placeDep ROOT postcss@8.5.19 OK for: autoprefixer@10.5.4 want: ^8.1.0
158 silly placeDep ROOT eslint@9.39.5 OK for: ise-project-approval@0.1.0 want: ^9.17.0
159 silly placeDep ROOT eslint-config-next@16.2.10 OK for: ise-project-approval@0.1.0 want: ^16.0.0
160 silly placeDep ROOT jsdom@25.0.1 OK for: ise-project-approval@0.1.0 want: ^25.0.1
161 silly placeDep ROOT lucide-react@0.468.0 OK for: ise-project-approval@0.1.0 want: ^0.468.0
162 silly placeDep ROOT next@16.2.10 OK for: ise-project-approval@0.1.0 want: ^16.0.0
163 silly placeDep ROOT tailwindcss@3.4.19 OK for: ise-project-approval@0.1.0 want: ^3.4.17
164 silly placeDep ROOT typescript@5.9.3 OK for: ise-project-approval@0.1.0 want: ^5.7.2
165 silly placeDep ROOT vitest@2.1.9 OK for: ise-project-approval@0.1.0 want: ^2.1.8
166 silly placeDep ROOT zod@3.25.76 OK for: ise-project-approval@0.1.0 want: ^3.24.1
167 silly fetch manifest cookie@^1.0.1
168 silly packumentCache full:https://registry.npmjs.org/cookie cache-miss
169 silly fetch manifest @supabase/auth-js@2.110.7
170 silly packumentCache full:https://registry.npmjs.org/@supabase%2fauth-js cache-miss
171 silly fetch manifest @supabase/postgrest-js@2.110.7
172 silly packumentCache full:https://registry.npmjs.org/@supabase%2fpostgrest-js cache-miss
173 silly fetch manifest @supabase/storage-js@2.110.7
174 silly packumentCache full:https://registry.npmjs.org/@supabase%2fstorage-js cache-miss
175 silly fetch manifest @supabase/realtime-js@2.110.7
176 silly packumentCache full:https://registry.npmjs.org/@supabase%2frealtime-js cache-miss
177 silly fetch manifest @supabase/functions-js@2.110.7
178 silly packumentCache full:https://registry.npmjs.org/@supabase%2ffunctions-js cache-miss
179 silly fetch manifest @babel/runtime@^7.12.5
180 silly packumentCache full:https://registry.npmjs.org/@babel%2fruntime cache-miss
181 silly fetch manifest scheduler@^0.27.0
182 silly packumentCache full:https://registry.npmjs.org/scheduler cache-miss
183 silly fetch manifest lz-string@^1.5.0
184 silly packumentCache full:https://registry.npmjs.org/lz-string cache-miss
185 silly fetch manifest aria-query@5.3.0
186 silly packumentCache full:https://registry.npmjs.org/aria-query cache-miss
187 silly fetch manifest picocolors@1.1.1
188 silly packumentCache full:https://registry.npmjs.org/picocolors cache-miss
189 http fetch GET 200 https://registry.npmjs.org/cookie 166ms (cache miss)
190 silly packumentCache full:https://registry.npmjs.org/cookie set size:undefined disposed:false
191 silly fetch manifest pretty-format@^27.0.2
192 silly packumentCache full:https://registry.npmjs.org/pretty-format cache-miss
193 http fetch GET 200 https://registry.npmjs.org/aria-query 204ms (cache miss)
194 silly packumentCache full:https://registry.npmjs.org/aria-query set size:undefined disposed:false
195 silly fetch manifest @babel/runtime@^7.12.5
196 silly packumentCache full:https://registry.npmjs.org/@babel%2fruntime cache-miss
197 http fetch GET 200 https://registry.npmjs.org/picocolors 212ms (cache miss)
198 silly packumentCache full:https://registry.npmjs.org/picocolors set size:undefined disposed:false
199 silly fetch manifest @babel/code-frame@^7.10.4
200 silly packumentCache full:https://registry.npmjs.org/@babel%2fcode-frame cache-miss
201 http fetch GET 200 https://registry.npmjs.org/@babel%2fcode-frame 142ms (cache miss)
202 silly packumentCache full:https://registry.npmjs.org/@babel%2fcode-frame set size:undefined disposed:false
203 silly fetch manifest @types/aria-query@^5.0.1
204 silly packumentCache full:https://registry.npmjs.org/@types%2faria-query cache-miss
205 http fetch GET 200 https://registry.npmjs.org/@babel%2fruntime 436ms (cache miss)
206 silly packumentCache full:https://registry.npmjs.org/@babel%2fruntime set size:undefined disposed:false
207 silly fetch manifest dom-accessibility-api@^0.5.9
208 silly packumentCache full:https://registry.npmjs.org/dom-accessibility-api cache-miss
209 http fetch GET 200 https://registry.npmjs.org/scheduler 531ms (cache miss)
210 silly packumentCache full:https://registry.npmjs.org/scheduler set size:undefined disposed:false
211 silly fetch manifest undici-types@~6.21.0
212 silly packumentCache full:https://registry.npmjs.org/undici-types cache-miss
213 http fetch GET 200 https://registry.npmjs.org/pretty-format 465ms (cache miss)
214 silly packumentCache full:https://registry.npmjs.org/pretty-format set size:undefined disposed:false
215 silly fetch manifest csstype@^3.2.2
216 silly packumentCache full:https://registry.npmjs.org/csstype cache-miss
217 http fetch GET 200 https://registry.npmjs.org/@supabase%2fstorage-js 704ms (cache miss)
218 silly packumentCache full:https://registry.npmjs.org/@supabase%2fstorage-js set size:undefined disposed:false
219 silly fetch manifest picocolors@^1.1.1
220 silly packumentCache full:https://registry.npmjs.org/picocolors cache-miss
221 http fetch GET 200 https://registry.npmjs.org/@babel%2fruntime 540ms (cache miss)
222 silly packumentCache full:https://registry.npmjs.org/@babel%2fruntime set size:undefined disposed:false
223 silly fetch manifest fraction.js@^5.3.4
224 silly packumentCache full:https://registry.npmjs.org/fraction.js cache-miss
225 http fetch GET 200 https://registry.npmjs.org/undici-types 214ms (cache miss)
226 silly packumentCache full:https://registry.npmjs.org/undici-types set size:undefined disposed:false
227 silly fetch manifest browserslist@^4.28.6
228 silly packumentCache full:https://registry.npmjs.org/browserslist cache-miss
229 http fetch GET 200 https://registry.npmjs.org/@supabase%2fauth-js 889ms (cache miss)
230 silly packumentCache full:https://registry.npmjs.org/@supabase%2fauth-js set size:undefined disposed:false
231 silly fetch manifest caniuse-lite@^1.0.30001806
232 silly packumentCache full:https://registry.npmjs.org/caniuse-lite cache-miss
233 http cache https://registry.npmjs.org/picocolors 188ms (cache hit)
234 silly packumentCache full:https://registry.npmjs.org/picocolors set size:16648 disposed:false
235 silly fetch manifest postcss-value-parser@^4.2.0
236 silly packumentCache full:https://registry.npmjs.org/postcss-value-parser cache-miss
237 http fetch GET 200 https://registry.npmjs.org/lz-string 917ms (cache miss)
238 silly packumentCache full:https://registry.npmjs.org/lz-string set size:undefined disposed:false
239 silly fetch manifest nanoid@^3.3.12
240 silly packumentCache full:https://registry.npmjs.org/nanoid cache-miss
241 http fetch GET 200 https://registry.npmjs.org/csstype 290ms (cache miss)
242 silly packumentCache full:https://registry.npmjs.org/csstype set size:undefined disposed:false
243 silly fetch manifest source-map-js@^1.2.1
244 silly packumentCache full:https://registry.npmjs.org/source-map-js cache-miss
245 http fetch GET 200 https://registry.npmjs.org/@types%2faria-query 618ms (cache miss)
246 silly packumentCache full:https://registry.npmjs.org/@types%2faria-query set size:undefined disposed:false
247 silly fetch manifest ajv@^6.14.0
248 silly packumentCache full:https://registry.npmjs.org/ajv cache-miss
249 http fetch GET 200 https://registry.npmjs.org/fraction.js 206ms (cache miss)
250 silly packumentCache full:https://registry.npmjs.org/fraction.js set size:undefined disposed:false
251 silly fetch manifest chalk@^4.0.0
252 silly packumentCache full:https://registry.npmjs.org/chalk cache-miss
253 http fetch GET 200 https://registry.npmjs.org/browserslist 296ms (cache miss)
254 silly packumentCache full:https://registry.npmjs.org/browserslist set size:undefined disposed:false
255 silly fetch manifest debug@^4.3.2
256 silly packumentCache full:https://registry.npmjs.org/debug cache-miss
257 http fetch GET 200 https://registry.npmjs.org/postcss-value-parser 237ms (cache miss)
258 silly packumentCache full:https://registry.npmjs.org/postcss-value-parser set size:undefined disposed:false
259 silly fetch manifest espree@^10.4.0
260 silly packumentCache full:https://registry.npmjs.org/espree cache-miss
261 http fetch GET 200 https://registry.npmjs.org/source-map-js 258ms (cache miss)
262 silly packumentCache full:https://registry.npmjs.org/source-map-js set size:undefined disposed:false
263 silly fetch manifest ignore@^5.2.0
264 silly packumentCache full:https://registry.npmjs.org/ignore cache-miss
265 http fetch GET 200 https://registry.npmjs.org/nanoid 318ms (cache miss)
266 silly packumentCache full:https://registry.npmjs.org/nanoid set size:undefined disposed:false
267 silly fetch manifest esquery@^1.5.0
268 silly packumentCache full:https://registry.npmjs.org/esquery cache-miss
269 http fetch GET 200 https://registry.npmjs.org/chalk 281ms (cache miss)
270 silly packumentCache full:https://registry.npmjs.org/chalk set size:undefined disposed:false
271 silly fetch manifest esutils@^2.0.2
272 silly packumentCache full:https://registry.npmjs.org/esutils cache-miss
273 http fetch GET 200 https://registry.npmjs.org/@supabase%2fpostgrest-js 1361ms (cache miss)
274 silly packumentCache full:https://registry.npmjs.org/@supabase%2fpostgrest-js set size:undefined disposed:false
275 silly fetch manifest find-up@^5.0.0
276 silly packumentCache full:https://registry.npmjs.org/find-up cache-miss
277 http fetch GET 200 https://registry.npmjs.org/debug 256ms (cache miss)
278 silly packumentCache full:https://registry.npmjs.org/debug set size:undefined disposed:false
279 silly fetch manifest is-glob@^4.0.0
280 silly packumentCache full:https://registry.npmjs.org/is-glob cache-miss
281 http fetch GET 200 https://registry.npmjs.org/espree 251ms (cache miss)
282 silly packumentCache full:https://registry.npmjs.org/espree set size:undefined disposed:false
283 silly fetch manifest minimatch@^3.1.5
284 silly packumentCache full:https://registry.npmjs.org/minimatch cache-miss
285 http fetch GET 200 https://registry.npmjs.org/esquery 175ms (cache miss)
286 silly packumentCache full:https://registry.npmjs.org/esquery set size:undefined disposed:false
287 silly fetch manifest @eslint/js@9.39.5
288 silly packumentCache full:https://registry.npmjs.org/@eslint%2fjs cache-miss
289 http fetch GET 200 https://registry.npmjs.org/ignore 246ms (cache miss)
290 silly packumentCache full:https://registry.npmjs.org/ignore set size:undefined disposed:false
291 silly fetch manifest optionator@^0.9.3
292 silly packumentCache full:https://registry.npmjs.org/optionator cache-miss
293 http fetch GET 200 https://registry.npmjs.org/esutils 193ms (cache miss)
294 silly packumentCache full:https://registry.npmjs.org/esutils set size:undefined disposed:false
295 silly fetch manifest cross-spawn@^7.0.6
296 silly packumentCache full:https://registry.npmjs.org/cross-spawn cache-miss
297 http fetch GET 200 https://registry.npmjs.org/dom-accessibility-api 1020ms (cache miss)
298 silly packumentCache full:https://registry.npmjs.org/dom-accessibility-api set size:undefined disposed:false
299 silly fetch manifest glob-parent@^6.0.2
300 silly packumentCache full:https://registry.npmjs.org/glob-parent cache-miss
301 http fetch GET 200 https://registry.npmjs.org/find-up 170ms (cache miss)
302 silly packumentCache full:https://registry.npmjs.org/find-up set size:undefined disposed:false
303 silly fetch manifest imurmurhash@^0.1.4
304 silly packumentCache full:https://registry.npmjs.org/imurmurhash cache-miss
305 http fetch GET 200 https://registry.npmjs.org/is-glob 173ms (cache miss)
306 silly packumentCache full:https://registry.npmjs.org/is-glob set size:undefined disposed:false
307 silly fetch manifest @eslint/core@^0.17.0
308 silly packumentCache full:https://registry.npmjs.org/@eslint%2fcore cache-miss
309 http fetch GET 200 https://registry.npmjs.org/optionator 212ms (cache miss)
310 silly packumentCache full:https://registry.npmjs.org/optionator set size:undefined disposed:false
311 silly fetch manifest eslint-scope@^8.4.0
312 silly packumentCache full:https://registry.npmjs.org/eslint-scope cache-miss
313 http fetch GET 200 https://registry.npmjs.org/@eslint%2fjs 246ms (cache miss)
314 silly packumentCache full:https://registry.npmjs.org/@eslint%2fjs set size:undefined disposed:false
315 silly fetch manifest lodash.merge@^4.6.2
316 silly packumentCache full:https://registry.npmjs.org/lodash.merge cache-miss
317 http fetch GET 200 https://registry.npmjs.org/ajv 728ms (cache miss)
318 silly packumentCache full:https://registry.npmjs.org/ajv set size:undefined disposed:false
319 silly fetch manifest @humanfs/node@^0.16.6
320 silly packumentCache full:https://registry.npmjs.org/@humanfs%2fnode cache-miss
321 http fetch GET 200 https://registry.npmjs.org/minimatch 336ms (cache miss)
322 silly packumentCache full:https://registry.npmjs.org/minimatch set size:undefined disposed:false
323 silly fetch manifest @types/estree@^1.0.6
324 silly packumentCache full:https://registry.npmjs.org/@types%2festree cache-miss
325 http fetch GET 200 https://registry.npmjs.org/glob-parent 274ms (cache miss)
326 silly packumentCache full:https://registry.npmjs.org/glob-parent set size:undefined disposed:false
327 silly fetch manifest fast-deep-equal@^3.1.3
328 silly packumentCache full:https://registry.npmjs.org/fast-deep-equal cache-miss
329 http fetch GET 200 https://registry.npmjs.org/cross-spawn 293ms (cache miss)
330 silly packumentCache full:https://registry.npmjs.org/cross-spawn set size:undefined disposed:false
331 silly fetch manifest natural-compare@^1.4.0
332 silly packumentCache full:https://registry.npmjs.org/natural-compare cache-miss
333 http fetch GET 200 https://registry.npmjs.org/@eslint%2fcore 225ms (cache miss)
334 silly packumentCache full:https://registry.npmjs.org/@eslint%2fcore set size:undefined disposed:false
335 silly fetch manifest @eslint/eslintrc@^3.3.6
336 silly packumentCache full:https://registry.npmjs.org/@eslint%2feslintrc cache-miss
337 http fetch GET 200 https://registry.npmjs.org/lodash.merge 171ms (cache miss)
338 silly packumentCache full:https://registry.npmjs.org/lodash.merge set size:undefined disposed:false
339 silly fetch manifest file-entry-cache@^8.0.0
340 silly packumentCache full:https://registry.npmjs.org/file-entry-cache cache-miss
341 http fetch GET 200 https://registry.npmjs.org/@supabase%2ffunctions-js 1889ms (cache miss)
342 silly packumentCache full:https://registry.npmjs.org/@supabase%2ffunctions-js set size:undefined disposed:false
343 silly fetch manifest @eslint/plugin-kit@^0.4.1
344 silly packumentCache full:https://registry.npmjs.org/@eslint%2fplugin-kit cache-miss
345 http fetch GET 200 https://registry.npmjs.org/@humanfs%2fnode 170ms (cache miss)
346 silly packumentCache full:https://registry.npmjs.org/@humanfs%2fnode set size:undefined disposed:false
347 silly fetch manifest eslint-visitor-keys@^4.2.1
348 silly packumentCache full:https://registry.npmjs.org/eslint-visitor-keys cache-miss
349 http fetch GET 200 https://registry.npmjs.org/caniuse-lite 1062ms (cache miss)
350 silly packumentCache full:https://registry.npmjs.org/caniuse-lite set size:undefined disposed:false
351 silly fetch manifest @eslint/config-array@^0.21.2
352 silly packumentCache full:https://registry.npmjs.org/@eslint%2fconfig-array cache-miss
353 http fetch GET 200 https://registry.npmjs.org/natural-compare 206ms (cache miss)
354 silly packumentCache full:https://registry.npmjs.org/natural-compare set size:undefined disposed:false
355 silly fetch manifest @humanwhocodes/retry@^0.4.2
356 silly packumentCache full:https://registry.npmjs.org/@humanwhocodes%2fretry cache-miss
357 http fetch GET 200 https://registry.npmjs.org/fast-deep-equal 229ms (cache miss)
358 silly packumentCache full:https://registry.npmjs.org/fast-deep-equal set size:undefined disposed:false
359 silly fetch manifest escape-string-regexp@^4.0.0
360 silly packumentCache full:https://registry.npmjs.org/escape-string-regexp cache-miss
361 http fetch GET 200 https://registry.npmjs.org/@types%2festree 260ms (cache miss)
362 silly packumentCache full:https://registry.npmjs.org/@types%2festree set size:undefined disposed:false
363 silly fetch manifest @eslint/config-helpers@^0.4.2
364 silly packumentCache full:https://registry.npmjs.org/@eslint%2fconfig-helpers cache-miss
365 http fetch GET 200 https://registry.npmjs.org/imurmurhash 483ms (cache miss)
366 silly packumentCache full:https://registry.npmjs.org/imurmurhash set size:undefined disposed:false
367 silly fetch manifest @eslint-community/regexpp@^4.12.1
368 silly packumentCache full:https://registry.npmjs.org/@eslint-community%2fregexpp cache-miss
369 http fetch GET 200 https://registry.npmjs.org/file-entry-cache 197ms (cache miss)
370 silly packumentCache full:https://registry.npmjs.org/file-entry-cache set size:undefined disposed:false
371 silly fetch manifest @eslint-community/eslint-utils@^4.8.0
372 silly packumentCache full:https://registry.npmjs.org/@eslint-community%2feslint-utils cache-miss
373 http fetch GET 200 https://registry.npmjs.org/@eslint%2feslintrc 283ms (cache miss)
374 silly packumentCache full:https://registry.npmjs.org/@eslint%2feslintrc set size:undefined disposed:false
375 silly fetch manifest @humanwhocodes/module-importer@^1.0.1
376 silly packumentCache full:https://registry.npmjs.org/@humanwhocodes%2fmodule-importer cache-miss
377 http fetch GET 200 https://registry.npmjs.org/eslint-visitor-keys 210ms (cache miss)
378 silly packumentCache full:https://registry.npmjs.org/eslint-visitor-keys set size:undefined disposed:false
379 silly fetch manifest json-stable-stringify-without-jsonify@^1.0.1
380 silly packumentCache full:https://registry.npmjs.org/json-stable-stringify-without-jsonify cache-miss
381 http fetch GET 200 https://registry.npmjs.org/@eslint%2fplugin-kit 277ms (cache miss)
382 silly packumentCache full:https://registry.npmjs.org/@eslint%2fplugin-kit set size:undefined disposed:false
383 silly fetch manifest globals@16.4.0
384 silly packumentCache full:https://registry.npmjs.org/globals cache-miss
385 http fetch GET 200 https://registry.npmjs.org/eslint-scope 582ms (cache miss)
386 silly packumentCache full:https://registry.npmjs.org/eslint-scope set size:undefined disposed:false
387 silly fetch manifest typescript-eslint@^8.46.0
388 silly packumentCache full:https://registry.npmjs.org/typescript-eslint cache-miss
389 http fetch GET 200 https://registry.npmjs.org/@eslint%2fconfig-array 366ms (cache miss)
390 silly packumentCache full:https://registry.npmjs.org/@eslint%2fconfig-array set size:undefined disposed:false
391 silly fetch manifest eslint-plugin-react@^7.37.0
392 silly packumentCache full:https://registry.npmjs.org/eslint-plugin-react cache-miss
393 http fetch GET 200 https://registry.npmjs.org/@eslint%2fconfig-helpers 362ms (cache miss)
394 silly packumentCache full:https://registry.npmjs.org/@eslint%2fconfig-helpers set size:undefined disposed:false
395 silly fetch manifest eslint-plugin-import@^2.32.0
396 silly packumentCache full:https://registry.npmjs.org/eslint-plugin-import cache-miss
397 http fetch GET 200 https://registry.npmjs.org/@humanwhocodes%2fmodule-importer 305ms (cache miss)
398 silly packumentCache full:https://registry.npmjs.org/@humanwhocodes%2fmodule-importer set size:undefined disposed:false
399 silly fetch manifest eslint-plugin-jsx-a11y@^6.10.0
400 silly packumentCache full:https://registry.npmjs.org/eslint-plugin-jsx-a11y cache-miss
401 http fetch GET 200 https://registry.npmjs.org/@eslint-community%2fregexpp 376ms (cache miss)
402 silly packumentCache full:https://registry.npmjs.org/@eslint-community%2fregexpp set size:undefined disposed:false
403 silly fetch manifest @next/eslint-plugin-next@16.2.10
404 silly packumentCache full:https://registry.npmjs.org/@next%2feslint-plugin-next cache-miss
405 http fetch GET 200 https://registry.npmjs.org/@supabase%2frealtime-js 2449ms (cache miss)
406 silly packumentCache full:https://registry.npmjs.org/@supabase%2frealtime-js set size:undefined disposed:false
407 silly fetch manifest eslint-plugin-react-hooks@^7.0.0
408 silly packumentCache full:https://registry.npmjs.org/eslint-plugin-react-hooks cache-miss
409 http fetch GET 200 https://registry.npmjs.org/@eslint-community%2feslint-utils 407ms (cache miss)
410 silly packumentCache full:https://registry.npmjs.org/@eslint-community%2feslint-utils set size:undefined disposed:false
411 silly fetch manifest eslint-import-resolver-node@^0.3.6
412 silly packumentCache full:https://registry.npmjs.org/eslint-import-resolver-node cache-miss
413 http fetch GET 200 https://registry.npmjs.org/json-stable-stringify-without-jsonify 362ms (cache miss)
414 silly packumentCache full:https://registry.npmjs.org/json-stable-stringify-without-jsonify set size:undefined disposed:false
415 silly fetch manifest eslint-import-resolver-typescript@^3.5.2
416 silly packumentCache full:https://registry.npmjs.org/eslint-import-resolver-typescript cache-miss
417 http fetch GET 200 https://registry.npmjs.org/escape-string-regexp 485ms (cache miss)
418 silly packumentCache full:https://registry.npmjs.org/escape-string-regexp set size:undefined disposed:false
419 silly fetch manifest ws@^8.18.0
420 silly packumentCache full:https://registry.npmjs.org/ws cache-miss
421 http fetch GET 200 https://registry.npmjs.org/@humanwhocodes%2fretry 504ms (cache miss)
422 silly packumentCache full:https://registry.npmjs.org/@humanwhocodes%2fretry set size:undefined disposed:false
423 silly fetch manifest saxes@^6.0.0
424 silly packumentCache full:https://registry.npmjs.org/saxes cache-miss
425 http fetch GET 200 https://registry.npmjs.org/globals 330ms (cache miss)
426 silly packumentCache full:https://registry.npmjs.org/globals set size:undefined disposed:false
427 silly fetch manifest nwsapi@^2.2.12
428 silly packumentCache full:https://registry.npmjs.org/nwsapi cache-miss
429 http fetch GET 200 https://registry.npmjs.org/eslint-plugin-jsx-a11y 210ms (cache miss)
430 silly packumentCache full:https://registry.npmjs.org/eslint-plugin-jsx-a11y set size:undefined disposed:false
431 silly fetch manifest parse5@^7.1.2
432 silly packumentCache full:https://registry.npmjs.org/parse5 cache-miss
433 http fetch GET 200 https://registry.npmjs.org/eslint-plugin-react 318ms (cache miss)
434 silly packumentCache full:https://registry.npmjs.org/eslint-plugin-react set size:undefined disposed:false
435 silly fetch manifest cssstyle@^4.1.0
436 silly packumentCache full:https://registry.npmjs.org/cssstyle cache-miss
437 http fetch GET 200 https://registry.npmjs.org/eslint-import-resolver-node 225ms (cache miss)
438 silly packumentCache full:https://registry.npmjs.org/eslint-import-resolver-node set size:undefined disposed:false
439 silly fetch manifest data-urls@^5.0.0
440 silly packumentCache full:https://registry.npmjs.org/data-urls cache-miss
441 http fetch GET 200 https://registry.npmjs.org/saxes 237ms (cache miss)
442 silly packumentCache full:https://registry.npmjs.org/saxes set size:undefined disposed:false
443 silly fetch manifest form-data@^4.0.0
444 silly packumentCache full:https://registry.npmjs.org/form-data cache-miss
445 http fetch GET 200 https://registry.npmjs.org/eslint-import-resolver-typescript 256ms (cache miss)
446 silly packumentCache full:https://registry.npmjs.org/eslint-import-resolver-typescript set size:undefined disposed:false
447 silly fetch manifest decimal.js@^10.4.3
448 silly packumentCache full:https://registry.npmjs.org/decimal.js cache-miss
449 http fetch GET 200 https://registry.npmjs.org/eslint-plugin-import 430ms (cache miss)
450 silly packumentCache full:https://registry.npmjs.org/eslint-plugin-import set size:undefined disposed:false
451 silly fetch manifest whatwg-url@^14.0.0
452 silly packumentCache full:https://registry.npmjs.org/whatwg-url cache-miss
453 http fetch GET 200 https://registry.npmjs.org/decimal.js 104ms (cache miss)
454 silly packumentCache full:https://registry.npmjs.org/decimal.js set size:undefined disposed:false
455 silly fetch manifest rrweb-cssom@^0.7.1
456 silly packumentCache full:https://registry.npmjs.org/rrweb-cssom cache-miss
457 http fetch GET 200 https://registry.npmjs.org/ws 373ms (cache miss)
458 silly packumentCache full:https://registry.npmjs.org/ws set size:undefined disposed:false
459 silly fetch manifest symbol-tree@^3.2.4
460 silly packumentCache full:https://registry.npmjs.org/symbol-tree cache-miss
461 http fetch GET 200 https://registry.npmjs.org/nwsapi 352ms (cache miss)
462 silly packumentCache full:https://registry.npmjs.org/nwsapi set size:undefined disposed:false
463 silly fetch manifest tough-cookie@^5.0.0
464 silly packumentCache full:https://registry.npmjs.org/tough-cookie cache-miss
465 http fetch GET 200 https://registry.npmjs.org/whatwg-url 107ms (cache miss)
466 silly packumentCache full:https://registry.npmjs.org/whatwg-url set size:undefined disposed:false
467 silly fetch manifest whatwg-encoding@^3.1.1
468 silly packumentCache full:https://registry.npmjs.org/whatwg-encoding cache-miss
469 http fetch GET 200 https://registry.npmjs.org/typescript-eslint 737ms (cache miss)
470 silly packumentCache full:https://registry.npmjs.org/typescript-eslint set size:undefined disposed:false
471 silly fetch manifest whatwg-mimetype@^4.0.0
472 silly packumentCache full:https://registry.npmjs.org/whatwg-mimetype cache-miss
473 http fetch GET 200 https://registry.npmjs.org/whatwg-encoding 137ms (cache miss)
474 silly packumentCache full:https://registry.npmjs.org/whatwg-encoding set size:undefined disposed:false
475 silly fetch manifest http-proxy-agent@^7.0.2
476 silly packumentCache full:https://registry.npmjs.org/http-proxy-agent cache-miss
477 http fetch GET 200 https://registry.npmjs.org/parse5 566ms (cache miss)
478 silly packumentCache full:https://registry.npmjs.org/parse5 set size:undefined disposed:false
479 silly fetch manifest https-proxy-agent@^7.0.5
480 silly packumentCache full:https://registry.npmjs.org/https-proxy-agent cache-miss
481 http fetch GET 200 https://registry.npmjs.org/form-data 490ms (cache miss)
482 silly packumentCache full:https://registry.npmjs.org/form-data set size:undefined disposed:false
483 silly fetch manifest w3c-xmlserializer@^5.0.0
484 silly packumentCache full:https://registry.npmjs.org/w3c-xmlserializer cache-miss
485 http fetch GET 200 https://registry.npmjs.org/cssstyle 635ms (cache miss)
486 silly packumentCache full:https://registry.npmjs.org/cssstyle set size:undefined disposed:false
487 silly fetch manifest webidl-conversions@^7.0.0
488 silly packumentCache full:https://registry.npmjs.org/webidl-conversions cache-miss
489 http fetch GET 200 https://registry.npmjs.org/rrweb-cssom 478ms (cache miss)
490 silly packumentCache full:https://registry.npmjs.org/rrweb-cssom set size:undefined disposed:false
491 silly fetch manifest xml-name-validator@^5.0.0
492 silly packumentCache full:https://registry.npmjs.org/xml-name-validator cache-miss
493 http fetch GET 200 https://registry.npmjs.org/tough-cookie 439ms (cache miss)
494 silly packumentCache full:https://registry.npmjs.org/tough-cookie set size:undefined disposed:false
495 silly fetch manifest html-encoding-sniffer@^4.0.0
496 silly packumentCache full:https://registry.npmjs.org/html-encoding-sniffer cache-miss
497 http fetch GET 200 https://registry.npmjs.org/symbol-tree 485ms (cache miss)
498 silly packumentCache full:https://registry.npmjs.org/symbol-tree set size:undefined disposed:false
499 silly fetch manifest is-potential-custom-element-name@^1.0.1
500 silly packumentCache full:https://registry.npmjs.org/is-potential-custom-element-name cache-miss
501 http fetch GET 200 https://registry.npmjs.org/https-proxy-agent 156ms (cache miss)
502 silly packumentCache full:https://registry.npmjs.org/https-proxy-agent set size:undefined disposed:false
503 silly fetch manifest postcss@8.4.31
504 silly packumentCache full:https://registry.npmjs.org/postcss cache-miss
505 http fetch GET 200 https://registry.npmjs.org/whatwg-mimetype 372ms (cache miss)
506 silly packumentCache full:https://registry.npmjs.org/whatwg-mimetype set size:undefined disposed:false
507 silly fetch manifest @next/env@16.2.10
508 silly packumentCache full:https://registry.npmjs.org/@next%2fenv cache-miss
509 http fetch GET 200 https://registry.npmjs.org/xml-name-validator 111ms (cache miss)
510 silly packumentCache full:https://registry.npmjs.org/xml-name-validator set size:undefined disposed:false
511 silly fetch manifest styled-jsx@5.1.6
512 silly packumentCache full:https://registry.npmjs.org/styled-jsx cache-miss
513 http fetch GET 200 https://registry.npmjs.org/webidl-conversions 132ms (cache miss)
514 silly packumentCache full:https://registry.npmjs.org/webidl-conversions set size:undefined disposed:false
515 silly fetch manifest @swc/helpers@0.5.15
516 silly packumentCache full:https://registry.npmjs.org/@swc%2fhelpers cache-miss
517 http cache https://registry.npmjs.org/postcss 96ms (cache hit)
518 silly packumentCache full:https://registry.npmjs.org/postcss set size:736604 disposed:false
519 silly fetch manifest caniuse-lite@^1.0.30001579
520 silly packumentCache full:https://registry.npmjs.org/caniuse-lite cache-miss
521 http fetch GET 200 https://registry.npmjs.org/http-proxy-agent 455ms (cache miss)
522 silly packumentCache full:https://registry.npmjs.org/http-proxy-agent set size:undefined disposed:false
523 silly fetch manifest baseline-browser-mapping@^2.9.19
524 silly packumentCache full:https://registry.npmjs.org/baseline-browser-mapping cache-miss
525 http cache https://registry.npmjs.org/caniuse-lite 109ms (cache hit)
526 silly packumentCache full:https://registry.npmjs.org/caniuse-lite set size:2306880 disposed:false
527 silly fetch manifest sharp@^0.34.5
528 silly packumentCache full:https://registry.npmjs.org/sharp cache-miss
529 http fetch GET 200 https://registry.npmjs.org/eslint-plugin-react-hooks 1231ms (cache miss)
530 silly packumentCache full:https://registry.npmjs.org/eslint-plugin-react-hooks set size:undefined disposed:false
531 silly fetch manifest @next/swc-darwin-x64@16.2.10
532 silly packumentCache full:https://registry.npmjs.org/@next%2fswc-darwin-x64 cache-miss
533 http fetch GET 200 https://registry.npmjs.org/w3c-xmlserializer 541ms (cache miss)
534 silly packumentCache full:https://registry.npmjs.org/w3c-xmlserializer set size:undefined disposed:false
535 silly fetch manifest @next/swc-darwin-arm64@16.2.10
536 silly packumentCache full:https://registry.npmjs.org/@next%2fswc-darwin-arm64 cache-miss
537 http fetch GET 200 https://registry.npmjs.org/is-potential-custom-element-name 451ms (cache miss)
538 silly packumentCache full:https://registry.npmjs.org/is-potential-custom-element-name set size:undefined disposed:false
539 silly fetch manifest @next/swc-linux-x64-gnu@16.2.10
540 silly packumentCache full:https://registry.npmjs.org/@next%2fswc-linux-x64-gnu cache-miss
541 http fetch GET 200 https://registry.npmjs.org/html-encoding-sniffer 498ms (cache miss)
542 silly packumentCache full:https://registry.npmjs.org/html-encoding-sniffer set size:undefined disposed:false
543 silly fetch manifest @next/swc-linux-x64-musl@16.2.10
544 silly packumentCache full:https://registry.npmjs.org/@next%2fswc-linux-x64-musl cache-miss
545 http fetch GET 200 https://registry.npmjs.org/data-urls 1162ms (cache miss)
546 silly packumentCache full:https://registry.npmjs.org/data-urls set size:undefined disposed:false
547 silly fetch manifest @next/swc-win32-x64-msvc@16.2.10
548 silly packumentCache full:https://registry.npmjs.org/@next%2fswc-win32-x64-msvc cache-miss
549 http fetch GET 200 https://registry.npmjs.org/baseline-browser-mapping 338ms (cache miss)
550 silly packumentCache full:https://registry.npmjs.org/baseline-browser-mapping set size:undefined disposed:false
551 silly fetch manifest @next/swc-linux-arm64-gnu@16.2.10
552 silly packumentCache full:https://registry.npmjs.org/@next%2fswc-linux-arm64-gnu cache-miss
553 http fetch GET 200 https://registry.npmjs.org/styled-jsx 464ms (cache miss)
554 silly packumentCache full:https://registry.npmjs.org/styled-jsx set size:undefined disposed:false
555 silly fetch manifest @next/swc-linux-arm64-musl@16.2.10
556 silly packumentCache full:https://registry.npmjs.org/@next%2fswc-linux-arm64-musl cache-miss
557 http fetch GET 200 https://registry.npmjs.org/@swc%2fhelpers 493ms (cache miss)
558 silly packumentCache full:https://registry.npmjs.org/@swc%2fhelpers set size:undefined disposed:false
559 silly fetch manifest @next/swc-win32-arm64-msvc@16.2.10
560 silly packumentCache full:https://registry.npmjs.org/@next%2fswc-win32-arm64-msvc cache-miss
561 http fetch GET 200 https://registry.npmjs.org/sharp 378ms (cache miss)
562 silly packumentCache full:https://registry.npmjs.org/sharp set size:undefined disposed:false
563 silly fetch manifest arg@^5.0.2
564 silly packumentCache full:https://registry.npmjs.org/arg cache-miss
565 http fetch GET 200 https://registry.npmjs.org/arg 103ms (cache miss)
566 silly packumentCache full:https://registry.npmjs.org/arg set size:undefined disposed:false
567 silly fetch manifest dlv@^1.1.3
568 silly packumentCache full:https://registry.npmjs.org/dlv cache-miss
569 http fetch GET 200 https://registry.npmjs.org/dlv 212ms (cache miss)
570 silly packumentCache full:https://registry.npmjs.org/dlv set size:undefined disposed:false
571 silly fetch manifest jiti@^1.21.7
572 silly packumentCache full:https://registry.npmjs.org/jiti cache-miss
573 http fetch GET 200 https://registry.npmjs.org/@next%2feslint-plugin-next 1982ms (cache miss)
574 silly packumentCache full:https://registry.npmjs.org/@next%2feslint-plugin-next set size:undefined disposed:false
575 silly fetch manifest is-glob@^4.0.3
576 silly packumentCache full:https://registry.npmjs.org/is-glob cache-miss
577 http cache https://registry.npmjs.org/jiti 158ms (cache hit)
578 silly packumentCache full:https://registry.npmjs.org/jiti set size:387989 disposed:false
579 silly fetch manifest resolve@^1.22.8
580 silly packumentCache full:https://registry.npmjs.org/resolve cache-miss
581 http cache https://registry.npmjs.org/is-glob 95ms (cache hit)
582 silly packumentCache full:https://registry.npmjs.org/is-glob set size:40530 disposed:false
583 silly fetch manifest sucrase@^3.35.0
584 silly packumentCache full:https://registry.npmjs.org/sucrase cache-miss
585 http fetch GET 200 https://registry.npmjs.org/resolve 143ms (cache miss)
586 silly packumentCache full:https://registry.npmjs.org/resolve set size:undefined disposed:false
587 silly fetch manifest chokidar@^3.6.0
588 silly packumentCache full:https://registry.npmjs.org/chokidar cache-miss
589 http fetch GET 200 https://registry.npmjs.org/chokidar 160ms (cache miss)
590 silly packumentCache full:https://registry.npmjs.org/chokidar set size:undefined disposed:false
591 silly fetch manifest fast-glob@^3.3.2
592 silly packumentCache full:https://registry.npmjs.org/fast-glob cache-miss
593 http fetch GET 200 https://registry.npmjs.org/@next%2fswc-linux-x64-gnu 1132ms (cache miss)
594 silly packumentCache full:https://registry.npmjs.org/@next%2fswc-linux-x64-gnu set size:undefined disposed:false
595 silly fetch manifest lilconfig@^3.1.3
596 silly packumentCache full:https://registry.npmjs.org/lilconfig cache-miss
597 http fetch GET 200 https://registry.npmjs.org/fast-glob 239ms (cache miss)
598 silly packumentCache full:https://registry.npmjs.org/fast-glob set size:undefined disposed:false
599 silly fetch manifest didyoumean@^1.2.2
600 silly packumentCache full:https://registry.npmjs.org/didyoumean cache-miss
601 http fetch GET 200 https://registry.npmjs.org/@next%2fswc-linux-arm64-gnu 1261ms (cache miss)
602 silly packumentCache full:https://registry.npmjs.org/@next%2fswc-linux-arm64-gnu set size:undefined disposed:false
603 silly fetch manifest micromatch@^4.0.8
604 silly packumentCache full:https://registry.npmjs.org/micromatch cache-miss
605 http fetch GET 200 https://registry.npmjs.org/lilconfig 302ms (cache miss)
606 silly packumentCache full:https://registry.npmjs.org/lilconfig set size:undefined disposed:false
607 silly fetch manifest postcss-js@^4.0.1
608 silly packumentCache full:https://registry.npmjs.org/postcss-js cache-miss
609 http fetch GET 200 https://registry.npmjs.org/micromatch 154ms (cache miss)
610 silly packumentCache full:https://registry.npmjs.org/micromatch set size:undefined disposed:false
611 silly fetch manifest object-hash@^3.0.0
612 silly packumentCache full:https://registry.npmjs.org/object-hash cache-miss
613 http fetch GET 200 https://registry.npmjs.org/@next%2fenv 2030ms (cache miss)
614 silly packumentCache full:https://registry.npmjs.org/@next%2fenv set size:undefined disposed:false
615 silly fetch manifest normalize-path@^3.0.0
616 silly packumentCache full:https://registry.npmjs.org/normalize-path cache-miss
617 http fetch GET 200 https://registry.npmjs.org/didyoumean 433ms (cache miss)
618 silly packumentCache full:https://registry.npmjs.org/didyoumean set size:undefined disposed:false
619 silly fetch manifest postcss-import@^15.1.0
620 silly packumentCache full:https://registry.npmjs.org/postcss-import cache-miss
621 http fetch GET 200 https://registry.npmjs.org/@next%2fswc-linux-x64-musl 1748ms (cache miss)
622 silly packumentCache full:https://registry.npmjs.org/@next%2fswc-linux-x64-musl set size:undefined disposed:false
623 silly fetch manifest postcss-nested@^6.2.0
624 silly packumentCache full:https://registry.npmjs.org/postcss-nested cache-miss
625 http fetch GET 200 https://registry.npmjs.org/@next%2fswc-darwin-x64 1906ms (cache miss)
626 silly packumentCache full:https://registry.npmjs.org/@next%2fswc-darwin-x64 set size:undefined disposed:false
627 silly fetch manifest @alloc/quick-lru@^5.2.0
628 silly packumentCache full:https://registry.npmjs.org/@alloc%2fquick-lru cache-miss
629 http fetch GET 200 https://registry.npmjs.org/@next%2fswc-darwin-arm64 2012ms (cache miss)
630 silly packumentCache full:https://registry.npmjs.org/@next%2fswc-darwin-arm64 set size:undefined disposed:false
631 silly fetch manifest postcss-load-config@^4.0.2 || ^5.0 || ^6.0
632 silly packumentCache full:https://registry.npmjs.org/postcss-load-config cache-miss
633 http fetch GET 200 https://registry.npmjs.org/@next%2fswc-win32-x64-msvc 2098ms (cache miss)
634 silly packumentCache full:https://registry.npmjs.org/@next%2fswc-win32-x64-msvc set size:undefined disposed:false
635 silly fetch manifest postcss-selector-parser@^6.1.2
636 silly packumentCache full:https://registry.npmjs.org/postcss-selector-parser cache-miss
637 http fetch GET 200 https://registry.npmjs.org/object-hash 664ms (cache miss)
638 silly packumentCache full:https://registry.npmjs.org/object-hash set size:undefined disposed:false
639 silly fetch manifest chai@^5.1.2
640 silly packumentCache full:https://registry.npmjs.org/chai cache-miss
641 http fetch GET 200 https://registry.npmjs.org/postcss-js 821ms (cache miss)
642 silly packumentCache full:https://registry.npmjs.org/postcss-js set size:undefined disposed:false
643 silly fetch manifest vite@^5.0.0
644 silly packumentCache full:https://registry.npmjs.org/vite cache-miss
645 http fetch GET 200 https://registry.npmjs.org/postcss-import 713ms (cache miss)
646 silly packumentCache full:https://registry.npmjs.org/postcss-import set size:undefined disposed:false
647 silly fetch manifest debug@^4.3.7
648 silly packumentCache full:https://registry.npmjs.org/debug cache-miss
649 http fetch GET 200 https://registry.npmjs.org/normalize-path 764ms (cache miss)
650 silly packumentCache full:https://registry.npmjs.org/normalize-path set size:undefined disposed:false
651 silly fetch manifest pathe@^1.1.2
652 silly packumentCache full:https://registry.npmjs.org/pathe cache-miss
653 http fetch GET 200 https://registry.npmjs.org/@alloc%2fquick-lru 568ms (cache miss)
654 silly packumentCache full:https://registry.npmjs.org/@alloc%2fquick-lru set size:undefined disposed:false
655 silly fetch manifest std-env@^3.8.0
656 silly packumentCache full:https://registry.npmjs.org/std-env cache-miss
657 http fetch GET 200 https://registry.npmjs.org/postcss-nested 690ms (cache miss)
658 silly packumentCache full:https://registry.npmjs.org/postcss-nested set size:undefined disposed:false
659 silly fetch manifest tinyexec@^0.3.1
660 silly packumentCache full:https://registry.npmjs.org/tinyexec cache-miss
661 http fetch GET 200 https://registry.npmjs.org/postcss-load-config 460ms (cache miss)
662 silly packumentCache full:https://registry.npmjs.org/postcss-load-config set size:undefined disposed:false
663 silly fetch manifest tinypool@^1.0.1
664 silly packumentCache full:https://registry.npmjs.org/tinypool cache-miss
665 http fetch GET 200 https://registry.npmjs.org/sucrase 1830ms (cache miss)
666 silly packumentCache full:https://registry.npmjs.org/sucrase set size:undefined disposed:false
667 silly fetch manifest tinybench@^2.9.0
668 silly packumentCache full:https://registry.npmjs.org/tinybench cache-miss
669 http fetch GET 200 https://registry.npmjs.org/@next%2fswc-win32-arm64-msvc 2459ms (cache miss)
670 silly packumentCache full:https://registry.npmjs.org/@next%2fswc-win32-arm64-msvc set size:undefined disposed:false
671 silly fetch manifest vite-node@2.1.9
672 silly packumentCache full:https://registry.npmjs.org/vite-node cache-miss
673 http fetch GET 200 https://registry.npmjs.org/postcss-selector-parser 436ms (cache miss)
674 silly packumentCache full:https://registry.npmjs.org/postcss-selector-parser set size:undefined disposed:false
675 silly fetch manifest @vitest/spy@2.1.9
676 silly packumentCache full:https://registry.npmjs.org/@vitest%2fspy cache-miss
677 http fetch GET 200 https://registry.npmjs.org/chai 446ms (cache miss)
678 silly packumentCache full:https://registry.npmjs.org/chai set size:undefined disposed:false
679 silly fetch manifest expect-type@^1.1.0
680 silly packumentCache full:https://registry.npmjs.org/expect-type cache-miss
681 http cache https://registry.npmjs.org/debug 295ms (cache hit)
682 silly packumentCache full:https://registry.npmjs.org/debug set size:195840 disposed:false
683 silly fetch manifest tinyrainbow@^1.2.0
684 silly packumentCache full:https://registry.npmjs.org/tinyrainbow cache-miss
685 http fetch GET 200 https://registry.npmjs.org/pathe 326ms (cache miss)
686 silly packumentCache full:https://registry.npmjs.org/pathe set size:undefined disposed:false
687 silly fetch manifest magic-string@^0.30.12
688 silly packumentCache full:https://registry.npmjs.org/magic-string cache-miss
689 http fetch GET 200 https://registry.npmjs.org/std-env 339ms (cache miss)
690 silly packumentCache full:https://registry.npmjs.org/std-env set size:undefined disposed:false
691 silly fetch manifest @vitest/utils@2.1.9
692 silly packumentCache full:https://registry.npmjs.org/@vitest%2futils cache-miss
693 http fetch GET 200 https://registry.npmjs.org/@next%2fswc-linux-arm64-musl 2755ms (cache miss)
694 silly packumentCache full:https://registry.npmjs.org/@next%2fswc-linux-arm64-musl set size:undefined disposed:false
695 silly fetch manifest @vitest/expect@2.1.9
696 silly packumentCache full:https://registry.npmjs.org/@vitest%2fexpect cache-miss
697 http fetch GET 200 https://registry.npmjs.org/expect-type 232ms (cache miss)
698 silly packumentCache full:https://registry.npmjs.org/expect-type set size:undefined disposed:false
699 silly fetch manifest @vitest/mocker@2.1.9
700 silly packumentCache full:https://registry.npmjs.org/@vitest%2fmocker cache-miss
701 http fetch GET 200 https://registry.npmjs.org/tinypool 448ms (cache miss)
702 silly packumentCache full:https://registry.npmjs.org/tinypool set size:undefined disposed:false
703 silly fetch manifest @vitest/runner@2.1.9
704 silly packumentCache full:https://registry.npmjs.org/@vitest%2frunner cache-miss
705 http fetch GET 200 https://registry.npmjs.org/tinybench 422ms (cache miss)
706 silly packumentCache full:https://registry.npmjs.org/tinybench set size:undefined disposed:false
707 silly fetch manifest @vitest/snapshot@2.1.9
708 silly packumentCache full:https://registry.npmjs.org/@vitest%2fsnapshot cache-miss
709 http fetch GET 200 https://registry.npmjs.org/@vitest%2fspy 312ms (cache miss)
710 silly packumentCache full:https://registry.npmjs.org/@vitest%2fspy set size:undefined disposed:false
711 silly fetch manifest why-is-node-running@^2.3.0
712 silly packumentCache full:https://registry.npmjs.org/why-is-node-running cache-miss
713 http fetch GET 200 https://registry.npmjs.org/magic-string 231ms (cache miss)
714 silly packumentCache full:https://registry.npmjs.org/magic-string set size:undefined disposed:false
715 silly fetch manifest @vitest/pretty-format@^2.1.9
716 silly packumentCache full:https://registry.npmjs.org/@vitest%2fpretty-format cache-miss
717 http fetch GET 200 https://registry.npmjs.org/vite-node 429ms (cache miss)
718 silly packumentCache full:https://registry.npmjs.org/vite-node set size:undefined disposed:false
719 http fetch GET 200 https://registry.npmjs.org/@vitest%2fpretty-format 125ms (cache miss)
720 silly packumentCache full:https://registry.npmjs.org/@vitest%2fpretty-format set size:undefined disposed:false
721 http fetch GET 200 https://registry.npmjs.org/tinyrainbow 562ms (cache miss)
722 silly packumentCache full:https://registry.npmjs.org/tinyrainbow set size:undefined disposed:false
723 http fetch GET 200 https://registry.npmjs.org/@vitest%2frunner 400ms (cache miss)
724 silly packumentCache full:https://registry.npmjs.org/@vitest%2frunner set size:undefined disposed:false
725 http fetch GET 200 https://registry.npmjs.org/@vitest%2fexpect 507ms (cache miss)
726 silly packumentCache full:https://registry.npmjs.org/@vitest%2fexpect set size:undefined disposed:false
727 http fetch GET 200 https://registry.npmjs.org/@vitest%2fmocker 480ms (cache miss)
728 silly packumentCache full:https://registry.npmjs.org/@vitest%2fmocker set size:undefined disposed:false
729 http fetch GET 200 https://registry.npmjs.org/@vitest%2fsnapshot 464ms (cache miss)
730 silly packumentCache full:https://registry.npmjs.org/@vitest%2fsnapshot set size:undefined disposed:false
731 http fetch GET 200 https://registry.npmjs.org/why-is-node-running 466ms (cache miss)
732 silly packumentCache full:https://registry.npmjs.org/why-is-node-running set size:undefined disposed:false
733 http fetch GET 200 https://registry.npmjs.org/@vitest%2futils 678ms (cache miss)
734 silly packumentCache full:https://registry.npmjs.org/@vitest%2futils set size:undefined disposed:false
735 http fetch GET 200 https://registry.npmjs.org/tinyexec 1591ms (cache miss)
736 silly packumentCache full:https://registry.npmjs.org/tinyexec set size:undefined disposed:false
737 http fetch GET 200 https://registry.npmjs.org/vite 1971ms (cache miss)
738 silly packumentCache full:https://registry.npmjs.org/vite set size:undefined disposed:false
739 silly placeDep ROOT cookie@1.1.1 OK for: @supabase/ssr@0.6.1 want: ^1.0.1
740 silly placeDep ROOT @supabase/auth-js@2.110.7 OK for: @supabase/supabase-js@2.110.7 want: 2.110.7
741 silly placeDep ROOT @supabase/functions-js@2.110.7 OK for: @supabase/supabase-js@2.110.7 want: 2.110.7
742 silly placeDep ROOT @supabase/postgrest-js@2.110.7 OK for: @supabase/supabase-js@2.110.7 want: 2.110.7
743 silly placeDep ROOT @supabase/realtime-js@2.110.7 OK for: @supabase/supabase-js@2.110.7 want: 2.110.7
744 silly placeDep ROOT @supabase/storage-js@2.110.7 OK for: @supabase/supabase-js@2.110.7 want: 2.110.7
745 silly fetch manifest tslib@2.8.1
746 silly packumentCache full:https://registry.npmjs.org/tslib cache-miss
747 silly fetch manifest tslib@2.8.1
748 silly packumentCache full:https://registry.npmjs.org/tslib cache-miss
749 silly fetch manifest tslib@2.8.1
750 silly packumentCache full:https://registry.npmjs.org/tslib cache-miss
751 silly fetch manifest @supabase/phoenix@0.4.5
752 silly packumentCache full:https://registry.npmjs.org/@supabase%2fphoenix cache-miss
753 silly fetch manifest tslib@2.8.1
754 silly packumentCache full:https://registry.npmjs.org/tslib cache-miss
755 silly fetch manifest iceberg-js@^0.8.1
756 silly packumentCache full:https://registry.npmjs.org/iceberg-js cache-miss
757 silly fetch manifest tslib@2.8.1
758 silly packumentCache full:https://registry.npmjs.org/tslib cache-miss
759 http fetch GET 200 https://registry.npmjs.org/tslib 104ms (cache miss)
760 silly packumentCache full:https://registry.npmjs.org/tslib set size:undefined disposed:false
761 http fetch GET 200 https://registry.npmjs.org/tslib 114ms (cache miss)
762 silly packumentCache full:https://registry.npmjs.org/tslib set size:undefined disposed:false
763 http fetch GET 200 https://registry.npmjs.org/tslib 113ms (cache miss)
764 silly packumentCache full:https://registry.npmjs.org/tslib set size:undefined disposed:false
765 http fetch GET 200 https://registry.npmjs.org/tslib 118ms (cache miss)
766 silly packumentCache full:https://registry.npmjs.org/tslib set size:undefined disposed:false
767 http fetch GET 200 https://registry.npmjs.org/tslib 128ms (cache miss)
768 silly packumentCache full:https://registry.npmjs.org/tslib set size:undefined disposed:false
769 http fetch GET 200 https://registry.npmjs.org/iceberg-js 359ms (cache miss)
770 silly packumentCache full:https://registry.npmjs.org/iceberg-js set size:undefined disposed:false
771 http fetch GET 200 https://registry.npmjs.org/@supabase%2fphoenix 783ms (cache miss)
772 silly packumentCache full:https://registry.npmjs.org/@supabase%2fphoenix set size:undefined disposed:false
773 silly placeDep ROOT tslib@2.8.1 OK for: @supabase/auth-js@2.110.7 want: 2.8.1
774 silly placeDep ROOT @supabase/phoenix@0.4.5 OK for: @supabase/realtime-js@2.110.7 want: 0.4.5
775 silly placeDep ROOT iceberg-js@0.8.1 OK for: @supabase/storage-js@2.110.7 want: ^0.8.1
776 silly placeDep ROOT @babel/code-frame@7.29.7 OK for: @testing-library/dom@10.4.1 want: ^7.10.4
777 silly placeDep ROOT @babel/runtime@7.29.7 OK for: @testing-library/dom@10.4.1 want: ^7.12.5
778 silly placeDep ROOT @types/aria-query@5.0.4 OK for: @testing-library/dom@10.4.1 want: ^5.0.1
779 silly placeDep ROOT aria-query@5.3.0 OK for: @testing-library/dom@10.4.1 want: 5.3.0
780 silly placeDep ROOT dom-accessibility-api@0.5.16 OK for: @testing-library/dom@10.4.1 want: ^0.5.9
781 silly placeDep ROOT lz-string@1.5.0 OK for: @testing-library/dom@10.4.1 want: ^1.5.0
782 silly placeDep ROOT picocolors@1.1.1 OK for: @testing-library/dom@10.4.1 want: 1.1.1
783 silly placeDep ROOT pretty-format@27.5.1 OK for: @testing-library/dom@10.4.1 want: ^27.0.2
784 silly fetch manifest js-tokens@^4.0.0
785 silly packumentCache full:https://registry.npmjs.org/js-tokens cache-miss
786 silly fetch manifest @babel/helper-validator-identifier@^7.29.7
787 silly packumentCache full:https://registry.npmjs.org/@babel%2fhelper-validator-identifier cache-miss
788 silly fetch manifest dequal@^2.0.3
789 silly packumentCache full:https://registry.npmjs.org/dequal cache-miss
790 silly fetch manifest react-is@^17.0.1
791 silly packumentCache full:https://registry.npmjs.org/react-is cache-miss
792 silly fetch manifest ansi-regex@^5.0.1
793 silly packumentCache full:https://registry.npmjs.org/ansi-regex cache-miss
794 silly fetch manifest ansi-styles@^5.0.0
795 silly packumentCache full:https://registry.npmjs.org/ansi-styles cache-miss
796 http fetch GET 200 https://registry.npmjs.org/js-tokens 54ms (cache miss)
797 silly packumentCache full:https://registry.npmjs.org/js-tokens set size:undefined disposed:false
798 http fetch GET 200 https://registry.npmjs.org/ansi-styles 62ms (cache miss)
799 silly packumentCache full:https://registry.npmjs.org/ansi-styles set size:undefined disposed:false
800 http fetch GET 200 https://registry.npmjs.org/@babel%2fhelper-validator-identifier 67ms (cache miss)
801 silly packumentCache full:https://registry.npmjs.org/@babel%2fhelper-validator-identifier set size:undefined disposed:false
802 http fetch GET 200 https://registry.npmjs.org/react-is 251ms (cache miss)
803 silly packumentCache full:https://registry.npmjs.org/react-is set size:undefined disposed:false
804 http fetch GET 200 https://registry.npmjs.org/ansi-regex 333ms (cache miss)
805 silly packumentCache full:https://registry.npmjs.org/ansi-regex set size:undefined disposed:false
806 http fetch GET 200 https://registry.npmjs.org/dequal 671ms (cache miss)
807 silly packumentCache full:https://registry.npmjs.org/dequal set size:undefined disposed:false
808 silly placeDep ROOT @babel/helper-validator-identifier@7.29.7 OK for: @babel/code-frame@7.29.7 want: ^7.29.7
809 silly placeDep ROOT js-tokens@4.0.0 OK for: @babel/code-frame@7.29.7 want: ^4.0.0
810 silly placeDep ROOT undici-types@6.21.0 OK for: @types/node@22.20.1 want: ~6.21.0
811 silly placeDep ROOT csstype@3.2.3 OK for: @types/react@19.2.17 want: ^3.2.2
812 silly placeDep ROOT dequal@2.0.3 OK for: aria-query@5.3.0 want: ^2.0.3
813 silly placeDep ROOT browserslist@4.28.6 OK for: autoprefixer@10.5.4 want: ^4.28.6
814 silly placeDep ROOT caniuse-lite@1.0.30001806 OK for: autoprefixer@10.5.4 want: ^1.0.30001806
815 silly placeDep ROOT fraction.js@5.3.4 OK for: autoprefixer@10.5.4 want: ^5.3.4
816 silly placeDep ROOT postcss-value-parser@4.2.0 OK for: autoprefixer@10.5.4 want: ^4.2.0
817 silly fetch manifest caniuse-lite@^1.0.30001803
818 silly packumentCache full:https://registry.npmjs.org/caniuse-lite cache-miss
819 silly fetch manifest node-releases@^2.0.51
820 silly packumentCache full:https://registry.npmjs.org/node-releases cache-miss
821 silly fetch manifest electron-to-chromium@^1.5.389
822 silly packumentCache full:https://registry.npmjs.org/electron-to-chromium cache-miss
823 silly fetch manifest update-browserslist-db@^1.2.3
824 silly packumentCache full:https://registry.npmjs.org/update-browserslist-db cache-miss
825 silly fetch manifest baseline-browser-mapping@^2.10.42
826 silly packumentCache full:https://registry.npmjs.org/baseline-browser-mapping cache-miss
827 http cache https://registry.npmjs.org/caniuse-lite 47ms (cache hit)
828 silly packumentCache full:https://registry.npmjs.org/caniuse-lite set size:2306880 disposed:false
829 http cache https://registry.npmjs.org/baseline-browser-mapping 72ms (cache hit)
830 silly packumentCache full:https://registry.npmjs.org/baseline-browser-mapping set size:533234 disposed:false
831 http fetch GET 200 https://registry.npmjs.org/update-browserslist-db 117ms (cache miss)
832 silly packumentCache full:https://registry.npmjs.org/update-browserslist-db set size:undefined disposed:false
833 http fetch GET 200 https://registry.npmjs.org/node-releases 132ms (cache miss)
834 silly packumentCache full:https://registry.npmjs.org/node-releases set size:undefined disposed:false
835 http fetch GET 200 https://registry.npmjs.org/electron-to-chromium 223ms (cache miss)
836 silly packumentCache full:https://registry.npmjs.org/electron-to-chromium set size:undefined disposed:false
837 silly fetch manifest browserslist@>= 4.21.0
838 silly packumentCache full:https://registry.npmjs.org/browserslist cache-miss
839 http cache https://registry.npmjs.org/browserslist 58ms (cache hit)
840 silly packumentCache full:https://registry.npmjs.org/browserslist set size:514014 disposed:false
841 silly placeDep ROOT baseline-browser-mapping@2.10.43 OK for: browserslist@4.28.6 want: ^2.10.42
842 silly placeDep ROOT electron-to-chromium@1.5.392 OK for: browserslist@4.28.6 want: ^1.5.389
843 silly placeDep ROOT node-releases@2.0.51 OK for: browserslist@4.28.6 want: ^2.0.51
844 silly placeDep ROOT update-browserslist-db@1.2.3 OK for: browserslist@4.28.6 want: ^1.2.3
845 silly fetch manifest escalade@^3.2.0
846 silly packumentCache full:https://registry.npmjs.org/escalade cache-miss
847 http fetch GET 200 https://registry.npmjs.org/escalade 64ms (cache miss)
848 silly packumentCache full:https://registry.npmjs.org/escalade set size:undefined disposed:false
849 silly fetch manifest eslint@^6.0.0 || ^7.0.0 || >=8.0.0
850 silly packumentCache full:https://registry.npmjs.org/eslint cache-miss
851 http cache https://registry.npmjs.org/eslint 58ms (cache hit)
852 silly packumentCache full:https://registry.npmjs.org/eslint set size:2033084 disposed:false
853 silly placeDep ROOT @eslint-community/eslint-utils@4.9.1 OK for: eslint@9.39.5 want: ^4.8.0
854 silly placeDep ROOT @eslint-community/regexpp@4.12.2 OK for: eslint@9.39.5 want: ^4.12.1
855 silly placeDep ROOT @eslint/config-array@0.21.2 OK for: eslint@9.39.5 want: ^0.21.2
856 silly placeDep ROOT @eslint/config-helpers@0.4.2 OK for: eslint@9.39.5 want: ^0.4.2
857 silly placeDep ROOT @eslint/core@0.17.0 OK for: eslint@9.39.5 want: ^0.17.0
858 silly placeDep ROOT @eslint/eslintrc@3.3.6 OK for: eslint@9.39.5 want: ^3.3.6
859 silly placeDep ROOT @eslint/js@9.39.5 OK for: eslint@9.39.5 want: 9.39.5
860 silly placeDep ROOT @eslint/plugin-kit@0.4.1 OK for: eslint@9.39.5 want: ^0.4.1
861 silly placeDep ROOT @humanfs/node@0.16.8 OK for: eslint@9.39.5 want: ^0.16.6
862 silly placeDep ROOT @humanwhocodes/module-importer@1.0.1 OK for: eslint@9.39.5 want: ^1.0.1
863 silly placeDep ROOT @humanwhocodes/retry@0.4.3 OK for: eslint@9.39.5 want: ^0.4.2
864 silly placeDep ROOT @types/estree@1.0.9 OK for: eslint@9.39.5 want: ^1.0.6
865 silly placeDep ROOT ajv@6.15.0 OK for: eslint@9.39.5 want: ^6.14.0
866 silly placeDep ROOT chalk@4.1.2 OK for: eslint@9.39.5 want: ^4.0.0
867 silly placeDep ROOT cross-spawn@7.0.6 OK for: eslint@9.39.5 want: ^7.0.6
868 silly placeDep ROOT debug@4.4.3 OK for: eslint@9.39.5 want: ^4.3.2
869 silly placeDep ROOT escape-string-regexp@4.0.0 OK for: eslint@9.39.5 want: ^4.0.0
870 silly placeDep ROOT eslint-scope@8.4.0 OK for: eslint@9.39.5 want: ^8.4.0
871 silly placeDep ROOT eslint-visitor-keys@4.2.1 OK for: eslint@9.39.5 want: ^4.2.1
872 silly placeDep ROOT espree@10.4.0 OK for: eslint@9.39.5 want: ^10.4.0
873 silly placeDep ROOT esquery@1.7.0 OK for: eslint@9.39.5 want: ^1.5.0
874 silly placeDep ROOT esutils@2.0.3 OK for: eslint@9.39.5 want: ^2.0.2
875 silly placeDep ROOT fast-deep-equal@3.1.3 OK for: eslint@9.39.5 want: ^3.1.3
876 silly placeDep ROOT file-entry-cache@8.0.0 OK for: eslint@9.39.5 want: ^8.0.0
877 silly placeDep ROOT find-up@5.0.0 OK for: eslint@9.39.5 want: ^5.0.0
878 silly placeDep ROOT glob-parent@6.0.2 OK for: eslint@9.39.5 want: ^6.0.2
879 silly placeDep ROOT ignore@5.3.2 OK for: eslint@9.39.5 want: ^5.2.0
880 silly placeDep ROOT imurmurhash@0.1.4 OK for: eslint@9.39.5 want: ^0.1.4
881 silly placeDep ROOT is-glob@4.0.3 OK for: eslint@9.39.5 want: ^4.0.0
882 silly placeDep ROOT json-stable-stringify-without-jsonify@1.0.1 OK for: eslint@9.39.5 want: ^1.0.1
883 silly placeDep ROOT lodash.merge@4.6.2 OK for: eslint@9.39.5 want: ^4.6.2
884 silly placeDep ROOT minimatch@3.1.5 OK for: eslint@9.39.5 want: ^3.1.5
885 silly placeDep ROOT natural-compare@1.4.0 OK for: eslint@9.39.5 want: ^1.4.0
886 silly placeDep ROOT optionator@0.9.4 OK for: eslint@9.39.5 want: ^0.9.3
887 silly fetch manifest eslint-visitor-keys@^3.4.3
888 silly packumentCache full:https://registry.npmjs.org/eslint-visitor-keys cache-miss
889 silly fetch manifest debug@^4.3.1
890 silly packumentCache full:https://registry.npmjs.org/debug cache-hit
891 silly fetch manifest @eslint/object-schema@^2.1.7
892 silly packumentCache full:https://registry.npmjs.org/@eslint%2fobject-schema cache-miss
893 silly fetch manifest @types/json-schema@^7.0.15
894 silly packumentCache full:https://registry.npmjs.org/@types%2fjson-schema cache-miss
895 silly fetch manifest espree@^10.0.1
896 silly packumentCache full:https://registry.npmjs.org/espree cache-miss
897 silly fetch manifest globals@^14.0.0
898 silly packumentCache full:https://registry.npmjs.org/globals cache-miss
899 silly fetch manifest import-fresh@^3.2.1
900 silly packumentCache full:https://registry.npmjs.org/import-fresh cache-miss
901 silly fetch manifest js-yaml@^4.3.0
902 silly packumentCache full:https://registry.npmjs.org/js-yaml cache-miss
903 silly fetch manifest strip-json-comments@^3.1.1
904 silly packumentCache full:https://registry.npmjs.org/strip-json-comments cache-miss
905 silly fetch manifest levn@^0.4.1
906 silly packumentCache full:https://registry.npmjs.org/levn cache-miss
907 silly fetch manifest @humanwhocodes/retry@^0.4.0
908 silly packumentCache full:https://registry.npmjs.org/@humanwhocodes%2fretry cache-miss
909 silly fetch manifest @humanfs/core@^0.19.2
910 silly packumentCache full:https://registry.npmjs.org/@humanfs%2fcore cache-miss
911 http cache https://registry.npmjs.org/eslint-visitor-keys 206ms (cache hit)
912 silly packumentCache full:https://registry.npmjs.org/eslint-visitor-keys set size:69949 disposed:false
913 silly fetch manifest @humanfs/types@^0.15.0
914 silly packumentCache full:https://registry.npmjs.org/@humanfs%2ftypes cache-miss
915 http cache https://registry.npmjs.org/espree 215ms (cache hit)
916 silly packumentCache full:https://registry.npmjs.org/espree set size:326080 disposed:false
917 silly fetch manifest uri-js@^4.2.2
918 silly packumentCache full:https://registry.npmjs.org/uri-js cache-miss
919 http fetch GET 200 https://registry.npmjs.org/@types%2fjson-schema 251ms (cache miss)
920 silly packumentCache full:https://registry.npmjs.org/@types%2fjson-schema set size:undefined disposed:false
921 silly fetch manifest fast-deep-equal@^3.1.1
922 silly packumentCache full:https://registry.npmjs.org/fast-deep-equal cache-miss
923 http cache https://registry.npmjs.org/globals 259ms (cache hit)
924 silly packumentCache full:https://registry.npmjs.org/globals set size:319673 disposed:false
925 silly fetch manifest json-schema-traverse@^0.4.1
926 silly packumentCache full:https://registry.npmjs.org/json-schema-traverse cache-miss
927 http cache https://registry.npmjs.org/@humanwhocodes%2fretry 258ms (cache hit)
928 silly packumentCache full:https://registry.npmjs.org/@humanwhocodes%2fretry set size:42348 disposed:false
929 silly fetch manifest fast-json-stable-stringify@^2.0.0
930 silly packumentCache full:https://registry.npmjs.org/fast-json-stable-stringify cache-miss
931 http fetch GET 200 https://registry.npmjs.org/levn 270ms (cache miss)
932 silly packumentCache full:https://registry.npmjs.org/levn set size:undefined disposed:false
933 silly fetch manifest ansi-styles@^4.1.0
934 silly packumentCache full:https://registry.npmjs.org/ansi-styles cache-miss
935 http fetch GET 200 https://registry.npmjs.org/import-fresh 278ms (cache miss)
936 silly packumentCache full:https://registry.npmjs.org/import-fresh set size:undefined disposed:false
937 silly fetch manifest supports-color@^7.1.0
938 silly packumentCache full:https://registry.npmjs.org/supports-color cache-miss
939 http fetch GET 200 https://registry.npmjs.org/strip-json-comments 288ms (cache miss)
940 silly packumentCache full:https://registry.npmjs.org/strip-json-comments set size:undefined disposed:false
941 silly fetch manifest which@^2.0.1
942 silly packumentCache full:https://registry.npmjs.org/which cache-miss
943 http fetch GET 200 https://registry.npmjs.org/js-yaml 315ms (cache miss)
944 silly packumentCache full:https://registry.npmjs.org/js-yaml set size:undefined disposed:false
945 silly fetch manifest path-key@^3.1.0
946 silly packumentCache full:https://registry.npmjs.org/path-key cache-miss
947 http fetch GET 200 https://registry.npmjs.org/@humanfs%2fcore 337ms (cache miss)
948 silly packumentCache full:https://registry.npmjs.org/@humanfs%2fcore set size:undefined disposed:false
949 silly fetch manifest shebang-command@^2.0.0
950 silly packumentCache full:https://registry.npmjs.org/shebang-command cache-miss
951 http fetch GET 200 https://registry.npmjs.org/@humanfs%2ftypes 238ms (cache miss)
952 silly packumentCache full:https://registry.npmjs.org/@humanfs%2ftypes set size:undefined disposed:false
953 silly fetch manifest ms@^2.1.3
954 silly packumentCache full:https://registry.npmjs.org/ms cache-miss
955 http cache https://registry.npmjs.org/fast-deep-equal 192ms (cache hit)
956 silly packumentCache full:https://registry.npmjs.org/fast-deep-equal set size:48634 disposed:false
957 silly fetch manifest esrecurse@^4.3.0
958 silly packumentCache full:https://registry.npmjs.org/esrecurse cache-miss
959 http cache https://registry.npmjs.org/ansi-styles 179ms (cache hit)
960 silly packumentCache full:https://registry.npmjs.org/ansi-styles set size:63233 disposed:false
961 silly fetch manifest estraverse@^5.2.0
962 silly packumentCache full:https://registry.npmjs.org/estraverse cache-miss
963 http fetch GET 200 https://registry.npmjs.org/uri-js 245ms (cache miss)
964 silly packumentCache full:https://registry.npmjs.org/uri-js set size:undefined disposed:false
965 silly fetch manifest acorn@^8.15.0
966 silly packumentCache full:https://registry.npmjs.org/acorn cache-miss
967 http fetch GET 200 https://registry.npmjs.org/fast-json-stable-stringify 218ms (cache miss)
968 silly packumentCache full:https://registry.npmjs.org/fast-json-stable-stringify set size:undefined disposed:false
969 silly fetch manifest acorn-jsx@^5.3.2
970 silly packumentCache full:https://registry.npmjs.org/acorn-jsx cache-miss
971 http fetch GET 200 https://registry.npmjs.org/json-schema-traverse 264ms (cache miss)
972 silly packumentCache full:https://registry.npmjs.org/json-schema-traverse set size:undefined disposed:false
973 silly fetch manifest estraverse@^5.1.0
974 silly packumentCache full:https://registry.npmjs.org/estraverse cache-miss
975 http fetch GET 200 https://registry.npmjs.org/which 242ms (cache miss)
976 silly packumentCache full:https://registry.npmjs.org/which set size:undefined disposed:false
977 silly fetch manifest flat-cache@^4.0.0
978 silly packumentCache full:https://registry.npmjs.org/flat-cache cache-miss
979 http fetch GET 200 https://registry.npmjs.org/path-key 224ms (cache miss)
980 silly packumentCache full:https://registry.npmjs.org/path-key set size:undefined disposed:false
981 silly fetch manifest locate-path@^6.0.0
982 silly packumentCache full:https://registry.npmjs.org/locate-path cache-miss
983 http fetch GET 200 https://registry.npmjs.org/supports-color 276ms (cache miss)
984 silly packumentCache full:https://registry.npmjs.org/supports-color set size:undefined disposed:false
985 silly fetch manifest path-exists@^4.0.0
986 silly packumentCache full:https://registry.npmjs.org/path-exists cache-miss
987 http fetch GET 200 https://registry.npmjs.org/shebang-command 267ms (cache miss)
988 silly packumentCache full:https://registry.npmjs.org/shebang-command set size:undefined disposed:false
989 silly fetch manifest is-extglob@^2.1.1
990 silly packumentCache full:https://registry.npmjs.org/is-extglob cache-miss
991 http fetch GET 200 https://registry.npmjs.org/esrecurse 253ms (cache miss)
992 silly packumentCache full:https://registry.npmjs.org/esrecurse set size:undefined disposed:false
993 silly fetch manifest brace-expansion@^1.1.7
994 silly packumentCache full:https://registry.npmjs.org/brace-expansion cache-miss
995 http fetch GET 200 https://registry.npmjs.org/ms 269ms (cache miss)
996 silly packumentCache full:https://registry.npmjs.org/ms set size:undefined disposed:false
997 silly fetch manifest prelude-ls@^1.2.1
998 silly packumentCache full:https://registry.npmjs.org/prelude-ls cache-miss
999 http fetch GET 200 https://registry.npmjs.org/estraverse 257ms (cache miss)
1000 silly packumentCache full:https://registry.npmjs.org/estraverse set size:undefined disposed:false
1001 silly fetch manifest deep-is@^0.1.3
1002 silly packumentCache full:https://registry.npmjs.org/deep-is cache-miss
1003 http fetch GET 200 https://registry.npmjs.org/estraverse 192ms (cache miss)
1004 silly packumentCache full:https://registry.npmjs.org/estraverse set size:undefined disposed:false
1005 silly fetch manifest word-wrap@^1.2.5
1006 silly packumentCache full:https://registry.npmjs.org/word-wrap cache-miss
1007 http fetch GET 200 https://registry.npmjs.org/path-exists 178ms (cache miss)
1008 silly packumentCache full:https://registry.npmjs.org/path-exists set size:undefined disposed:false
1009 silly fetch manifest type-check@^0.4.0
1010 silly packumentCache full:https://registry.npmjs.org/type-check cache-miss
1011 http fetch GET 200 https://registry.npmjs.org/locate-path 194ms (cache miss)
1012 silly packumentCache full:https://registry.npmjs.org/locate-path set size:undefined disposed:false
1013 silly fetch manifest fast-levenshtein@^2.0.6
1014 silly packumentCache full:https://registry.npmjs.org/fast-levenshtein cache-miss
1015 http fetch GET 200 https://registry.npmjs.org/acorn-jsx 279ms (cache miss)
1016 silly packumentCache full:https://registry.npmjs.org/acorn-jsx set size:undefined disposed:false
1017 http fetch GET 200 https://registry.npmjs.org/flat-cache 251ms (cache miss)
1018 silly packumentCache full:https://registry.npmjs.org/flat-cache set size:undefined disposed:false
1019 http fetch GET 200 https://registry.npmjs.org/is-extglob 187ms (cache miss)
1020 silly packumentCache full:https://registry.npmjs.org/is-extglob set size:undefined disposed:false
1021 http fetch GET 200 https://registry.npmjs.org/acorn 340ms (cache miss)
1022 silly packumentCache full:https://registry.npmjs.org/acorn set size:undefined disposed:false
1023 http fetch GET 200 https://registry.npmjs.org/deep-is 137ms (cache miss)
1024 silly packumentCache full:https://registry.npmjs.org/deep-is set size:undefined disposed:false
1025 http fetch GET 200 https://registry.npmjs.org/prelude-ls 151ms (cache miss)
1026 silly packumentCache full:https://registry.npmjs.org/prelude-ls set size:undefined disposed:false
1027 http fetch GET 200 https://registry.npmjs.org/type-check 143ms (cache miss)
1028 silly packumentCache full:https://registry.npmjs.org/type-check set size:undefined disposed:false
1029 http fetch GET 200 https://registry.npmjs.org/brace-expansion 188ms (cache miss)
1030 silly packumentCache full:https://registry.npmjs.org/brace-expansion set size:undefined disposed:false
1031 http fetch GET 200 https://registry.npmjs.org/word-wrap 163ms (cache miss)
1032 silly packumentCache full:https://registry.npmjs.org/word-wrap set size:undefined disposed:false
1033 http fetch GET 200 https://registry.npmjs.org/fast-levenshtein 150ms (cache miss)
1034 silly packumentCache full:https://registry.npmjs.org/fast-levenshtein set size:undefined disposed:false
1035 http fetch GET 200 https://registry.npmjs.org/@eslint%2fobject-schema 1309ms (cache miss)
1036 silly packumentCache full:https://registry.npmjs.org/@eslint%2fobject-schema set size:undefined disposed:false
1037 silly placeDep node_modules/@eslint-community/eslint-utils eslint-visitor-keys@3.4.3 OK for: @eslint-community/eslint-utils@4.9.1 want: ^3.4.3
1038 silly placeDep ROOT @eslint/object-schema@2.1.7 OK for: @eslint/config-array@0.21.2 want: ^2.1.7
1039 silly placeDep ROOT @types/json-schema@7.0.15 OK for: @eslint/core@0.17.0 want: ^7.0.15
1040 silly placeDep ROOT globals@14.0.0 OK for: @eslint/eslintrc@3.3.6 want: ^14.0.0
1041 silly placeDep ROOT import-fresh@3.3.1 OK for: @eslint/eslintrc@3.3.6 want: ^3.2.1
1042 silly placeDep ROOT js-yaml@4.3.0 OK for: @eslint/eslintrc@3.3.6 want: ^4.3.0
1043 silly placeDep ROOT strip-json-comments@3.1.1 OK for: @eslint/eslintrc@3.3.6 want: ^3.1.1
1044 silly fetch manifest resolve-from@^4.0.0
1045 silly packumentCache full:https://registry.npmjs.org/resolve-from cache-miss
1046 silly fetch manifest parent-module@^1.0.0
1047 silly packumentCache full:https://registry.npmjs.org/parent-module cache-miss
1048 silly fetch manifest argparse@^2.0.1
1049 silly packumentCache full:https://registry.npmjs.org/argparse cache-miss
1050 http fetch GET 200 https://registry.npmjs.org/resolve-from 64ms (cache miss)
1051 silly packumentCache full:https://registry.npmjs.org/resolve-from set size:undefined disposed:false
1052 http fetch GET 200 https://registry.npmjs.org/argparse 69ms (cache miss)
1053 silly packumentCache full:https://registry.npmjs.org/argparse set size:undefined disposed:false
1054 http fetch GET 200 https://registry.npmjs.org/parent-module 76ms (cache miss)
1055 silly packumentCache full:https://registry.npmjs.org/parent-module set size:undefined disposed:false
1056 silly placeDep ROOT levn@0.4.1 OK for: @eslint/plugin-kit@0.4.1 want: ^0.4.1
1057 silly fetch manifest type-check@~0.4.0
1058 silly packumentCache full:https://registry.npmjs.org/type-check cache-miss
1059 http cache https://registry.npmjs.org/type-check 39ms (cache hit)
1060 silly packumentCache full:https://registry.npmjs.org/type-check set size:21221 disposed:false
1061 silly placeDep ROOT @humanfs/core@0.19.2 OK for: @humanfs/node@0.16.8 want: ^0.19.2
1062 silly placeDep ROOT @humanfs/types@0.15.0 OK for: @humanfs/node@0.16.8 want: ^0.15.0
1063 silly placeDep ROOT fast-json-stable-stringify@2.1.0 OK for: ajv@6.15.0 want: ^2.0.0
1064 silly placeDep ROOT json-schema-traverse@0.4.1 OK for: ajv@6.15.0 want: ^0.4.1
1065 silly placeDep ROOT uri-js@4.4.1 OK for: ajv@6.15.0 want: ^4.2.2
1066 silly fetch manifest punycode@^2.1.0
1067 silly packumentCache full:https://registry.npmjs.org/punycode cache-miss
1068 http fetch GET 200 https://registry.npmjs.org/punycode 59ms (cache miss)
1069 silly packumentCache full:https://registry.npmjs.org/punycode set size:undefined disposed:false
1070 silly placeDep ROOT ansi-styles@4.3.0 OK for: chalk@4.1.2 want: ^4.1.0
1071 silly placeDep ROOT supports-color@7.2.0 OK for: chalk@4.1.2 want: ^7.1.0
1072 silly fetch manifest color-convert@^2.0.1
1073 silly packumentCache full:https://registry.npmjs.org/color-convert cache-miss
1074 silly fetch manifest has-flag@^4.0.0
1075 silly packumentCache full:https://registry.npmjs.org/has-flag cache-miss
1076 http fetch GET 200 https://registry.npmjs.org/has-flag 59ms (cache miss)
1077 silly packumentCache full:https://registry.npmjs.org/has-flag set size:undefined disposed:false
1078 http fetch GET 200 https://registry.npmjs.org/color-convert 98ms (cache miss)
1079 silly packumentCache full:https://registry.npmjs.org/color-convert set size:undefined disposed:false
1080 silly placeDep ROOT color-convert@2.0.1 OK for: ansi-styles@4.3.0 want: ^2.0.1
1081 silly fetch manifest color-name@~1.1.4
1082 silly packumentCache full:https://registry.npmjs.org/color-name cache-miss
1083 http fetch GET 200 https://registry.npmjs.org/color-name 63ms (cache miss)
1084 silly packumentCache full:https://registry.npmjs.org/color-name set size:undefined disposed:false
1085 silly placeDep ROOT color-name@1.1.4 OK for: color-convert@2.0.1 want: ~1.1.4
1086 silly placeDep ROOT path-key@3.1.1 OK for: cross-spawn@7.0.6 want: ^3.1.0
1087 silly placeDep ROOT shebang-command@2.0.0 OK for: cross-spawn@7.0.6 want: ^2.0.0
1088 silly placeDep ROOT which@2.0.2 OK for: cross-spawn@7.0.6 want: ^2.0.1
1089 silly fetch manifest shebang-regex@^3.0.0
1090 silly packumentCache full:https://registry.npmjs.org/shebang-regex cache-miss
1091 silly fetch manifest isexe@^2.0.0
1092 silly packumentCache full:https://registry.npmjs.org/isexe cache-miss
1093 http fetch GET 200 https://registry.npmjs.org/isexe 60ms (cache miss)
1094 silly packumentCache full:https://registry.npmjs.org/isexe set size:undefined disposed:false
1095 http fetch GET 200 https://registry.npmjs.org/shebang-regex 68ms (cache miss)
1096 silly packumentCache full:https://registry.npmjs.org/shebang-regex set size:undefined disposed:false
1097 silly placeDep ROOT ms@2.1.3 OK for: debug@4.4.3 want: ^2.1.3
1098 silly fetch manifest eslint@>=9.0.0
1099 silly packumentCache full:https://registry.npmjs.org/eslint cache-miss
1100 http cache https://registry.npmjs.org/eslint 37ms (cache hit)
1101 silly packumentCache full:https://registry.npmjs.org/eslint set size:2033084 disposed:false
1102 silly fetch manifest typescript@>=3.3.1
1103 silly packumentCache full:https://registry.npmjs.org/typescript cache-miss
1104 http cache https://registry.npmjs.org/typescript 88ms (cache hit)
1105 silly packumentCache full:https://registry.npmjs.org/typescript set size:15447979 disposed:false
1106 silly fetch manifest typescript@>=4.8.4 <6.1.0
1107 silly packumentCache full:https://registry.npmjs.org/typescript cache-miss
1108 http cache https://registry.npmjs.org/typescript 111ms (cache hit)
1109 silly packumentCache full:https://registry.npmjs.org/typescript set size:15447979 disposed:false
1110 silly fetch manifest eslint@^3 || ^4 || ^5 || ^6 || ^7 || ^8 || ^9.7
1111 silly packumentCache full:https://registry.npmjs.org/eslint cache-miss
1112 http cache https://registry.npmjs.org/eslint 42ms (cache hit)
1113 silly packumentCache full:https://registry.npmjs.org/eslint set size:2033084 disposed:false
1114 silly fetch manifest eslint@^2 || ^3 || ^4 || ^5 || ^6 || ^7.2.0 || ^8 || ^9
1115 silly packumentCache full:https://registry.npmjs.org/eslint cache-miss
1116 http cache https://registry.npmjs.org/eslint 35ms (cache hit)
1117 silly packumentCache full:https://registry.npmjs.org/eslint set size:2033084 disposed:false
1118 silly fetch manifest eslint@^3 || ^4 || ^5 || ^6 || ^7 || ^8 || ^9
1119 silly packumentCache full:https://registry.npmjs.org/eslint cache-miss
1120 http cache https://registry.npmjs.org/eslint 112ms (cache hit)
1121 silly packumentCache full:https://registry.npmjs.org/eslint set size:2033084 disposed:false
1122 silly fetch manifest eslint-plugin-import-x@*
1123 silly packumentCache full:https://registry.npmjs.org/eslint-plugin-import-x cache-miss
1124 http fetch GET 200 https://registry.npmjs.org/eslint-plugin-import-x 91ms (cache miss)
1125 silly packumentCache full:https://registry.npmjs.org/eslint-plugin-import-x set size:undefined disposed:false
1126 silly fetch manifest @typescript-eslint/utils@^8.56.0
1127 silly packumentCache full:https://registry.npmjs.org/@typescript-eslint%2futils cache-miss
1128 http fetch GET 200 https://registry.npmjs.org/@typescript-eslint%2futils 655ms (cache miss)
1129 silly packumentCache full:https://registry.npmjs.org/@typescript-eslint%2futils set size:undefined disposed:false
1130 silly placeDep ROOT @next/eslint-plugin-next@16.2.10 OK for: eslint-config-next@16.2.10 want: 16.2.10
1131 silly placeDep ROOT eslint-import-resolver-node@0.3.10 OK for: eslint-config-next@16.2.10 want: ^0.3.6
1132 silly placeDep ROOT eslint-import-resolver-typescript@3.10.1 OK for: eslint-config-next@16.2.10 want: ^3.5.2
1133 silly placeDep ROOT eslint-plugin-import@2.32.0 OK for: eslint-config-next@16.2.10 want: ^2.32.0
1134 silly placeDep ROOT eslint-plugin-jsx-a11y@6.10.2 OK for: eslint-config-next@16.2.10 want: ^6.10.0
1135 silly placeDep ROOT eslint-plugin-react@7.37.5 OK for: eslint-config-next@16.2.10 want: ^7.37.0
1136 silly placeDep ROOT eslint-plugin-react-hooks@7.1.1 OK for: eslint-config-next@16.2.10 want: ^7.0.0
1137 silly placeDep node_modules/eslint-config-next globals@16.4.0 OK for: eslint-config-next@16.2.10 want: 16.4.0
1138 silly placeDep ROOT typescript-eslint@8.64.0 OK for: eslint-config-next@16.2.10 want: ^8.46.0
1139 silly fetch manifest fast-glob@3.3.1
1140 silly packumentCache full:https://registry.npmjs.org/fast-glob cache-miss
1141 silly fetch manifest debug@^3.2.7
1142 silly packumentCache full:https://registry.npmjs.org/debug cache-hit
1143 silly fetch manifest resolve@^2.0.0-next.6
1144 silly packumentCache full:https://registry.npmjs.org/resolve cache-miss
1145 silly fetch manifest is-core-module@^2.16.1
1146 silly packumentCache full:https://registry.npmjs.org/is-core-module cache-miss
1147 silly fetch manifest tinyglobby@^0.2.13
1148 silly packumentCache full:https://registry.npmjs.org/tinyglobby cache-miss
1149 silly fetch manifest stable-hash@^0.0.5
1150 silly packumentCache full:https://registry.npmjs.org/stable-hash cache-miss
1151 silly fetch manifest get-tsconfig@^4.10.0
1152 silly packumentCache full:https://registry.npmjs.org/get-tsconfig cache-miss
1153 silly fetch manifest is-bun-module@^2.0.0
1154 silly packumentCache full:https://registry.npmjs.org/is-bun-module cache-miss
1155 silly fetch manifest unrs-resolver@^1.6.2
1156 silly packumentCache full:https://registry.npmjs.org/unrs-resolver cache-miss
1157 silly fetch manifest @nolyfill/is-core-module@1.0.39
1158 silly packumentCache full:https://registry.npmjs.org/@nolyfill%2fis-core-module cache-miss
1159 silly fetch manifest @rtsao/scc@^1.1.0
1160 silly packumentCache full:https://registry.npmjs.org/@rtsao%2fscc cache-miss
1161 silly fetch manifest array-includes@^3.1.9
1162 silly packumentCache full:https://registry.npmjs.org/array-includes cache-miss
1163 http cache https://registry.npmjs.org/fast-glob 119ms (cache hit)
1164 silly packumentCache full:https://registry.npmjs.org/fast-glob set size:220556 disposed:false
1165 silly fetch manifest array.prototype.findlastindex@^1.2.6
1166 silly packumentCache full:https://registry.npmjs.org/array.prototype.findlastindex cache-miss
1167 http cache https://registry.npmjs.org/resolve 131ms (cache hit)
1168 silly packumentCache full:https://registry.npmjs.org/resolve set size:244568 disposed:false
1169 silly fetch manifest array.prototype.flat@^1.3.3
1170 silly packumentCache full:https://registry.npmjs.org/array.prototype.flat cache-miss
1171 http fetch GET 200 https://registry.npmjs.org/is-core-module 197ms (cache miss)
1172 silly packumentCache full:https://registry.npmjs.org/is-core-module set size:undefined disposed:false
1173 silly fetch manifest array.prototype.flatmap@^1.3.3
1174 silly packumentCache full:https://registry.npmjs.org/array.prototype.flatmap cache-miss
1175 http fetch GET 200 https://registry.npmjs.org/tinyglobby 224ms (cache miss)
1176 silly packumentCache full:https://registry.npmjs.org/tinyglobby set size:undefined disposed:false
1177 silly fetch manifest doctrine@^2.1.0
1178 silly packumentCache full:https://registry.npmjs.org/doctrine cache-miss
1179 http fetch GET 200 https://registry.npmjs.org/stable-hash 241ms (cache miss)
1180 silly packumentCache full:https://registry.npmjs.org/stable-hash set size:undefined disposed:false
1181 silly fetch manifest eslint-module-utils@^2.12.1
1182 silly packumentCache full:https://registry.npmjs.org/eslint-module-utils cache-miss
1183 http fetch GET 200 https://registry.npmjs.org/@rtsao%2fscc 245ms (cache miss)
1184 silly packumentCache full:https://registry.npmjs.org/@rtsao%2fscc set size:undefined disposed:false
1185 silly fetch manifest hasown@^2.0.2
1186 silly packumentCache full:https://registry.npmjs.org/hasown cache-miss
1187 http fetch GET 200 https://registry.npmjs.org/is-bun-module 266ms (cache miss)
1188 silly packumentCache full:https://registry.npmjs.org/is-bun-module set size:undefined disposed:false
1189 silly fetch manifest object.fromentries@^2.0.8
1190 silly packumentCache full:https://registry.npmjs.org/object.fromentries cache-miss
1191 http fetch GET 200 https://registry.npmjs.org/get-tsconfig 286ms (cache miss)
1192 silly packumentCache full:https://registry.npmjs.org/get-tsconfig set size:undefined disposed:false
1193 silly fetch manifest object.groupby@^1.0.3
1194 silly packumentCache full:https://registry.npmjs.org/object.groupby cache-miss
1195 http fetch GET 200 https://registry.npmjs.org/unrs-resolver 312ms (cache miss)
1196 silly packumentCache full:https://registry.npmjs.org/unrs-resolver set size:undefined disposed:false
1197 silly fetch manifest object.values@^1.2.1
1198 silly packumentCache full:https://registry.npmjs.org/object.values cache-miss
1199 http fetch GET 200 https://registry.npmjs.org/array-includes 315ms (cache miss)
1200 silly packumentCache full:https://registry.npmjs.org/array-includes set size:undefined disposed:false
1201 silly fetch manifest semver@^6.3.1
1202 silly packumentCache full:https://registry.npmjs.org/semver cache-miss
1203 http fetch GET 200 https://registry.npmjs.org/array.prototype.flat 226ms (cache miss)
1204 silly packumentCache full:https://registry.npmjs.org/array.prototype.flat set size:undefined disposed:false
1205 silly fetch manifest string.prototype.trimend@^1.0.9
1206 silly packumentCache full:https://registry.npmjs.org/string.prototype.trimend cache-miss
1207 http fetch GET 200 https://registry.npmjs.org/array.prototype.flatmap 221ms (cache miss)
1208 silly packumentCache full:https://registry.npmjs.org/array.prototype.flatmap set size:undefined disposed:false
1209 silly fetch manifest tsconfig-paths@^3.15.0
1210 silly packumentCache full:https://registry.npmjs.org/tsconfig-paths cache-miss
1211 http fetch GET 200 https://registry.npmjs.org/hasown 195ms (cache miss)
1212 silly packumentCache full:https://registry.npmjs.org/hasown set size:undefined disposed:false
1213 silly fetch manifest aria-query@^5.3.2
1214 silly packumentCache full:https://registry.npmjs.org/aria-query cache-miss
1215 http fetch GET 200 https://registry.npmjs.org/object.fromentries 191ms (cache miss)
1216 silly packumentCache full:https://registry.npmjs.org/object.fromentries set size:undefined disposed:false
1217 silly fetch manifest array-includes@^3.1.8
1218 silly packumentCache full:https://registry.npmjs.org/array-includes cache-miss
1219 http fetch GET 200 https://registry.npmjs.org/object.groupby 170ms (cache miss)
1220 silly packumentCache full:https://registry.npmjs.org/object.groupby set size:undefined disposed:false
1221 silly fetch manifest array.prototype.flatmap@^1.3.2
1222 silly packumentCache full:https://registry.npmjs.org/array.prototype.flatmap cache-miss
1223 http fetch GET 200 https://registry.npmjs.org/eslint-module-utils 239ms (cache miss)
1224 silly packumentCache full:https://registry.npmjs.org/eslint-module-utils set size:undefined disposed:false
1225 silly fetch manifest ast-types-flow@^0.0.8
1226 silly packumentCache full:https://registry.npmjs.org/ast-types-flow cache-miss
1227 http fetch GET 200 https://registry.npmjs.org/object.values 235ms (cache miss)
1228 silly packumentCache full:https://registry.npmjs.org/object.values set size:undefined disposed:false
1229 silly fetch manifest axe-core@^4.10.0
1230 silly packumentCache full:https://registry.npmjs.org/axe-core cache-miss
1231 http fetch GET 200 https://registry.npmjs.org/string.prototype.trimend 241ms (cache miss)
1232 silly packumentCache full:https://registry.npmjs.org/string.prototype.trimend set size:undefined disposed:false
1233 silly fetch manifest axobject-query@^4.1.0
1234 silly packumentCache full:https://registry.npmjs.org/axobject-query cache-miss
1235 http cache https://registry.npmjs.org/array.prototype.flatmap 211ms (cache hit)
1236 silly packumentCache full:https://registry.npmjs.org/array.prototype.flatmap set size:51458 disposed:false
1237 silly fetch manifest damerau-levenshtein@^1.0.8
1238 silly packumentCache full:https://registry.npmjs.org/damerau-levenshtein cache-miss
1239 http cache https://registry.npmjs.org/aria-query 238ms (cache hit)
1240 silly packumentCache full:https://registry.npmjs.org/aria-query set size:98864 disposed:false
1241 silly fetch manifest emoji-regex@^9.2.2
1242 silly packumentCache full:https://registry.npmjs.org/emoji-regex cache-miss
1243 http cache https://registry.npmjs.org/array-includes 247ms (cache hit)
1244 silly packumentCache full:https://registry.npmjs.org/array-includes set size:77143 disposed:false
1245 silly fetch manifest jsx-ast-utils@^3.3.5
1246 silly packumentCache full:https://registry.npmjs.org/jsx-ast-utils cache-miss
1247 http fetch GET 200 https://registry.npmjs.org/ast-types-flow 237ms (cache miss)
1248 silly packumentCache full:https://registry.npmjs.org/ast-types-flow set size:undefined disposed:false
1249 silly fetch manifest language-tags@^1.0.9
1250 silly packumentCache full:https://registry.npmjs.org/language-tags cache-miss
1251 http fetch GET 200 https://registry.npmjs.org/doctrine 507ms (cache miss)
1252 silly packumentCache full:https://registry.npmjs.org/doctrine set size:undefined disposed:false
1253 silly fetch manifest safe-regex-test@^1.0.3
1254 silly packumentCache full:https://registry.npmjs.org/safe-regex-test cache-miss
1255 http fetch GET 200 https://registry.npmjs.org/@nolyfill%2fis-core-module 751ms (cache miss)
1256 silly packumentCache full:https://registry.npmjs.org/@nolyfill%2fis-core-module set size:undefined disposed:false
1257 silly fetch manifest string.prototype.includes@^2.0.1
1258 silly packumentCache full:https://registry.npmjs.org/string.prototype.includes cache-miss
1259 http fetch GET 200 https://registry.npmjs.org/semver 427ms (cache miss)
1260 silly packumentCache full:https://registry.npmjs.org/semver set size:undefined disposed:false
1261 silly fetch manifest array.prototype.findlast@^1.2.5
1262 silly packumentCache full:https://registry.npmjs.org/array.prototype.findlast cache-miss
1263 http fetch GET 200 https://registry.npmjs.org/tsconfig-paths 350ms (cache miss)
1264 silly packumentCache full:https://registry.npmjs.org/tsconfig-paths set size:undefined disposed:false
1265 silly fetch manifest array.prototype.tosorted@^1.1.4
1266 silly packumentCache full:https://registry.npmjs.org/array.prototype.tosorted cache-miss
1267 http fetch GET 200 https://registry.npmjs.org/array.prototype.findlastindex 669ms (cache miss)
1268 silly packumentCache full:https://registry.npmjs.org/array.prototype.findlastindex set size:undefined disposed:false
1269 silly fetch manifest es-iterator-helpers@^1.2.1
1270 silly packumentCache full:https://registry.npmjs.org/es-iterator-helpers cache-miss
1271 http fetch GET 200 https://registry.npmjs.org/axobject-query 257ms (cache miss)
1272 silly packumentCache full:https://registry.npmjs.org/axobject-query set size:undefined disposed:false
1273 silly fetch manifest estraverse@^5.3.0
1274 silly packumentCache full:https://registry.npmjs.org/estraverse cache-miss
1275 http fetch GET 200 https://registry.npmjs.org/safe-regex-test 219ms (cache miss)
1276 silly packumentCache full:https://registry.npmjs.org/safe-regex-test set size:undefined disposed:false
1277 silly fetch manifest jsx-ast-utils@^2.4.1 || ^3.0.0
1278 silly packumentCache full:https://registry.npmjs.org/jsx-ast-utils cache-miss
1279 http fetch GET 200 https://registry.npmjs.org/damerau-levenshtein 284ms (cache miss)
1280 silly packumentCache full:https://registry.npmjs.org/damerau-levenshtein set size:undefined disposed:false
1281 silly fetch manifest object.entries@^1.1.9
1282 silly packumentCache full:https://registry.npmjs.org/object.entries cache-miss
1283 http fetch GET 200 https://registry.npmjs.org/language-tags 259ms (cache miss)
1284 silly packumentCache full:https://registry.npmjs.org/language-tags set size:undefined disposed:false
1285 silly fetch manifest prop-types@^15.8.1
1286 silly packumentCache full:https://registry.npmjs.org/prop-types cache-miss
1287 http fetch GET 200 https://registry.npmjs.org/array.prototype.findlast 230ms (cache miss)
1288 silly packumentCache full:https://registry.npmjs.org/array.prototype.findlast set size:undefined disposed:false
1289 silly fetch manifest resolve@^2.0.0-next.5
1290 silly packumentCache full:https://registry.npmjs.org/resolve cache-hit
1291 silly fetch manifest string.prototype.matchall@^4.0.12
1292 silly packumentCache full:https://registry.npmjs.org/string.prototype.matchall cache-miss
1293 http fetch GET 200 https://registry.npmjs.org/emoji-regex 312ms (cache miss)
1294 silly packumentCache full:https://registry.npmjs.org/emoji-regex set size:undefined disposed:false
1295 silly fetch manifest string.prototype.repeat@^1.0.0
1296 silly packumentCache full:https://registry.npmjs.org/string.prototype.repeat cache-miss
1297 http fetch GET 200 https://registry.npmjs.org/string.prototype.includes 263ms (cache miss)
1298 silly packumentCache full:https://registry.npmjs.org/string.prototype.includes set size:undefined disposed:false
1299 silly fetch manifest @babel/core@^7.24.4
1300 silly packumentCache full:https://registry.npmjs.org/@babel%2fcore cache-miss
1301 http fetch GET 200 https://registry.npmjs.org/array.prototype.tosorted 280ms (cache miss)
1302 silly packumentCache full:https://registry.npmjs.org/array.prototype.tosorted set size:undefined disposed:false
1303 silly fetch manifest @babel/parser@^7.24.4
1304 silly packumentCache full:https://registry.npmjs.org/@babel%2fparser cache-miss
1305 http cache https://registry.npmjs.org/estraverse 249ms (cache hit)
1306 silly packumentCache full:https://registry.npmjs.org/estraverse set size:62412 disposed:false
1307 silly fetch manifest hermes-parser@^0.25.1
1308 silly packumentCache full:https://registry.npmjs.org/hermes-parser cache-miss
1309 http fetch GET 200 https://registry.npmjs.org/es-iterator-helpers 393ms (cache miss)
1310 silly packumentCache full:https://registry.npmjs.org/es-iterator-helpers set size:undefined disposed:false
1311 silly fetch manifest zod-validation-error@^3.5.0 || ^4.0.0
1312 silly packumentCache full:https://registry.npmjs.org/zod-validation-error cache-miss
1313 http fetch GET 200 https://registry.npmjs.org/object.entries 225ms (cache miss)
1314 silly packumentCache full:https://registry.npmjs.org/object.entries set size:undefined disposed:false
1315 silly fetch manifest @typescript-eslint/utils@8.64.0
1316 silly packumentCache full:https://registry.npmjs.org/@typescript-eslint%2futils cache-miss
1317 http fetch GET 200 https://registry.npmjs.org/string.prototype.repeat 205ms (cache miss)
1318 silly packumentCache full:https://registry.npmjs.org/string.prototype.repeat set size:undefined disposed:false
1319 silly fetch manifest @typescript-eslint/parser@8.64.0
1320 silly packumentCache full:https://registry.npmjs.org/@typescript-eslint%2fparser cache-miss
1321 http fetch GET 200 https://registry.npmjs.org/string.prototype.matchall 231ms (cache miss)
1322 silly packumentCache full:https://registry.npmjs.org/string.prototype.matchall set size:undefined disposed:false
1323 silly fetch manifest @typescript-eslint/eslint-plugin@8.64.0
1324 silly packumentCache full:https://registry.npmjs.org/@typescript-eslint%2feslint-plugin cache-miss
1325 http fetch GET 200 https://registry.npmjs.org/jsx-ast-utils 524ms (cache miss)
1326 silly packumentCache full:https://registry.npmjs.org/jsx-ast-utils set size:undefined disposed:false
1327 silly fetch manifest @typescript-eslint/typescript-estree@8.64.0
1328 silly packumentCache full:https://registry.npmjs.org/@typescript-eslint%2ftypescript-estree cache-miss
1329 http fetch GET 200 https://registry.npmjs.org/jsx-ast-utils 293ms (cache miss)
1330 silly packumentCache full:https://registry.npmjs.org/jsx-ast-utils set size:undefined disposed:false
1331 http fetch GET 200 https://registry.npmjs.org/hermes-parser 249ms (cache miss)
1332 silly packumentCache full:https://registry.npmjs.org/hermes-parser set size:undefined disposed:false
1333 http cache https://registry.npmjs.org/@typescript-eslint%2futils 245ms (cache hit)
1334 silly packumentCache full:https://registry.npmjs.org/@typescript-eslint%2futils set size:10483183 disposed:false
1335 http fetch GET 200 https://registry.npmjs.org/zod-validation-error 550ms (cache miss)
1336 silly packumentCache full:https://registry.npmjs.org/zod-validation-error set size:undefined disposed:false
1337 http fetch GET 200 https://registry.npmjs.org/@babel%2fparser 731ms (cache miss)
1338 silly packumentCache full:https://registry.npmjs.org/@babel%2fparser set size:undefined disposed:false
1339 http fetch GET 200 https://registry.npmjs.org/@babel%2fcore 865ms (cache miss)
1340 silly packumentCache full:https://registry.npmjs.org/@babel%2fcore set size:undefined disposed:false
1341 http fetch GET 200 https://registry.npmjs.org/prop-types 986ms (cache miss)
1342 silly packumentCache full:https://registry.npmjs.org/prop-types set size:undefined disposed:false
1343 http fetch GET 200 https://registry.npmjs.org/axe-core 2068ms (cache miss)
1344 silly packumentCache full:https://registry.npmjs.org/axe-core set size:undefined disposed:false
1345 http fetch GET 200 https://registry.npmjs.org/@typescript-eslint%2fparser 1824ms (cache miss)
1346 silly packumentCache full:https://registry.npmjs.org/@typescript-eslint%2fparser set size:undefined disposed:false
1347 http fetch GET 200 https://registry.npmjs.org/@typescript-eslint%2ftypescript-estree 1993ms (cache miss)
1348 silly packumentCache full:https://registry.npmjs.org/@typescript-eslint%2ftypescript-estree set size:undefined disposed:false
1349 http fetch GET 200 https://registry.npmjs.org/@typescript-eslint%2feslint-plugin 2205ms (cache miss)
1350 silly packumentCache full:https://registry.npmjs.org/@typescript-eslint%2feslint-plugin set size:undefined disposed:false
1351 silly placeDep ROOT fast-glob@3.3.1 OK for: @next/eslint-plugin-next@16.2.10 want: 3.3.1
1352 silly fetch manifest merge2@^1.3.0
1353 silly packumentCache full:https://registry.npmjs.org/merge2 cache-miss
1354 silly fetch manifest micromatch@^4.0.4
1355 silly packumentCache full:https://registry.npmjs.org/micromatch cache-miss
1356 silly fetch manifest glob-parent@^5.1.2
1357 silly packumentCache full:https://registry.npmjs.org/glob-parent cache-miss
1358 silly fetch manifest @nodelib/fs.stat@^2.0.2
1359 silly packumentCache full:https://registry.npmjs.org/@nodelib%2ffs.stat cache-miss
1360 silly fetch manifest @nodelib/fs.walk@^1.2.3
1361 silly packumentCache full:https://registry.npmjs.org/@nodelib%2ffs.walk cache-miss
1362 http cache https://registry.npmjs.org/glob-parent 55ms (cache hit)
1363 silly packumentCache full:https://registry.npmjs.org/glob-parent set size:42445 disposed:false
1364 http cache https://registry.npmjs.org/micromatch 67ms (cache hit)
1365 silly packumentCache full:https://registry.npmjs.org/micromatch set size:240630 disposed:false
1366 http fetch GET 200 https://registry.npmjs.org/merge2 87ms (cache miss)
1367 silly packumentCache full:https://registry.npmjs.org/merge2 set size:undefined disposed:false
1368 http fetch GET 200 https://registry.npmjs.org/@nodelib%2ffs.stat 93ms (cache miss)
1369 silly packumentCache full:https://registry.npmjs.org/@nodelib%2ffs.stat set size:undefined disposed:false
1370 http fetch GET 200 https://registry.npmjs.org/@nodelib%2ffs.walk 122ms (cache miss)
1371 silly packumentCache full:https://registry.npmjs.org/@nodelib%2ffs.walk set size:undefined disposed:false
1372 silly placeDep node_modules/eslint-import-resolver-node debug@3.2.7 OK for: eslint-import-resolver-node@0.3.10 want: ^3.2.7
1373 silly placeDep ROOT is-core-module@2.16.2 OK for: eslint-import-resolver-node@0.3.10 want: ^2.16.1
1374 silly placeDep ROOT resolve@2.0.0-next.7 OK for: eslint-import-resolver-node@0.3.10 want: ^2.0.0-next.6
1375 silly fetch manifest hasown@^2.0.3
1376 silly packumentCache full:https://registry.npmjs.org/hasown cache-miss
1377 silly fetch manifest es-errors@^1.3.0
1378 silly packumentCache full:https://registry.npmjs.org/es-errors cache-miss
1379 silly fetch manifest node-exports-info@^1.6.0
1380 silly packumentCache full:https://registry.npmjs.org/node-exports-info cache-miss
1381 silly fetch manifest object-keys@^1.1.1
1382 silly packumentCache full:https://registry.npmjs.org/object-keys cache-miss
1383 silly fetch manifest path-parse@^1.0.7
1384 silly packumentCache full:https://registry.npmjs.org/path-parse cache-miss
1385 silly fetch manifest supports-preserve-symlinks-flag@^1.0.0
1386 silly packumentCache full:https://registry.npmjs.org/supports-preserve-symlinks-flag cache-miss
1387 http cache https://registry.npmjs.org/hasown 60ms (cache hit)
1388 silly packumentCache full:https://registry.npmjs.org/hasown set size:18361 disposed:false
1389 http fetch GET 200 https://registry.npmjs.org/supports-preserve-symlinks-flag 127ms (cache miss)
1390 silly packumentCache full:https://registry.npmjs.org/supports-preserve-symlinks-flag set size:undefined disposed:false
1391 http fetch GET 200 https://registry.npmjs.org/path-parse 130ms (cache miss)
1392 silly packumentCache full:https://registry.npmjs.org/path-parse set size:undefined disposed:false
1393 http fetch GET 200 https://registry.npmjs.org/node-exports-info 134ms (cache miss)
1394 silly packumentCache full:https://registry.npmjs.org/node-exports-info set size:undefined disposed:false
1395 http fetch GET 200 https://registry.npmjs.org/object-keys 137ms (cache miss)
1396 silly packumentCache full:https://registry.npmjs.org/object-keys set size:undefined disposed:false
1397 http fetch GET 200 https://registry.npmjs.org/es-errors 144ms (cache miss)
1398 silly packumentCache full:https://registry.npmjs.org/es-errors set size:undefined disposed:false
1399 silly placeDep ROOT @nolyfill/is-core-module@1.0.39 OK for: eslint-import-resolver-typescript@3.10.1 want: 1.0.39
1400 silly placeDep ROOT get-tsconfig@4.14.0 OK for: eslint-import-resolver-typescript@3.10.1 want: ^4.10.0
1401 silly placeDep ROOT is-bun-module@2.0.0 OK for: eslint-import-resolver-typescript@3.10.1 want: ^2.0.0
1402 silly placeDep ROOT stable-hash@0.0.5 OK for: eslint-import-resolver-typescript@3.10.1 want: ^0.0.5
1403 silly placeDep ROOT tinyglobby@0.2.17 OK for: eslint-import-resolver-typescript@3.10.1 want: ^0.2.13
1404 silly placeDep ROOT unrs-resolver@1.12.2 OK for: eslint-import-resolver-typescript@3.10.1 want: ^1.6.2
1405 silly fetch manifest resolve-pkg-maps@^1.0.0
1406 silly packumentCache full:https://registry.npmjs.org/resolve-pkg-maps cache-miss
1407 silly fetch manifest semver@^7.7.1
1408 silly packumentCache full:https://registry.npmjs.org/semver cache-miss
1409 silly fetch manifest fdir@^6.5.0
1410 silly packumentCache full:https://registry.npmjs.org/fdir cache-miss
1411 silly fetch manifest picomatch@^4.0.4
1412 silly packumentCache full:https://registry.npmjs.org/picomatch cache-miss
1413 silly fetch manifest napi-postinstall@^0.3.4
1414 silly packumentCache full:https://registry.npmjs.org/napi-postinstall cache-miss
1415 silly fetch manifest @unrs/resolver-binding-darwin-arm64@1.12.2
1416 silly packumentCache full:https://registry.npmjs.org/@unrs%2fresolver-binding-darwin-arm64 cache-miss
1417 silly fetch manifest @unrs/resolver-binding-android-arm64@1.12.2
1418 silly packumentCache full:https://registry.npmjs.org/@unrs%2fresolver-binding-android-arm64 cache-miss
1419 silly fetch manifest @unrs/resolver-binding-win32-arm64-msvc@1.12.2
1420 silly packumentCache full:https://registry.npmjs.org/@unrs%2fresolver-binding-win32-arm64-msvc cache-miss
1421 silly fetch manifest @unrs/resolver-binding-linux-arm64-gnu@1.12.2
1422 silly packumentCache full:https://registry.npmjs.org/@unrs%2fresolver-binding-linux-arm64-gnu cache-miss
1423 silly fetch manifest @unrs/resolver-binding-linux-arm64-musl@1.12.2
1424 silly packumentCache full:https://registry.npmjs.org/@unrs%2fresolver-binding-linux-arm64-musl cache-miss
1425 silly fetch manifest @unrs/resolver-binding-openharmony-arm64@1.12.2
1426 silly packumentCache full:https://registry.npmjs.org/@unrs%2fresolver-binding-openharmony-arm64 cache-miss
1427 http cache https://registry.npmjs.org/semver 70ms (cache hit)
1428 silly packumentCache full:https://registry.npmjs.org/semver set size:246069 disposed:false
1429 silly fetch manifest @unrs/resolver-binding-android-arm-eabi@1.12.2
1430 silly packumentCache full:https://registry.npmjs.org/@unrs%2fresolver-binding-android-arm-eabi cache-miss
1431 http fetch GET 200 https://registry.npmjs.org/resolve-pkg-maps 89ms (cache miss)
1432 silly packumentCache full:https://registry.npmjs.org/resolve-pkg-maps set size:undefined disposed:false
1433 silly fetch manifest @unrs/resolver-binding-linux-arm-gnueabihf@1.12.2
1434 silly packumentCache full:https://registry.npmjs.org/@unrs%2fresolver-binding-linux-arm-gnueabihf cache-miss
1435 http fetch GET 200 https://registry.npmjs.org/@unrs%2fresolver-binding-openharmony-arm64 126ms (cache miss)
1436 silly packumentCache full:https://registry.npmjs.org/@unrs%2fresolver-binding-openharmony-arm64 set size:undefined disposed:false
1437 silly fetch manifest @unrs/resolver-binding-linux-arm-musleabihf@1.12.2
1438 silly packumentCache full:https://registry.npmjs.org/@unrs%2fresolver-binding-linux-arm-musleabihf cache-miss
1439 http fetch GET 200 https://registry.npmjs.org/napi-postinstall 145ms (cache miss)
1440 silly packumentCache full:https://registry.npmjs.org/napi-postinstall set size:undefined disposed:false
1441 silly fetch manifest @unrs/resolver-binding-win32-ia32-msvc@1.12.2
1442 silly packumentCache full:https://registry.npmjs.org/@unrs%2fresolver-binding-win32-ia32-msvc cache-miss
1443 http fetch GET 200 https://registry.npmjs.org/@unrs%2fresolver-binding-android-arm64 164ms (cache miss)
1444 silly packumentCache full:https://registry.npmjs.org/@unrs%2fresolver-binding-android-arm64 set size:undefined disposed:false
1445 silly fetch manifest @unrs/resolver-binding-linux-loong64-gnu@1.12.2
1446 silly packumentCache full:https://registry.npmjs.org/@unrs%2fresolver-binding-linux-loong64-gnu cache-miss
1447 http fetch GET 200 https://registry.npmjs.org/@unrs%2fresolver-binding-win32-arm64-msvc 187ms (cache miss)
1448 silly packumentCache full:https://registry.npmjs.org/@unrs%2fresolver-binding-win32-arm64-msvc set size:undefined disposed:false
1449 silly fetch manifest @unrs/resolver-binding-linux-loong64-musl@1.12.2
1450 silly packumentCache full:https://registry.npmjs.org/@unrs%2fresolver-binding-linux-loong64-musl cache-miss
1451 http fetch GET 200 https://registry.npmjs.org/fdir 203ms (cache miss)
1452 silly packumentCache full:https://registry.npmjs.org/fdir set size:undefined disposed:false
1453 silly fetch manifest @unrs/resolver-binding-linux-ppc64-gnu@1.12.2
1454 silly packumentCache full:https://registry.npmjs.org/@unrs%2fresolver-binding-linux-ppc64-gnu cache-miss
1455 http fetch GET 200 https://registry.npmjs.org/picomatch 211ms (cache miss)
1456 silly packumentCache full:https://registry.npmjs.org/picomatch set size:undefined disposed:false
1457 silly fetch manifest @unrs/resolver-binding-linux-riscv64-gnu@1.12.2
1458 silly packumentCache full:https://registry.npmjs.org/@unrs%2fresolver-binding-linux-riscv64-gnu cache-miss
1459 http fetch GET 200 https://registry.npmjs.org/@unrs%2fresolver-binding-linux-arm-gnueabihf 175ms (cache miss)
1460 silly packumentCache full:https://registry.npmjs.org/@unrs%2fresolver-binding-linux-arm-gnueabihf set size:undefined disposed:false
1461 silly fetch manifest @unrs/resolver-binding-linux-riscv64-musl@1.12.2
1462 silly packumentCache full:https://registry.npmjs.org/@unrs%2fresolver-binding-linux-riscv64-musl cache-miss
1463 http fetch GET 200 https://registry.npmjs.org/@unrs%2fresolver-binding-win32-ia32-msvc 166ms (cache miss)
1464 silly packumentCache full:https://registry.npmjs.org/@unrs%2fresolver-binding-win32-ia32-msvc set size:undefined disposed:false
1465 silly fetch manifest @unrs/resolver-binding-linux-s390x-gnu@1.12.2
1466 silly packumentCache full:https://registry.npmjs.org/@unrs%2fresolver-binding-linux-s390x-gnu cache-miss
1467 http fetch GET 200 https://registry.npmjs.org/@unrs%2fresolver-binding-linux-loong64-musl 146ms (cache miss)
1468 silly packumentCache full:https://registry.npmjs.org/@unrs%2fresolver-binding-linux-loong64-musl set size:undefined disposed:false
1469 silly fetch manifest @unrs/resolver-binding-wasm32-wasi@1.12.2
1470 silly packumentCache full:https://registry.npmjs.org/@unrs%2fresolver-binding-wasm32-wasi cache-miss
1471 http fetch GET 200 https://registry.npmjs.org/@unrs%2fresolver-binding-linux-loong64-gnu 193ms (cache miss)
1472 silly packumentCache full:https://registry.npmjs.org/@unrs%2fresolver-binding-linux-loong64-gnu set size:undefined disposed:false
1473 silly fetch manifest @unrs/resolver-binding-darwin-x64@1.12.2
1474 silly packumentCache full:https://registry.npmjs.org/@unrs%2fresolver-binding-darwin-x64 cache-miss
1475 http fetch GET 200 https://registry.npmjs.org/@unrs%2fresolver-binding-linux-arm64-gnu 375ms (cache miss)
1476 silly packumentCache full:https://registry.npmjs.org/@unrs%2fresolver-binding-linux-arm64-gnu set size:undefined disposed:false
1477 silly fetch manifest @unrs/resolver-binding-win32-x64-msvc@1.12.2
1478 silly packumentCache full:https://registry.npmjs.org/@unrs%2fresolver-binding-win32-x64-msvc cache-miss
1479 http fetch GET 200 https://registry.npmjs.org/@unrs%2fresolver-binding-linux-ppc64-gnu 181ms (cache miss)
1480 silly packumentCache full:https://registry.npmjs.org/@unrs%2fresolver-binding-linux-ppc64-gnu set size:undefined disposed:false
1481 silly fetch manifest @unrs/resolver-binding-freebsd-x64@1.12.2
1482 silly packumentCache full:https://registry.npmjs.org/@unrs%2fresolver-binding-freebsd-x64 cache-miss
1483 http fetch GET 200 https://registry.npmjs.org/@unrs%2fresolver-binding-linux-riscv64-gnu 182ms (cache miss)
1484 silly packumentCache full:https://registry.npmjs.org/@unrs%2fresolver-binding-linux-riscv64-gnu set size:undefined disposed:false
1485 silly fetch manifest @unrs/resolver-binding-linux-x64-gnu@1.12.2
1486 silly packumentCache full:https://registry.npmjs.org/@unrs%2fresolver-binding-linux-x64-gnu cache-miss
1487 http fetch GET 200 https://registry.npmjs.org/@unrs%2fresolver-binding-linux-riscv64-musl 150ms (cache miss)
1488 silly packumentCache full:https://registry.npmjs.org/@unrs%2fresolver-binding-linux-riscv64-musl set size:undefined disposed:false
1489 silly fetch manifest @unrs/resolver-binding-linux-x64-musl@1.12.2
1490 silly packumentCache full:https://registry.npmjs.org/@unrs%2fresolver-binding-linux-x64-musl cache-miss
1491 http fetch GET 200 https://registry.npmjs.org/@unrs%2fresolver-binding-darwin-arm64 441ms (cache miss)
1492 silly packumentCache full:https://registry.npmjs.org/@unrs%2fresolver-binding-darwin-arm64 set size:undefined disposed:false
1493 http fetch GET 200 https://registry.npmjs.org/@unrs%2fresolver-binding-darwin-x64 107ms (cache miss)
1494 silly packumentCache full:https://registry.npmjs.org/@unrs%2fresolver-binding-darwin-x64 set size:undefined disposed:false
1495 http fetch GET 200 https://registry.npmjs.org/@unrs%2fresolver-binding-linux-x64-gnu 117ms (cache miss)
1496 silly packumentCache full:https://registry.npmjs.org/@unrs%2fresolver-binding-linux-x64-gnu set size:undefined disposed:false
1497 http fetch GET 200 https://registry.npmjs.org/@unrs%2fresolver-binding-linux-arm-musleabihf 393ms (cache miss)
1498 silly packumentCache full:https://registry.npmjs.org/@unrs%2fresolver-binding-linux-arm-musleabihf set size:undefined disposed:false
1499 http fetch GET 200 https://registry.npmjs.org/@unrs%2fresolver-binding-linux-x64-musl 117ms (cache miss)
1500 silly packumentCache full:https://registry.npmjs.org/@unrs%2fresolver-binding-linux-x64-musl set size:undefined disposed:false
1501 http fetch GET 200 https://registry.npmjs.org/@unrs%2fresolver-binding-linux-arm64-musl 571ms (cache miss)
1502 silly packumentCache full:https://registry.npmjs.org/@unrs%2fresolver-binding-linux-arm64-musl set size:undefined disposed:false
1503 http fetch GET 200 https://registry.npmjs.org/@unrs%2fresolver-binding-linux-s390x-gnu 289ms (cache miss)
1504 silly packumentCache full:https://registry.npmjs.org/@unrs%2fresolver-binding-linux-s390x-gnu set size:undefined disposed:false
1505 http fetch GET 200 https://registry.npmjs.org/@unrs%2fresolver-binding-freebsd-x64 260ms (cache miss)
1506 silly packumentCache full:https://registry.npmjs.org/@unrs%2fresolver-binding-freebsd-x64 set size:undefined disposed:false
1507 http fetch GET 200 https://registry.npmjs.org/@unrs%2fresolver-binding-android-arm-eabi 668ms (cache miss)
1508 silly packumentCache full:https://registry.npmjs.org/@unrs%2fresolver-binding-android-arm-eabi set size:undefined disposed:false
1509 http fetch GET 200 https://registry.npmjs.org/@unrs%2fresolver-binding-wasm32-wasi 462ms (cache miss)
1510 silly packumentCache full:https://registry.npmjs.org/@unrs%2fresolver-binding-wasm32-wasi set size:undefined disposed:false
1511 http fetch GET 200 https://registry.npmjs.org/@unrs%2fresolver-binding-win32-x64-msvc 638ms (cache miss)
1512 silly packumentCache full:https://registry.npmjs.org/@unrs%2fresolver-binding-win32-x64-msvc set size:undefined disposed:false
1513 silly placeDep ROOT @rtsao/scc@1.1.0 OK for: eslint-plugin-import@2.32.0 want: ^1.1.0
1514 silly placeDep ROOT array-includes@3.1.9 OK for: eslint-plugin-import@2.32.0 want: ^3.1.9
1515 silly placeDep ROOT array.prototype.findlastindex@1.2.6 OK for: eslint-plugin-import@2.32.0 want: ^1.2.6
1516 silly placeDep ROOT array.prototype.flat@1.3.3 OK for: eslint-plugin-import@2.32.0 want: ^1.3.3
1517 silly placeDep ROOT array.prototype.flatmap@1.3.3 OK for: eslint-plugin-import@2.32.0 want: ^1.3.3
1518 silly placeDep node_modules/eslint-plugin-import debug@3.2.7 OK for: eslint-plugin-import@2.32.0 want: ^3.2.7
1519 silly placeDep ROOT doctrine@2.1.0 OK for: eslint-plugin-import@2.32.0 want: ^2.1.0
1520 silly placeDep ROOT eslint-module-utils@2.14.0 OK for: eslint-plugin-import@2.32.0 want: ^2.12.1
1521 silly placeDep ROOT hasown@2.0.4 OK for: eslint-plugin-import@2.32.0 want: ^2.0.2
1522 silly placeDep ROOT object.fromentries@2.0.8 OK for: eslint-plugin-import@2.32.0 want: ^2.0.8
1523 silly placeDep ROOT object.groupby@1.0.3 OK for: eslint-plugin-import@2.32.0 want: ^1.0.3
1524 silly placeDep ROOT object.values@1.2.1 OK for: eslint-plugin-import@2.32.0 want: ^1.2.1
1525 silly placeDep ROOT semver@6.3.1 OK for: eslint-plugin-import@2.32.0 want: ^6.3.1
1526 silly placeDep ROOT string.prototype.trimend@1.0.10 OK for: eslint-plugin-import@2.32.0 want: ^1.0.9
1527 silly placeDep ROOT tsconfig-paths@3.15.0 OK for: eslint-plugin-import@2.32.0 want: ^3.15.0
1528 silly fetch manifest call-bind@^1.0.8
1529 silly packumentCache full:https://registry.npmjs.org/call-bind cache-miss
1530 silly fetch manifest call-bound@^1.0.4
1531 silly packumentCache full:https://registry.npmjs.org/call-bound cache-miss
1532 silly fetch manifest define-properties@^1.2.1
1533 silly packumentCache full:https://registry.npmjs.org/define-properties cache-miss
1534 silly fetch manifest es-abstract@^1.24.0
1535 silly packumentCache full:https://registry.npmjs.org/es-abstract cache-miss
1536 silly fetch manifest es-object-atoms@^1.1.1
1537 silly packumentCache full:https://registry.npmjs.org/es-object-atoms cache-miss
1538 silly fetch manifest get-intrinsic@^1.3.0
1539 silly packumentCache full:https://registry.npmjs.org/get-intrinsic cache-miss
1540 silly fetch manifest is-string@^1.1.1
1541 silly packumentCache full:https://registry.npmjs.org/is-string cache-miss
1542 silly fetch manifest math-intrinsics@^1.1.0
1543 silly packumentCache full:https://registry.npmjs.org/math-intrinsics cache-miss
1544 silly fetch manifest call-bind@^1.0.8
1545 silly packumentCache full:https://registry.npmjs.org/call-bind cache-miss
1546 silly fetch manifest call-bound@^1.0.4
1547 silly packumentCache full:https://registry.npmjs.org/call-bound cache-miss
1548 silly fetch manifest define-properties@^1.2.1
1549 silly packumentCache full:https://registry.npmjs.org/define-properties cache-miss
1550 http fetch GET 200 https://registry.npmjs.org/call-bound 100ms (cache miss)
1551 silly packumentCache full:https://registry.npmjs.org/call-bound set size:undefined disposed:false
1552 silly fetch manifest es-abstract@^1.23.9
1553 silly packumentCache full:https://registry.npmjs.org/es-abstract cache-miss
1554 http fetch GET 200 https://registry.npmjs.org/math-intrinsics 109ms (cache miss)
1555 silly packumentCache full:https://registry.npmjs.org/math-intrinsics set size:undefined disposed:false
1556 silly fetch manifest es-object-atoms@^1.1.1
1557 silly packumentCache full:https://registry.npmjs.org/es-object-atoms cache-miss
1558 http fetch GET 200 https://registry.npmjs.org/call-bound 119ms (cache miss)
1559 silly packumentCache full:https://registry.npmjs.org/call-bound set size:undefined disposed:false
1560 silly fetch manifest es-shim-unscopables@^1.1.0
1561 silly packumentCache full:https://registry.npmjs.org/es-shim-unscopables cache-miss
1562 http fetch GET 200 https://registry.npmjs.org/get-intrinsic 127ms (cache miss)
1563 silly packumentCache full:https://registry.npmjs.org/get-intrinsic set size:undefined disposed:false
1564 silly fetch manifest call-bind@^1.0.8
1565 silly packumentCache full:https://registry.npmjs.org/call-bind cache-miss
1566 http fetch GET 200 https://registry.npmjs.org/is-string 138ms (cache miss)
1567 silly packumentCache full:https://registry.npmjs.org/is-string set size:undefined disposed:false
1568 silly fetch manifest define-properties@^1.2.1
1569 silly packumentCache full:https://registry.npmjs.org/define-properties cache-miss
1570 http fetch GET 200 https://registry.npmjs.org/es-object-atoms 147ms (cache miss)
1571 silly packumentCache full:https://registry.npmjs.org/es-object-atoms set size:undefined disposed:false
1572 silly fetch manifest es-abstract@^1.23.5
1573 silly packumentCache full:https://registry.npmjs.org/es-abstract cache-miss
1574 http fetch GET 200 https://registry.npmjs.org/es-abstract 222ms (cache miss)
1575 silly packumentCache full:https://registry.npmjs.org/es-abstract set size:undefined disposed:false
1576 silly fetch manifest es-shim-unscopables@^1.0.2
1577 silly packumentCache full:https://registry.npmjs.org/es-shim-unscopables cache-miss
1578 http fetch GET 200 https://registry.npmjs.org/es-object-atoms 124ms (cache miss)
1579 silly packumentCache full:https://registry.npmjs.org/es-object-atoms set size:undefined disposed:false
1580 silly fetch manifest call-bind@^1.0.8
1581 silly packumentCache full:https://registry.npmjs.org/call-bind cache-miss
1582 http fetch GET 200 https://registry.npmjs.org/es-shim-unscopables 117ms (cache miss)
1583 silly packumentCache full:https://registry.npmjs.org/es-shim-unscopables set size:undefined disposed:false
1584 silly fetch manifest define-properties@^1.2.1
1585 silly packumentCache full:https://registry.npmjs.org/define-properties cache-miss
1586 http fetch GET 200 https://registry.npmjs.org/es-abstract 149ms (cache miss)
1587 silly packumentCache full:https://registry.npmjs.org/es-abstract set size:undefined disposed:false
1588 silly fetch manifest es-abstract@^1.23.5
1589 silly packumentCache full:https://registry.npmjs.org/es-abstract cache-miss
1590 http fetch GET 200 https://registry.npmjs.org/es-abstract 162ms (cache miss)
1591 silly packumentCache full:https://registry.npmjs.org/es-abstract set size:undefined disposed:false
1592 silly fetch manifest es-shim-unscopables@^1.0.2
1593 silly packumentCache full:https://registry.npmjs.org/es-shim-unscopables cache-miss
1594 http cache https://registry.npmjs.org/es-shim-unscopables 91ms (cache hit)
1595 silly packumentCache full:https://registry.npmjs.org/es-shim-unscopables set size:13965 disposed:false
1596 silly fetch manifest function-bind@^1.1.2
1597 silly packumentCache full:https://registry.npmjs.org/function-bind cache-miss
1598 http fetch GET 200 https://registry.npmjs.org/define-properties 352ms (cache miss)
1599 silly packumentCache full:https://registry.npmjs.org/define-properties set size:undefined disposed:false
1600 silly fetch manifest call-bind@^1.0.7
1601 silly packumentCache full:https://registry.npmjs.org/call-bind cache-miss
1602 http cache https://registry.npmjs.org/es-abstract 100ms (cache hit)
1603 silly packumentCache full:https://registry.npmjs.org/es-abstract set size:384124 disposed:false
1604 silly fetch manifest es-abstract@^1.23.2
1605 silly packumentCache full:https://registry.npmjs.org/es-abstract cache-hit
1606 silly fetch manifest es-object-atoms@^1.0.0
1607 silly packumentCache full:https://registry.npmjs.org/es-object-atoms cache-miss
1608 http fetch GET 200 https://registry.npmjs.org/define-properties 133ms (cache miss)
1609 silly packumentCache full:https://registry.npmjs.org/define-properties set size:undefined disposed:false
1610 silly fetch manifest call-bind@^1.0.7
1611 silly packumentCache full:https://registry.npmjs.org/call-bind cache-miss
1612 http cache https://registry.npmjs.org/es-shim-unscopables 90ms (cache hit)
1613 silly packumentCache full:https://registry.npmjs.org/es-shim-unscopables set size:13965 disposed:false
1614 silly packumentCache full:https://registry.npmjs.org/es-shim-unscopables dispose
1615 silly fetch manifest call-bind@^1.0.8
1616 silly packumentCache full:https://registry.npmjs.org/call-bind cache-miss
1617 http fetch GET 200 https://registry.npmjs.org/function-bind 114ms (cache miss)
1618 silly packumentCache full:https://registry.npmjs.org/function-bind set size:undefined disposed:false
1619 silly fetch manifest call-bound@^1.0.3
1620 silly packumentCache full:https://registry.npmjs.org/call-bound cache-miss
1621 http cache https://registry.npmjs.org/es-object-atoms 104ms (cache hit)
1622 silly packumentCache full:https://registry.npmjs.org/es-object-atoms set size:18278 disposed:false
1623 silly fetch manifest call-bind@^1.0.9
1624 silly packumentCache full:https://registry.npmjs.org/call-bind cache-miss
1625 http fetch GET 200 https://registry.npmjs.org/call-bind 351ms (cache miss)
1626 silly packumentCache full:https://registry.npmjs.org/call-bind set size:undefined disposed:false
1627 silly fetch manifest es-object-atoms@^1.1.2
1628 silly packumentCache full:https://registry.npmjs.org/es-object-atoms cache-hit
1629 silly fetch manifest json5@^1.0.2
1630 silly packumentCache full:https://registry.npmjs.org/json5 cache-miss
1631 http fetch GET 200 https://registry.npmjs.org/call-bind 141ms (cache miss)
1632 silly packumentCache full:https://registry.npmjs.org/call-bind set size:undefined disposed:false
1633 silly fetch manifest minimist@^1.2.6
1634 silly packumentCache full:https://registry.npmjs.org/minimist cache-miss
1635 http fetch GET 200 https://registry.npmjs.org/call-bind 96ms (cache miss)
1636 silly packumentCache full:https://registry.npmjs.org/call-bind set size:undefined disposed:false
1637 silly fetch manifest strip-bom@^3.0.0
1638 silly packumentCache full:https://registry.npmjs.org/strip-bom cache-miss
1639 http cache https://registry.npmjs.org/call-bound 85ms (cache hit)
1640 silly packumentCache full:https://registry.npmjs.org/call-bound set size:15317 disposed:false
1641 silly fetch manifest @types/json5@^0.0.29
1642 silly packumentCache full:https://registry.npmjs.org/@types%2fjson5 cache-miss
1643 http cache https://registry.npmjs.org/call-bind 90ms (cache hit)
1644 silly packumentCache full:https://registry.npmjs.org/call-bind set size:32985 disposed:false
1645 http fetch GET 200 https://registry.npmjs.org/json5 104ms (cache miss)
1646 silly packumentCache full:https://registry.npmjs.org/json5 set size:undefined disposed:false
1647 http fetch GET 200 https://registry.npmjs.org/minimist 118ms (cache miss)
1648 silly packumentCache full:https://registry.npmjs.org/minimist set size:undefined disposed:false
1649 http fetch GET 200 https://registry.npmjs.org/define-properties 526ms (cache miss)
1650 silly packumentCache full:https://registry.npmjs.org/define-properties set size:undefined disposed:false
1651 http fetch GET 200 https://registry.npmjs.org/define-properties 670ms (cache miss)
1652 silly packumentCache full:https://registry.npmjs.org/define-properties set size:undefined disposed:false
1653 http fetch GET 200 https://registry.npmjs.org/strip-bom 311ms (cache miss)
1654 silly packumentCache full:https://registry.npmjs.org/strip-bom set size:undefined disposed:false
1655 http fetch GET 200 https://registry.npmjs.org/@types%2fjson5 308ms (cache miss)
1656 silly packumentCache full:https://registry.npmjs.org/@types%2fjson5 set size:undefined disposed:false
1657 http fetch GET 200 https://registry.npmjs.org/call-bind 1198ms (cache miss)
1658 silly packumentCache full:https://registry.npmjs.org/call-bind set size:undefined disposed:false
1659 silly packumentCache full:https://registry.npmjs.org/call-bind dispose
1660 http fetch GET 200 https://registry.npmjs.org/call-bind 1200ms (cache miss)
1661 silly packumentCache full:https://registry.npmjs.org/call-bind set size:undefined disposed:true
1662 http fetch GET 200 https://registry.npmjs.org/call-bind 966ms (cache miss)
1663 silly packumentCache full:https://registry.npmjs.org/call-bind set size:undefined disposed:false
1664 http fetch GET 200 https://registry.npmjs.org/call-bind 827ms (cache miss)
1665 silly packumentCache full:https://registry.npmjs.org/call-bind set size:undefined disposed:false
1666 silly placeDep ROOT call-bind@1.0.9 OK for: array-includes@3.1.9 want: ^1.0.8
1667 silly placeDep ROOT call-bound@1.0.4 OK for: array-includes@3.1.9 want: ^1.0.4
1668 silly placeDep ROOT define-properties@1.2.1 OK for: array-includes@3.1.9 want: ^1.2.1
1669 silly placeDep ROOT es-abstract@1.24.2 OK for: array-includes@3.1.9 want: ^1.24.0
1670 silly placeDep ROOT es-object-atoms@1.1.2 OK for: array-includes@3.1.9 want: ^1.1.1
1671 silly placeDep ROOT get-intrinsic@1.3.0 OK for: array-includes@3.1.9 want: ^1.3.0
1672 silly placeDep ROOT is-string@1.1.1 OK for: array-includes@3.1.9 want: ^1.1.1
1673 silly placeDep ROOT math-intrinsics@1.1.0 OK for: array-includes@3.1.9 want: ^1.1.0
1674 silly fetch manifest call-bind-apply-helpers@^1.0.2
1675 silly packumentCache full:https://registry.npmjs.org/call-bind-apply-helpers cache-miss
1676 silly fetch manifest es-define-property@^1.0.1
1677 silly packumentCache full:https://registry.npmjs.org/es-define-property cache-miss
1678 silly fetch manifest set-function-length@^1.2.2
1679 silly packumentCache full:https://registry.npmjs.org/set-function-length cache-miss
1680 silly fetch manifest call-bind-apply-helpers@^1.0.2
1681 silly packumentCache full:https://registry.npmjs.org/call-bind-apply-helpers cache-miss
1682 silly fetch manifest define-data-property@^1.0.1
1683 silly packumentCache full:https://registry.npmjs.org/define-data-property cache-miss
1684 silly fetch manifest has-property-descriptors@^1.0.0
1685 silly packumentCache full:https://registry.npmjs.org/has-property-descriptors cache-miss
1686 silly fetch manifest array-buffer-byte-length@^1.0.2
1687 silly packumentCache full:https://registry.npmjs.org/array-buffer-byte-length cache-miss
1688 silly fetch manifest arraybuffer.prototype.slice@^1.0.4
1689 silly packumentCache full:https://registry.npmjs.org/arraybuffer.prototype.slice cache-miss
1690 silly fetch manifest available-typed-arrays@^1.0.7
1691 silly packumentCache full:https://registry.npmjs.org/available-typed-arrays cache-miss
1692 silly fetch manifest data-view-buffer@^1.0.2
1693 silly packumentCache full:https://registry.npmjs.org/data-view-buffer cache-miss
1694 silly fetch manifest data-view-byte-length@^1.0.2
1695 silly packumentCache full:https://registry.npmjs.org/data-view-byte-length cache-miss
1696 http fetch GET 200 https://registry.npmjs.org/set-function-length 194ms (cache miss)
1697 silly packumentCache full:https://registry.npmjs.org/set-function-length set size:undefined disposed:false
1698 silly fetch manifest data-view-byte-offset@^1.0.1
1699 silly packumentCache full:https://registry.npmjs.org/data-view-byte-offset cache-miss
1700 http fetch GET 200 https://registry.npmjs.org/has-property-descriptors 199ms (cache miss)
1701 silly packumentCache full:https://registry.npmjs.org/has-property-descriptors set size:undefined disposed:false
1702 silly fetch manifest es-define-property@^1.0.1
1703 silly packumentCache full:https://registry.npmjs.org/es-define-property cache-miss
1704 http fetch GET 200 https://registry.npmjs.org/call-bind-apply-helpers 218ms (cache miss)
1705 silly packumentCache full:https://registry.npmjs.org/call-bind-apply-helpers set size:undefined disposed:false
1706 silly fetch manifest es-set-tostringtag@^2.1.0
1707 silly packumentCache full:https://registry.npmjs.org/es-set-tostringtag cache-miss
1708 http fetch GET 200 https://registry.npmjs.org/es-define-property 219ms (cache miss)
1709 silly packumentCache full:https://registry.npmjs.org/es-define-property set size:undefined disposed:false
1710 silly fetch manifest es-to-primitive@^1.3.0
1711 silly packumentCache full:https://registry.npmjs.org/es-to-primitive cache-miss
1712 http fetch GET 200 https://registry.npmjs.org/array-buffer-byte-length 218ms (cache miss)
1713 silly packumentCache full:https://registry.npmjs.org/array-buffer-byte-length set size:undefined disposed:false
1714 silly fetch manifest function.prototype.name@^1.1.8
1715 silly packumentCache full:https://registry.npmjs.org/function.prototype.name cache-miss
1716 http fetch GET 200 https://registry.npmjs.org/available-typed-arrays 222ms (cache miss)
1717 silly packumentCache full:https://registry.npmjs.org/available-typed-arrays set size:undefined disposed:false
1718 silly fetch manifest get-proto@^1.0.1
1719 silly packumentCache full:https://registry.npmjs.org/get-proto cache-miss
1720 http fetch GET 200 https://registry.npmjs.org/data-view-byte-length 223ms (cache miss)
1721 silly packumentCache full:https://registry.npmjs.org/data-view-byte-length set size:undefined disposed:false
1722 silly fetch manifest get-symbol-description@^1.1.0
1723 silly packumentCache full:https://registry.npmjs.org/get-symbol-description cache-miss
1724 http fetch GET 200 https://registry.npmjs.org/arraybuffer.prototype.slice 234ms (cache miss)
1725 silly packumentCache full:https://registry.npmjs.org/arraybuffer.prototype.slice set size:undefined disposed:false
1726 silly fetch manifest globalthis@^1.0.4
1727 silly packumentCache full:https://registry.npmjs.org/globalthis cache-miss
1728 http fetch GET 200 https://registry.npmjs.org/call-bind-apply-helpers 254ms (cache miss)
1729 silly packumentCache full:https://registry.npmjs.org/call-bind-apply-helpers set size:undefined disposed:false
1730 silly fetch manifest gopd@^1.2.0
1731 silly packumentCache full:https://registry.npmjs.org/gopd cache-miss
1732 http fetch GET 200 https://registry.npmjs.org/data-view-buffer 255ms (cache miss)
1733 silly packumentCache full:https://registry.npmjs.org/data-view-buffer set size:undefined disposed:false
1734 silly fetch manifest has-property-descriptors@^1.0.2
1735 silly packumentCache full:https://registry.npmjs.org/has-property-descriptors cache-miss
1736 http fetch GET 200 https://registry.npmjs.org/data-view-byte-offset 166ms (cache miss)
1737 silly packumentCache full:https://registry.npmjs.org/data-view-byte-offset set size:undefined disposed:false
1738 silly fetch manifest has-proto@^1.2.0
1739 silly packumentCache full:https://registry.npmjs.org/has-proto cache-miss
1740 http fetch GET 200 https://registry.npmjs.org/es-set-tostringtag 155ms (cache miss)
1741 silly packumentCache full:https://registry.npmjs.org/es-set-tostringtag set size:undefined disposed:false
1742 silly fetch manifest has-symbols@^1.1.0
1743 silly packumentCache full:https://registry.npmjs.org/has-symbols cache-miss
1744 http cache https://registry.npmjs.org/es-define-property 169ms (cache hit)
1745 silly packumentCache full:https://registry.npmjs.org/es-define-property set size:8542 disposed:false
1746 silly fetch manifest internal-slot@^1.1.0
1747 silly packumentCache full:https://registry.npmjs.org/internal-slot cache-miss
1748 http cache https://registry.npmjs.org/has-property-descriptors 169ms (cache hit)
1749 silly packumentCache full:https://registry.npmjs.org/has-property-descriptors set size:12452 disposed:false
1750 silly fetch manifest is-array-buffer@^3.0.5
1751 silly packumentCache full:https://registry.npmjs.org/is-array-buffer cache-miss
1752 http fetch GET 200 https://registry.npmjs.org/get-symbol-description 209ms (cache miss)
1753 silly packumentCache full:https://registry.npmjs.org/get-symbol-description set size:undefined disposed:false
1754 silly fetch manifest is-callable@^1.2.7
1755 silly packumentCache full:https://registry.npmjs.org/is-callable cache-miss
1756 http fetch GET 200 https://registry.npmjs.org/define-data-property 451ms (cache miss)
1757 silly packumentCache full:https://registry.npmjs.org/define-data-property set size:undefined disposed:false
1758 silly fetch manifest is-data-view@^1.0.2
1759 silly packumentCache full:https://registry.npmjs.org/is-data-view cache-miss
1760 http fetch GET 200 https://registry.npmjs.org/get-proto 224ms (cache miss)
1761 silly packumentCache full:https://registry.npmjs.org/get-proto set size:undefined disposed:false
1762 silly fetch manifest is-negative-zero@^2.0.3
1763 silly packumentCache full:https://registry.npmjs.org/is-negative-zero cache-miss
1764 http fetch GET 200 https://registry.npmjs.org/globalthis 223ms (cache miss)
1765 silly packumentCache full:https://registry.npmjs.org/globalthis set size:undefined disposed:false
1766 silly fetch manifest is-regex@^1.2.1
1767 silly packumentCache full:https://registry.npmjs.org/is-regex cache-miss
1768 http fetch GET 200 https://registry.npmjs.org/gopd 243ms (cache miss)
1769 silly packumentCache full:https://registry.npmjs.org/gopd set size:undefined disposed:false
1770 silly fetch manifest is-set@^2.0.3
1771 silly packumentCache full:https://registry.npmjs.org/is-set cache-miss
1772 http fetch GET 200 https://registry.npmjs.org/has-symbols 382ms (cache miss)
1773 silly packumentCache full:https://registry.npmjs.org/has-symbols set size:undefined disposed:false
1774 silly fetch manifest is-shared-array-buffer@^1.0.4
1775 silly packumentCache full:https://registry.npmjs.org/is-shared-array-buffer cache-miss
1776 http fetch GET 200 https://registry.npmjs.org/internal-slot 406ms (cache miss)
1777 silly packumentCache full:https://registry.npmjs.org/internal-slot set size:undefined disposed:false
1778 silly fetch manifest is-typed-array@^1.1.15
1779 silly packumentCache full:https://registry.npmjs.org/is-typed-array cache-miss
1780 http fetch GET 200 https://registry.npmjs.org/is-data-view 375ms (cache miss)
1781 silly packumentCache full:https://registry.npmjs.org/is-data-view set size:undefined disposed:false
1782 silly fetch manifest is-weakref@^1.1.1
1783 silly packumentCache full:https://registry.npmjs.org/is-weakref cache-miss
1784 http fetch GET 200 https://registry.npmjs.org/function.prototype.name 648ms (cache miss)
1785 silly packumentCache full:https://registry.npmjs.org/function.prototype.name set size:undefined disposed:false
1786 silly fetch manifest object-inspect@^1.13.4
1787 silly packumentCache full:https://registry.npmjs.org/object-inspect cache-miss
1788 http fetch GET 200 https://registry.npmjs.org/is-regex 405ms (cache miss)
1789 silly packumentCache full:https://registry.npmjs.org/is-regex set size:undefined disposed:false
1790 silly fetch manifest object.assign@^4.1.7
1791 silly packumentCache full:https://registry.npmjs.org/object.assign cache-miss
1792 http fetch GET 200 https://registry.npmjs.org/is-negative-zero 424ms (cache miss)
1793 silly packumentCache full:https://registry.npmjs.org/is-negative-zero set size:undefined disposed:false
1794 silly fetch manifest own-keys@^1.0.1
1795 silly packumentCache full:https://registry.npmjs.org/own-keys cache-miss
1796 http fetch GET 200 https://registry.npmjs.org/is-array-buffer 453ms (cache miss)
1797 silly packumentCache full:https://registry.npmjs.org/is-array-buffer set size:undefined disposed:false
1798 silly fetch manifest regexp.prototype.flags@^1.5.4
1799 silly packumentCache full:https://registry.npmjs.org/regexp.prototype.flags cache-miss
1800 http fetch GET 200 https://registry.npmjs.org/has-proto 544ms (cache miss)
1801 silly packumentCache full:https://registry.npmjs.org/has-proto set size:undefined disposed:false
1802 silly fetch manifest safe-array-concat@^1.1.3
1803 silly packumentCache full:https://registry.npmjs.org/safe-array-concat cache-miss
1804 http fetch GET 200 https://registry.npmjs.org/is-callable 468ms (cache miss)
1805 silly packumentCache full:https://registry.npmjs.org/is-callable set size:undefined disposed:false
1806 silly fetch manifest safe-push-apply@^1.0.0
1807 silly packumentCache full:https://registry.npmjs.org/safe-push-apply cache-miss
1808 http fetch GET 200 https://registry.npmjs.org/is-set 435ms (cache miss)
1809 silly packumentCache full:https://registry.npmjs.org/is-set set size:undefined disposed:false
1810 silly fetch manifest safe-regex-test@^1.1.0
1811 silly packumentCache full:https://registry.npmjs.org/safe-regex-test cache-miss
1812 http cache https://registry.npmjs.org/safe-regex-test 83ms (cache hit)
1813 silly packumentCache full:https://registry.npmjs.org/safe-regex-test set size:17412 disposed:false
1814 silly fetch manifest set-proto@^1.0.0
1815 silly packumentCache full:https://registry.npmjs.org/set-proto cache-miss
1816 http fetch GET 200 https://registry.npmjs.org/safe-push-apply 399ms (cache miss)
1817 silly packumentCache full:https://registry.npmjs.org/safe-push-apply set size:undefined disposed:false
1818 silly fetch manifest stop-iteration-iterator@^1.1.0
1819 silly packumentCache full:https://registry.npmjs.org/stop-iteration-iterator cache-miss
1820 http fetch GET 200 https://registry.npmjs.org/regexp.prototype.flags 429ms (cache miss)
1821 silly packumentCache full:https://registry.npmjs.org/regexp.prototype.flags set size:undefined disposed:false
1822 silly fetch manifest string.prototype.trim@^1.2.10
1823 silly packumentCache full:https://registry.npmjs.org/string.prototype.trim cache-miss
1824 http fetch GET 200 https://registry.npmjs.org/is-shared-array-buffer 568ms (cache miss)
1825 silly packumentCache full:https://registry.npmjs.org/is-shared-array-buffer set size:undefined disposed:false
1826 silly fetch manifest string.prototype.trimstart@^1.0.8
1827 silly packumentCache full:https://registry.npmjs.org/string.prototype.trimstart cache-miss
1828 http fetch GET 200 https://registry.npmjs.org/set-proto 315ms (cache miss)
1829 silly packumentCache full:https://registry.npmjs.org/set-proto set size:undefined disposed:false
1830 silly fetch manifest typed-array-buffer@^1.0.3
1831 silly packumentCache full:https://registry.npmjs.org/typed-array-buffer cache-miss
1832 http fetch GET 200 https://registry.npmjs.org/own-keys 458ms (cache miss)
1833 silly packumentCache full:https://registry.npmjs.org/own-keys set size:undefined disposed:false
1834 silly fetch manifest typed-array-byte-length@^1.0.3
1835 silly packumentCache full:https://registry.npmjs.org/typed-array-byte-length cache-miss
1836 http fetch GET 200 https://registry.npmjs.org/is-typed-array 567ms (cache miss)
1837 silly packumentCache full:https://registry.npmjs.org/is-typed-array set size:undefined disposed:false
1838 silly fetch manifest typed-array-byte-offset@^1.0.4
1839 silly packumentCache full:https://registry.npmjs.org/typed-array-byte-offset cache-miss
1840 http fetch GET 200 https://registry.npmjs.org/object.assign 490ms (cache miss)
1841 silly packumentCache full:https://registry.npmjs.org/object.assign set size:undefined disposed:false
1842 silly fetch manifest typed-array-length@^1.0.7
1843 silly packumentCache full:https://registry.npmjs.org/typed-array-length cache-miss
1844 http fetch GET 200 https://registry.npmjs.org/is-weakref 556ms (cache miss)
1845 silly packumentCache full:https://registry.npmjs.org/is-weakref set size:undefined disposed:false
1846 silly fetch manifest unbox-primitive@^1.1.0
1847 silly packumentCache full:https://registry.npmjs.org/unbox-primitive cache-miss
1848 http fetch GET 200 https://registry.npmjs.org/object-inspect 541ms (cache miss)
1849 silly packumentCache full:https://registry.npmjs.org/object-inspect set size:undefined disposed:false
1850 silly fetch manifest which-typed-array@^1.1.19
1851 silly packumentCache full:https://registry.npmjs.org/which-typed-array cache-miss
1852 http fetch GET 200 https://registry.npmjs.org/stop-iteration-iterator 218ms (cache miss)
1853 silly packumentCache full:https://registry.npmjs.org/stop-iteration-iterator set size:undefined disposed:false
1854 silly fetch manifest has-tostringtag@^1.0.2
1855 silly packumentCache full:https://registry.npmjs.org/has-tostringtag cache-miss
1856 http fetch GET 200 https://registry.npmjs.org/string.prototype.trimstart 211ms (cache miss)
1857 silly packumentCache full:https://registry.npmjs.org/string.prototype.trimstart set size:undefined disposed:false
1858 http fetch GET 200 https://registry.npmjs.org/typed-array-buffer 215ms (cache miss)
1859 silly packumentCache full:https://registry.npmjs.org/typed-array-buffer set size:undefined disposed:false
1860 http fetch GET 200 https://registry.npmjs.org/typed-array-byte-length 210ms (cache miss)
1861 silly packumentCache full:https://registry.npmjs.org/typed-array-byte-length set size:undefined disposed:false
1862 http fetch GET 200 https://registry.npmjs.org/string.prototype.trim 233ms (cache miss)
1863 silly packumentCache full:https://registry.npmjs.org/string.prototype.trim set size:undefined disposed:false
1864 http fetch GET 200 https://registry.npmjs.org/typed-array-byte-offset 208ms (cache miss)
1865 silly packumentCache full:https://registry.npmjs.org/typed-array-byte-offset set size:undefined disposed:false
1866 http fetch GET 200 https://registry.npmjs.org/unbox-primitive 189ms (cache miss)
1867 silly packumentCache full:https://registry.npmjs.org/unbox-primitive set size:undefined disposed:false
1868 http fetch GET 200 https://registry.npmjs.org/typed-array-length 218ms (cache miss)
1869 silly packumentCache full:https://registry.npmjs.org/typed-array-length set size:undefined disposed:false
1870 http fetch GET 200 https://registry.npmjs.org/which-typed-array 214ms (cache miss)
1871 silly packumentCache full:https://registry.npmjs.org/which-typed-array set size:undefined disposed:false
1872 http fetch GET 200 https://registry.npmjs.org/has-tostringtag 118ms (cache miss)
1873 silly packumentCache full:https://registry.npmjs.org/has-tostringtag set size:undefined disposed:false
1874 http fetch GET 200 https://registry.npmjs.org/es-to-primitive 1627ms (cache miss)
1875 silly packumentCache full:https://registry.npmjs.org/es-to-primitive set size:undefined disposed:false
1876 http fetch GET 200 https://registry.npmjs.org/safe-array-concat 1268ms (cache miss)
1877 silly packumentCache full:https://registry.npmjs.org/safe-array-concat set size:undefined disposed:false
1878 silly placeDep ROOT es-errors@1.3.0 OK for: array.prototype.findlastindex@1.2.6 want: ^1.3.0
1879 silly placeDep ROOT es-shim-unscopables@1.1.0 OK for: array.prototype.findlastindex@1.2.6 want: ^1.1.0
1880 silly placeDep ROOT call-bind-apply-helpers@1.0.2 OK for: call-bind@1.0.9 want: ^1.0.2
1881 silly placeDep ROOT es-define-property@1.0.1 OK for: call-bind@1.0.9 want: ^1.0.1
1882 silly placeDep ROOT set-function-length@1.2.2 OK for: call-bind@1.0.9 want: ^1.2.2
1883 silly fetch manifest define-data-property@^1.1.4
1884 silly packumentCache full:https://registry.npmjs.org/define-data-property cache-miss
1885 silly fetch manifest gopd@^1.0.1
1886 silly packumentCache full:https://registry.npmjs.org/gopd cache-miss
1887 http cache https://registry.npmjs.org/gopd 57ms (cache hit)
1888 silly packumentCache full:https://registry.npmjs.org/gopd set size:11483 disposed:false
1889 http cache https://registry.npmjs.org/define-data-property 63ms (cache hit)
1890 silly packumentCache full:https://registry.npmjs.org/define-data-property set size:28048 disposed:false
1891 silly placeDep ROOT function-bind@1.1.2 OK for: call-bind-apply-helpers@1.0.2 want: ^1.1.2
1892 silly placeDep ROOT define-data-property@1.1.4 OK for: define-properties@1.2.1 want: ^1.0.1
1893 silly placeDep ROOT has-property-descriptors@1.0.2 OK for: define-properties@1.2.1 want: ^1.0.0
1894 silly placeDep ROOT object-keys@1.1.1 OK for: define-properties@1.2.1 want: ^1.1.1
1895 silly placeDep ROOT gopd@1.2.0 OK for: define-data-property@1.1.4 want: ^1.0.1
1896 silly placeDep ROOT array-buffer-byte-length@1.0.2 OK for: es-abstract@1.24.2 want: ^1.0.2
1897 silly placeDep ROOT arraybuffer.prototype.slice@1.0.4 OK for: es-abstract@1.24.2 want: ^1.0.4
1898 silly placeDep ROOT available-typed-arrays@1.0.7 OK for: es-abstract@1.24.2 want: ^1.0.7
1899 silly placeDep ROOT data-view-buffer@1.0.2 OK for: es-abstract@1.24.2 want: ^1.0.2
1900 silly placeDep ROOT data-view-byte-length@1.0.2 OK for: es-abstract@1.24.2 want: ^1.0.2
1901 silly placeDep ROOT data-view-byte-offset@1.0.1 OK for: es-abstract@1.24.2 want: ^1.0.1
1902 silly placeDep ROOT es-set-tostringtag@2.1.0 OK for: es-abstract@1.24.2 want: ^2.1.0
1903 silly placeDep ROOT es-to-primitive@1.3.4 OK for: es-abstract@1.24.2 want: ^1.3.0
1904 silly placeDep ROOT function.prototype.name@1.2.0 OK for: es-abstract@1.24.2 want: ^1.1.8
1905 silly placeDep ROOT get-proto@1.0.1 OK for: es-abstract@1.24.2 want: ^1.0.1
1906 silly placeDep ROOT get-symbol-description@1.1.0 OK for: es-abstract@1.24.2 want: ^1.1.0
1907 silly placeDep ROOT globalthis@1.0.4 OK for: es-abstract@1.24.2 want: ^1.0.4
1908 silly placeDep ROOT has-proto@1.2.0 OK for: es-abstract@1.24.2 want: ^1.2.0
1909 silly placeDep ROOT has-symbols@1.1.0 OK for: es-abstract@1.24.2 want: ^1.1.0
1910 silly placeDep ROOT internal-slot@1.1.0 OK for: es-abstract@1.24.2 want: ^1.1.0
1911 silly placeDep ROOT is-array-buffer@3.0.5 OK for: es-abstract@1.24.2 want: ^3.0.5
1912 silly placeDep ROOT is-callable@1.2.7 OK for: es-abstract@1.24.2 want: ^1.2.7
1913 silly placeDep ROOT is-data-view@1.0.2 OK for: es-abstract@1.24.2 want: ^1.0.2
1914 silly placeDep ROOT is-negative-zero@2.0.3 OK for: es-abstract@1.24.2 want: ^2.0.3
1915 silly placeDep ROOT is-regex@1.2.1 OK for: es-abstract@1.24.2 want: ^1.2.1
1916 silly placeDep ROOT is-set@2.0.3 OK for: es-abstract@1.24.2 want: ^2.0.3
1917 silly placeDep ROOT is-shared-array-buffer@1.0.4 OK for: es-abstract@1.24.2 want: ^1.0.4
1918 silly placeDep ROOT is-typed-array@1.1.15 OK for: es-abstract@1.24.2 want: ^1.1.15
1919 silly placeDep ROOT is-weakref@1.1.1 OK for: es-abstract@1.24.2 want: ^1.1.1
1920 silly placeDep ROOT object-inspect@1.13.4 OK for: es-abstract@1.24.2 want: ^1.13.4
1921 silly placeDep ROOT object.assign@4.1.7 OK for: es-abstract@1.24.2 want: ^4.1.7
1922 silly placeDep ROOT own-keys@1.0.1 OK for: es-abstract@1.24.2 want: ^1.0.1
1923 silly placeDep ROOT regexp.prototype.flags@1.5.4 OK for: es-abstract@1.24.2 want: ^1.5.4
1924 silly placeDep ROOT safe-array-concat@1.1.4 OK for: es-abstract@1.24.2 want: ^1.1.3
1925 silly placeDep ROOT safe-push-apply@1.0.0 OK for: es-abstract@1.24.2 want: ^1.0.0
1926 silly placeDep ROOT safe-regex-test@1.1.0 OK for: es-abstract@1.24.2 want: ^1.1.0
1927 silly placeDep ROOT set-proto@1.0.0 OK for: es-abstract@1.24.2 want: ^1.0.0
1928 silly placeDep ROOT stop-iteration-iterator@1.1.0 OK for: es-abstract@1.24.2 want: ^1.1.0
1929 silly placeDep ROOT string.prototype.trim@1.2.11 OK for: es-abstract@1.24.2 want: ^1.2.10
1930 silly placeDep ROOT string.prototype.trimstart@1.0.8 OK for: es-abstract@1.24.2 want: ^1.0.8
1931 silly placeDep ROOT typed-array-buffer@1.0.3 OK for: es-abstract@1.24.2 want: ^1.0.3
1932 silly placeDep ROOT typed-array-byte-length@1.0.3 OK for: es-abstract@1.24.2 want: ^1.0.3
1933 silly placeDep ROOT typed-array-byte-offset@1.0.4 OK for: es-abstract@1.24.2 want: ^1.0.4
1934 silly placeDep ROOT typed-array-length@1.0.8 OK for: es-abstract@1.24.2 want: ^1.0.7
1935 silly placeDep ROOT unbox-primitive@1.1.0 OK for: es-abstract@1.24.2 want: ^1.1.0
1936 silly placeDep ROOT which-typed-array@1.1.22 OK for: es-abstract@1.24.2 want: ^1.1.19
1937 silly fetch manifest is-array-buffer@^3.0.4
1938 silly packumentCache full:https://registry.npmjs.org/is-array-buffer cache-miss
1939 silly fetch manifest possible-typed-array-names@^1.0.0
1940 silly packumentCache full:https://registry.npmjs.org/possible-typed-array-names cache-miss
1941 silly fetch manifest is-data-view@^1.0.1
1942 silly packumentCache full:https://registry.npmjs.org/is-data-view cache-miss
1943 silly fetch manifest is-symbol@^1.1.1
1944 silly packumentCache full:https://registry.npmjs.org/is-symbol cache-miss
1945 silly fetch manifest is-date-object@^1.1.0
1946 silly packumentCache full:https://registry.npmjs.org/is-date-object cache-miss
1947 silly fetch manifest es-abstract-get@^1.0.0
1948 silly packumentCache full:https://registry.npmjs.org/es-abstract-get cache-miss
1949 silly fetch manifest is-document.all@^1.0.0
1950 silly packumentCache full:https://registry.npmjs.org/is-document.all cache-miss
1951 silly fetch manifest functions-have-names@^1.2.3
1952 silly packumentCache full:https://registry.npmjs.org/functions-have-names cache-miss
1953 silly fetch manifest dunder-proto@^1.0.1
1954 silly packumentCache full:https://registry.npmjs.org/dunder-proto cache-miss
1955 silly fetch manifest dunder-proto@^1.0.0
1956 silly packumentCache full:https://registry.npmjs.org/dunder-proto cache-miss
1957 silly fetch manifest side-channel@^1.1.0
1958 silly packumentCache full:https://registry.npmjs.org/side-channel cache-miss
1959 http cache https://registry.npmjs.org/is-array-buffer 110ms (cache hit)
1960 silly packumentCache full:https://registry.npmjs.org/is-array-buffer set size:33562 disposed:false
1961 silly fetch manifest is-typed-array@^1.1.13
1962 silly packumentCache full:https://registry.npmjs.org/is-typed-array cache-miss
1963 http fetch GET 200 https://registry.npmjs.org/possible-typed-array-names 124ms (cache miss)
1964 silly packumentCache full:https://registry.npmjs.org/possible-typed-array-names set size:undefined disposed:false
1965 silly fetch manifest which-typed-array@^1.1.16
1966 silly packumentCache full:https://registry.npmjs.org/which-typed-array cache-miss
1967 http cache https://registry.npmjs.org/is-data-view 128ms (cache hit)
1968 silly packumentCache full:https://registry.npmjs.org/is-data-view set size:13756 disposed:false
1969 silly fetch manifest set-function-name@^2.0.2
1970 silly packumentCache full:https://registry.npmjs.org/set-function-name cache-miss
1971 http fetch GET 200 https://registry.npmjs.org/side-channel 150ms (cache miss)
1972 silly packumentCache full:https://registry.npmjs.org/side-channel set size:undefined disposed:false
1973 silly fetch manifest isarray@^2.0.5
1974 silly packumentCache full:https://registry.npmjs.org/isarray cache-miss
1975 http fetch GET 200 https://registry.npmjs.org/functions-have-names 164ms (cache miss)
1976 silly packumentCache full:https://registry.npmjs.org/functions-have-names set size:undefined disposed:false
1977 silly fetch manifest isarray@^2.0.5
1978 silly packumentCache full:https://registry.npmjs.org/isarray cache-miss
1979 http fetch GET 200 https://registry.npmjs.org/dunder-proto 175ms (cache miss)
1980 silly packumentCache full:https://registry.npmjs.org/dunder-proto set size:undefined disposed:false
1981 silly fetch manifest dunder-proto@^1.0.1
1982 silly packumentCache full:https://registry.npmjs.org/dunder-proto cache-miss
1983 http fetch GET 200 https://registry.npmjs.org/dunder-proto 207ms (cache miss)
1984 silly packumentCache full:https://registry.npmjs.org/dunder-proto set size:undefined disposed:false
1985 silly fetch manifest for-each@^0.3.3
1986 silly packumentCache full:https://registry.npmjs.org/for-each cache-miss
1987 http fetch GET 200 https://registry.npmjs.org/is-symbol 221ms (cache miss)
1988 silly packumentCache full:https://registry.npmjs.org/is-symbol set size:undefined disposed:false
1989 silly fetch manifest for-each@^0.3.3
1990 silly packumentCache full:https://registry.npmjs.org/for-each cache-miss
1991 http cache https://registry.npmjs.org/is-typed-array 144ms (cache hit)
1992 silly packumentCache full:https://registry.npmjs.org/is-typed-array set size:79965 disposed:false
1993 silly fetch manifest reflect.getprototypeof@^1.0.9
1994 silly packumentCache full:https://registry.npmjs.org/reflect.getprototypeof cache-miss
1995 http cache https://registry.npmjs.org/which-typed-array 159ms (cache hit)
1996 silly packumentCache full:https://registry.npmjs.org/which-typed-array set size:101551 disposed:false
1997 silly fetch manifest for-each@^0.3.5
1998 silly packumentCache full:https://registry.npmjs.org/for-each cache-miss
1999 http fetch GET 200 https://registry.npmjs.org/isarray 157ms (cache miss)
2000 silly packumentCache full:https://registry.npmjs.org/isarray set size:undefined disposed:false
2001 silly fetch manifest possible-typed-array-names@^1.1.0
2002 silly packumentCache full:https://registry.npmjs.org/possible-typed-array-names cache-miss
2003 http fetch GET 200 https://registry.npmjs.org/set-function-name 207ms (cache miss)
2004 silly packumentCache full:https://registry.npmjs.org/set-function-name set size:undefined disposed:false
2005 silly fetch manifest reflect.getprototypeof@^1.0.10
2006 silly packumentCache full:https://registry.npmjs.org/reflect.getprototypeof cache-miss
2007 http cache https://registry.npmjs.org/dunder-proto 182ms (cache hit)
2008 silly packumentCache full:https://registry.npmjs.org/dunder-proto set size:8256 disposed:false
2009 silly fetch manifest has-bigints@^1.0.2
2010 silly packumentCache full:https://registry.npmjs.org/has-bigints cache-miss
2011 http fetch GET 200 https://registry.npmjs.org/for-each 203ms (cache miss)
2012 silly packumentCache full:https://registry.npmjs.org/for-each set size:undefined disposed:false
2013 silly fetch manifest which-boxed-primitive@^1.1.1
2014 silly packumentCache full:https://registry.npmjs.org/which-boxed-primitive cache-miss
2015 http fetch GET 200 https://registry.npmjs.org/is-date-object 428ms (cache miss)
2016 silly packumentCache full:https://registry.npmjs.org/is-date-object set size:undefined disposed:false
2017 silly fetch manifest for-each@^0.3.5
2018 silly packumentCache full:https://registry.npmjs.org/for-each cache-miss
2019 http fetch GET 200 https://registry.npmjs.org/es-abstract-get 442ms (cache miss)
2020 silly packumentCache full:https://registry.npmjs.org/es-abstract-get set size:undefined disposed:false
2021 http fetch GET 200 https://registry.npmjs.org/for-each 227ms (cache miss)
2022 silly packumentCache full:https://registry.npmjs.org/for-each set size:undefined disposed:false
2023 http fetch GET 200 https://registry.npmjs.org/for-each 163ms (cache miss)
2024 silly packumentCache full:https://registry.npmjs.org/for-each set size:undefined disposed:false
2025 http cache https://registry.npmjs.org/possible-typed-array-names 141ms (cache hit)
2026 silly packumentCache full:https://registry.npmjs.org/possible-typed-array-names set size:9167 disposed:false
2027 http fetch GET 200 https://registry.npmjs.org/isarray 331ms (cache miss)
2028 silly packumentCache full:https://registry.npmjs.org/isarray set size:undefined disposed:false
2029 http fetch GET 200 https://registry.npmjs.org/is-document.all 548ms (cache miss)
2030 silly packumentCache full:https://registry.npmjs.org/is-document.all set size:undefined disposed:false
2031 http cache https://registry.npmjs.org/for-each 122ms (cache hit)
2032 silly packumentCache full:https://registry.npmjs.org/for-each set size:14327 disposed:false
2033 http fetch GET 200 https://registry.npmjs.org/which-boxed-primitive 131ms (cache miss)
2034 silly packumentCache full:https://registry.npmjs.org/which-boxed-primitive set size:undefined disposed:false
2035 http fetch GET 200 https://registry.npmjs.org/reflect.getprototypeof 360ms (cache miss)
2036 silly packumentCache full:https://registry.npmjs.org/reflect.getprototypeof set size:undefined disposed:false
2037 http fetch GET 200 https://registry.npmjs.org/reflect.getprototypeof 291ms (cache miss)
2038 silly packumentCache full:https://registry.npmjs.org/reflect.getprototypeof set size:undefined disposed:false
2039 http fetch GET 200 https://registry.npmjs.org/has-bigints 455ms (cache miss)
2040 silly packumentCache full:https://registry.npmjs.org/has-bigints set size:undefined disposed:false
2041 silly placeDep ROOT possible-typed-array-names@1.1.0 OK for: available-typed-arrays@1.0.7 want: ^1.0.0
2042 silly placeDep ROOT has-tostringtag@1.0.2 OK for: es-set-tostringtag@2.1.0 want: ^1.0.2
2043 silly placeDep ROOT es-abstract-get@1.0.0 OK for: es-to-primitive@1.3.4 want: ^1.0.0
2044 silly placeDep ROOT is-date-object@1.1.0 OK for: es-to-primitive@1.3.4 want: ^1.1.0
2045 silly placeDep ROOT is-symbol@1.1.1 OK for: es-to-primitive@1.3.4 want: ^1.1.1
2046 silly placeDep node_modules/eslint-module-utils debug@3.2.7 OK for: eslint-module-utils@2.14.0 want: ^3.2.7
2047 silly placeDep node_modules/eslint-plugin-jsx-a11y aria-query@5.3.2 OK for: eslint-plugin-jsx-a11y@6.10.2 want: ^5.3.2
2048 silly placeDep ROOT ast-types-flow@0.0.8 OK for: eslint-plugin-jsx-a11y@6.10.2 want: ^0.0.8
2049 silly placeDep ROOT axe-core@4.12.1 OK for: eslint-plugin-jsx-a11y@6.10.2 want: ^4.10.0
2050 silly placeDep ROOT axobject-query@4.1.0 OK for: eslint-plugin-jsx-a11y@6.10.2 want: ^4.1.0
2051 silly placeDep ROOT damerau-levenshtein@1.0.8 OK for: eslint-plugin-jsx-a11y@6.10.2 want: ^1.0.8
2052 silly placeDep ROOT emoji-regex@9.2.2 OK for: eslint-plugin-jsx-a11y@6.10.2 want: ^9.2.2
2053 silly placeDep ROOT jsx-ast-utils@3.3.5 OK for: eslint-plugin-jsx-a11y@6.10.2 want: ^3.3.5
2054 silly placeDep ROOT language-tags@1.0.9 OK for: eslint-plugin-jsx-a11y@6.10.2 want: ^1.0.9
2055 silly placeDep ROOT string.prototype.includes@2.0.1 OK for: eslint-plugin-jsx-a11y@6.10.2 want: ^2.0.1
2056 silly fetch manifest language-subtag-registry@^0.3.20
2057 silly packumentCache full:https://registry.npmjs.org/language-subtag-registry cache-miss
2058 http fetch GET 200 https://registry.npmjs.org/language-subtag-registry 105ms (cache miss)
2059 silly packumentCache full:https://registry.npmjs.org/language-subtag-registry set size:undefined disposed:false
2060 silly placeDep ROOT array.prototype.findlast@1.2.5 OK for: eslint-plugin-react@7.37.5 want: ^1.2.5
2061 silly placeDep ROOT array.prototype.tosorted@1.1.4 OK for: eslint-plugin-react@7.37.5 want: ^1.1.4
2062 silly placeDep ROOT es-iterator-helpers@1.4.0 OK for: eslint-plugin-react@7.37.5 want: ^1.2.1
2063 silly placeDep ROOT estraverse@5.3.0 OK for: eslint-plugin-react@7.37.5 want: ^5.3.0
2064 silly placeDep ROOT object.entries@1.1.9 OK for: eslint-plugin-react@7.37.5 want: ^1.1.9
2065 silly placeDep ROOT prop-types@15.8.1 OK for: eslint-plugin-react@7.37.5 want: ^15.8.1
2066 silly placeDep ROOT string.prototype.matchall@4.0.12 OK for: eslint-plugin-react@7.37.5 want: ^4.0.12
2067 silly placeDep ROOT string.prototype.repeat@1.0.0 OK for: eslint-plugin-react@7.37.5 want: ^1.0.0
2068 silly fetch manifest iterator.prototype@^1.1.5
2069 silly packumentCache full:https://registry.npmjs.org/iterator.prototype cache-miss
2070 silly fetch manifest loose-envify@^1.4.0
2071 silly packumentCache full:https://registry.npmjs.org/loose-envify cache-miss
2072 silly fetch manifest object-assign@^4.1.1
2073 silly packumentCache full:https://registry.npmjs.org/object-assign cache-miss
2074 silly fetch manifest react-is@^16.13.1
2075 silly packumentCache full:https://registry.npmjs.org/react-is cache-miss
2076 http cache https://registry.npmjs.org/react-is 108ms (cache hit)
2077 silly packumentCache full:https://registry.npmjs.org/react-is set size:5502807 disposed:false
2078 http fetch GET 200 https://registry.npmjs.org/iterator.prototype 204ms (cache miss)
2079 silly packumentCache full:https://registry.npmjs.org/iterator.prototype set size:undefined disposed:false
2080 http fetch GET 200 https://registry.npmjs.org/object-assign 202ms (cache miss)
2081 silly packumentCache full:https://registry.npmjs.org/object-assign set size:undefined disposed:false
2082 http fetch GET 200 https://registry.npmjs.org/loose-envify 454ms (cache miss)
2083 silly packumentCache full:https://registry.npmjs.org/loose-envify set size:undefined disposed:false
2084 silly placeDep ROOT iterator.prototype@1.1.5 OK for: es-iterator-helpers@1.4.0 want: ^1.1.5
2085 silly fetch manifest zod@^3.25.0 || ^4.0.0
2086 silly packumentCache full:https://registry.npmjs.org/zod cache-miss
2087 http cache https://registry.npmjs.org/zod 83ms (cache hit)
2088 silly packumentCache full:https://registry.npmjs.org/zod set size:3552562 disposed:false
2089 silly placeDep ROOT @babel/core@7.29.7 OK for: eslint-plugin-react-hooks@7.1.1 want: ^7.24.4
2090 silly placeDep ROOT @babel/parser@7.29.7 OK for: eslint-plugin-react-hooks@7.1.1 want: ^7.24.4
2091 silly placeDep ROOT hermes-parser@0.25.1 OK for: eslint-plugin-react-hooks@7.1.1 want: ^0.25.1
2092 silly placeDep ROOT zod-validation-error@4.0.2 OK for: eslint-plugin-react-hooks@7.1.1 want: ^3.5.0 || ^4.0.0
2093 silly fetch manifest json5@^2.2.3
2094 silly packumentCache full:https://registry.npmjs.org/json5 cache-miss
2095 silly fetch manifest gensync@^1.0.0-beta.2
2096 silly packumentCache full:https://registry.npmjs.org/gensync cache-miss
2097 silly fetch manifest @babel/types@^7.29.7
2098 silly packumentCache full:https://registry.npmjs.org/@babel%2ftypes cache-miss
2099 silly fetch manifest @babel/parser@^7.29.7
2100 silly packumentCache full:https://registry.npmjs.org/@babel%2fparser cache-miss
2101 silly fetch manifest @babel/helpers@^7.29.7
2102 silly packumentCache full:https://registry.npmjs.org/@babel%2fhelpers cache-miss
2103 silly fetch manifest @babel/template@^7.29.7
2104 silly packumentCache full:https://registry.npmjs.org/@babel%2ftemplate cache-miss
2105 silly fetch manifest @babel/traverse@^7.29.7
2106 silly packumentCache full:https://registry.npmjs.org/@babel%2ftraverse cache-miss
2107 silly fetch manifest @babel/generator@^7.29.7
2108 silly packumentCache full:https://registry.npmjs.org/@babel%2fgenerator cache-miss
2109 silly fetch manifest convert-source-map@^2.0.0
2110 silly packumentCache full:https://registry.npmjs.org/convert-source-map cache-miss
2111 silly fetch manifest @jridgewell/remapping@^2.3.5
2112 silly packumentCache full:https://registry.npmjs.org/@jridgewell%2fremapping cache-miss
2113 silly fetch manifest @babel/helper-module-transforms@^7.29.7
2114 silly packumentCache full:https://registry.npmjs.org/@babel%2fhelper-module-transforms cache-miss
2115 http cache https://registry.npmjs.org/json5 168ms (cache hit)
2116 silly packumentCache full:https://registry.npmjs.org/json5 set size:86136 disposed:false
2117 silly fetch manifest @babel/helper-compilation-targets@^7.29.7
2118 silly packumentCache full:https://registry.npmjs.org/@babel%2fhelper-compilation-targets cache-miss
2119 http cache https://registry.npmjs.org/@babel%2fparser 187ms (cache hit)
2120 silly packumentCache full:https://registry.npmjs.org/@babel%2fparser set size:735431 disposed:false
2121 silly fetch manifest @babel/types@^7.29.7
2122 silly packumentCache full:https://registry.npmjs.org/@babel%2ftypes cache-miss
2123 http fetch GET 200 https://registry.npmjs.org/@babel%2ftemplate 222ms (cache miss)
2124 silly packumentCache full:https://registry.npmjs.org/@babel%2ftemplate set size:undefined disposed:false
2125 silly fetch manifest hermes-estree@0.25.1
2126 silly packumentCache full:https://registry.npmjs.org/hermes-estree cache-miss
2127 http fetch GET 200 https://registry.npmjs.org/@jridgewell%2fremapping 237ms (cache miss)
2128 silly packumentCache full:https://registry.npmjs.org/@jridgewell%2fremapping set size:undefined disposed:false
2129 http fetch GET 200 https://registry.npmjs.org/@babel%2fhelper-module-transforms 275ms (cache miss)
2130 silly packumentCache full:https://registry.npmjs.org/@babel%2fhelper-module-transforms set size:undefined disposed:false
2131 http fetch GET 200 https://registry.npmjs.org/@babel%2fhelpers 326ms (cache miss)
2132 silly packumentCache full:https://registry.npmjs.org/@babel%2fhelpers set size:undefined disposed:false
2133 http fetch GET 200 https://registry.npmjs.org/@babel%2fgenerator 340ms (cache miss)
2134 silly packumentCache full:https://registry.npmjs.org/@babel%2fgenerator set size:undefined disposed:false
2135 http fetch GET 200 https://registry.npmjs.org/@babel%2ftypes 356ms (cache miss)
2136 silly packumentCache full:https://registry.npmjs.org/@babel%2ftypes set size:undefined disposed:false
2137 http fetch GET 200 https://registry.npmjs.org/hermes-estree 163ms (cache miss)
2138 silly packumentCache full:https://registry.npmjs.org/hermes-estree set size:undefined disposed:false
2139 http fetch GET 200 https://registry.npmjs.org/gensync 409ms (cache miss)
2140 silly packumentCache full:https://registry.npmjs.org/gensync set size:undefined disposed:false
2141 http fetch GET 200 https://registry.npmjs.org/convert-source-map 402ms (cache miss)
2142 silly packumentCache full:https://registry.npmjs.org/convert-source-map set size:undefined disposed:false
2143 http fetch GET 200 https://registry.npmjs.org/@babel%2ftypes 208ms (cache miss)
2144 silly packumentCache full:https://registry.npmjs.org/@babel%2ftypes set size:undefined disposed:false
2145 http fetch GET 200 https://registry.npmjs.org/@babel%2ftraverse 452ms (cache miss)
2146 silly packumentCache full:https://registry.npmjs.org/@babel%2ftraverse set size:undefined disposed:false
2147 http fetch GET 200 https://registry.npmjs.org/@babel%2fhelper-compilation-targets 347ms (cache miss)
2148 silly packumentCache full:https://registry.npmjs.org/@babel%2fhelper-compilation-targets set size:undefined disposed:false
2149 silly fetch manifest @babel/core@^7.0.0
2150 silly packumentCache full:https://registry.npmjs.org/@babel%2fcore cache-miss
2151 http cache https://registry.npmjs.org/@babel%2fcore 51ms (cache hit)
2152 silly packumentCache full:https://registry.npmjs.org/@babel%2fcore set size:788258 disposed:false
2153 silly placeDep ROOT @babel/generator@7.29.7 OK for: @babel/core@7.29.7 want: ^7.29.7
2154 silly placeDep ROOT @babel/helper-compilation-targets@7.29.7 OK for: @babel/core@7.29.7 want: ^7.29.7
2155 silly placeDep ROOT @babel/helper-module-transforms@7.29.7 OK for: @babel/core@7.29.7 want: ^7.29.7
2156 silly placeDep ROOT @babel/helpers@7.29.7 OK for: @babel/core@7.29.7 want: ^7.29.7
2157 silly placeDep ROOT @babel/template@7.29.7 OK for: @babel/core@7.29.7 want: ^7.29.7
2158 silly placeDep ROOT @babel/traverse@7.29.7 OK for: @babel/core@7.29.7 want: ^7.29.7
2159 silly placeDep ROOT @babel/types@7.29.7 OK for: @babel/core@7.29.7 want: ^7.29.7
2160 silly placeDep ROOT @jridgewell/remapping@2.3.5 OK for: @babel/core@7.29.7 want: ^2.3.5
2161 silly placeDep ROOT convert-source-map@2.0.0 OK for: @babel/core@7.29.7 want: ^2.0.0
2162 silly placeDep ROOT gensync@1.0.0-beta.2 OK for: @babel/core@7.29.7 want: ^1.0.0-beta.2
2163 silly placeDep ROOT json5@2.2.3 OK for: @babel/core@7.29.7 want: ^2.2.3
2164 silly fetch manifest jsesc@^3.0.2
2165 silly packumentCache full:https://registry.npmjs.org/jsesc cache-miss
2166 silly fetch manifest @jridgewell/gen-mapping@^0.3.12
2167 silly packumentCache full:https://registry.npmjs.org/@jridgewell%2fgen-mapping cache-miss
2168 silly fetch manifest @jridgewell/trace-mapping@^0.3.28
2169 silly packumentCache full:https://registry.npmjs.org/@jridgewell%2ftrace-mapping cache-miss
2170 silly fetch manifest lru-cache@^5.1.1
2171 silly packumentCache full:https://registry.npmjs.org/lru-cache cache-miss
2172 silly fetch manifest @babel/compat-data@^7.29.7
2173 silly packumentCache full:https://registry.npmjs.org/@babel%2fcompat-data cache-miss
2174 silly fetch manifest @babel/helper-validator-option@^7.29.7
2175 silly packumentCache full:https://registry.npmjs.org/@babel%2fhelper-validator-option cache-miss
2176 silly fetch manifest @babel/helper-module-imports@^7.29.7
2177 silly packumentCache full:https://registry.npmjs.org/@babel%2fhelper-module-imports cache-miss
2178 silly fetch manifest @babel/helper-globals@^7.29.7
2179 silly packumentCache full:https://registry.npmjs.org/@babel%2fhelper-globals cache-miss
2180 silly fetch manifest @babel/helper-string-parser@^7.29.7
2181 silly packumentCache full:https://registry.npmjs.org/@babel%2fhelper-string-parser cache-miss
2182 silly fetch manifest @jridgewell/gen-mapping@^0.3.5
2183 silly packumentCache full:https://registry.npmjs.org/@jridgewell%2fgen-mapping cache-miss
2184 silly fetch manifest @jridgewell/trace-mapping@^0.3.24
2185 silly packumentCache full:https://registry.npmjs.org/@jridgewell%2ftrace-mapping cache-miss
2186 http fetch GET 200 https://registry.npmjs.org/@jridgewell%2ftrace-mapping 130ms (cache miss)
2187 silly packumentCache full:https://registry.npmjs.org/@jridgewell%2ftrace-mapping set size:undefined disposed:false
2188 http fetch GET 200 https://registry.npmjs.org/@jridgewell%2fgen-mapping 147ms (cache miss)
2189 silly packumentCache full:https://registry.npmjs.org/@jridgewell%2fgen-mapping set size:undefined disposed:false
2190 http fetch GET 200 https://registry.npmjs.org/@babel%2fhelper-globals 142ms (cache miss)
2191 silly packumentCache full:https://registry.npmjs.org/@babel%2fhelper-globals set size:undefined disposed:false
2192 http fetch GET 200 https://registry.npmjs.org/@babel%2fhelper-string-parser 148ms (cache miss)
2193 silly packumentCache full:https://registry.npmjs.org/@babel%2fhelper-string-parser set size:undefined disposed:false
2194 http fetch GET 200 https://registry.npmjs.org/@jridgewell%2fgen-mapping 156ms (cache miss)
2195 silly packumentCache full:https://registry.npmjs.org/@jridgewell%2fgen-mapping set size:undefined disposed:false
2196 http fetch GET 200 https://registry.npmjs.org/jsesc 171ms (cache miss)
2197 silly packumentCache full:https://registry.npmjs.org/jsesc set size:undefined disposed:false
2198 http fetch GET 200 https://registry.npmjs.org/@jridgewell%2ftrace-mapping 161ms (cache miss)
2199 silly packumentCache full:https://registry.npmjs.org/@jridgewell%2ftrace-mapping set size:undefined disposed:false
2200 http fetch GET 200 https://registry.npmjs.org/@babel%2fcompat-data 204ms (cache miss)
2201 silly packumentCache full:https://registry.npmjs.org/@babel%2fcompat-data set size:undefined disposed:false
2202 http fetch GET 200 https://registry.npmjs.org/lru-cache 226ms (cache miss)
2203 silly packumentCache full:https://registry.npmjs.org/lru-cache set size:undefined disposed:false
2204 http fetch GET 200 https://registry.npmjs.org/@babel%2fhelper-validator-option 311ms (cache miss)
2205 silly packumentCache full:https://registry.npmjs.org/@babel%2fhelper-validator-option set size:undefined disposed:false
2206 http fetch GET 200 https://registry.npmjs.org/@babel%2fhelper-module-imports 322ms (cache miss)
2207 silly packumentCache full:https://registry.npmjs.org/@babel%2fhelper-module-imports set size:undefined disposed:false
2208 silly placeDep ROOT @jridgewell/gen-mapping@0.3.13 OK for: @babel/generator@7.29.7 want: ^0.3.12
2209 silly placeDep ROOT @jridgewell/trace-mapping@0.3.31 OK for: @babel/generator@7.29.7 want: ^0.3.28
2210 silly placeDep ROOT jsesc@3.1.0 OK for: @babel/generator@7.29.7 want: ^3.0.2
2211 silly fetch manifest @jridgewell/sourcemap-codec@^1.5.0
2212 silly packumentCache full:https://registry.npmjs.org/@jridgewell%2fsourcemap-codec cache-miss
2213 silly fetch manifest @jridgewell/resolve-uri@^3.1.0
2214 silly packumentCache full:https://registry.npmjs.org/@jridgewell%2fresolve-uri cache-miss
2215 silly fetch manifest @jridgewell/sourcemap-codec@^1.4.14
2216 silly packumentCache full:https://registry.npmjs.org/@jridgewell%2fsourcemap-codec cache-miss
2217 http fetch GET 200 https://registry.npmjs.org/@jridgewell%2fsourcemap-codec 76ms (cache miss)
2218 silly packumentCache full:https://registry.npmjs.org/@jridgewell%2fsourcemap-codec set size:undefined disposed:false
2219 http fetch GET 200 https://registry.npmjs.org/@jridgewell%2fsourcemap-codec 93ms (cache miss)
2220 silly packumentCache full:https://registry.npmjs.org/@jridgewell%2fsourcemap-codec set size:undefined disposed:false
2221 http fetch GET 200 https://registry.npmjs.org/@jridgewell%2fresolve-uri 95ms (cache miss)
2222 silly packumentCache full:https://registry.npmjs.org/@jridgewell%2fresolve-uri set size:undefined disposed:false
2223 silly placeDep ROOT @babel/compat-data@7.29.7 OK for: @babel/helper-compilation-targets@7.29.7 want: ^7.29.7
2224 silly placeDep ROOT @babel/helper-validator-option@7.29.7 OK for: @babel/helper-compilation-targets@7.29.7 want: ^7.29.7
2225 silly placeDep ROOT lru-cache@5.1.1 OK for: @babel/helper-compilation-targets@7.29.7 want: ^5.1.1
2226 silly fetch manifest yallist@^3.0.2
2227 silly packumentCache full:https://registry.npmjs.org/yallist cache-miss
2228 http fetch GET 200 https://registry.npmjs.org/yallist 62ms (cache miss)
2229 silly packumentCache full:https://registry.npmjs.org/yallist set size:undefined disposed:false
2230 silly placeDep ROOT @babel/helper-module-imports@7.29.7 OK for: @babel/helper-module-transforms@7.29.7 want: ^7.29.7
2231 silly placeDep ROOT @babel/helper-globals@7.29.7 OK for: @babel/traverse@7.29.7 want: ^7.29.7
2232 silly placeDep ROOT @babel/helper-string-parser@7.29.7 OK for: @babel/types@7.29.7 want: ^7.29.7
2233 silly placeDep ROOT @jridgewell/sourcemap-codec@1.5.5 OK for: @jridgewell/gen-mapping@0.3.13 want: ^1.5.0
2234 silly placeDep ROOT @jridgewell/resolve-uri@3.1.2 OK for: @jridgewell/trace-mapping@0.3.31 want: ^3.1.0
2235 silly placeDep ROOT esrecurse@4.3.0 OK for: eslint-scope@8.4.0 want: ^4.3.0
2236 silly placeDep ROOT acorn@8.17.0 OK for: espree@10.4.0 want: ^8.15.0
2237 silly placeDep ROOT acorn-jsx@5.3.2 OK for: espree@10.4.0 want: ^5.3.2
2238 silly placeDep ROOT @nodelib/fs.stat@2.0.5 OK for: fast-glob@3.3.1 want: ^2.0.2
2239 silly placeDep ROOT @nodelib/fs.walk@1.2.8 OK for: fast-glob@3.3.1 want: ^1.2.3
2240 silly placeDep node_modules/fast-glob glob-parent@5.1.2 OK for: fast-glob@3.3.1 want: ^5.1.2
2241 silly placeDep ROOT merge2@1.4.1 OK for: fast-glob@3.3.1 want: ^1.3.0
2242 silly placeDep ROOT micromatch@4.0.8 OK for: fast-glob@3.3.1 want: ^4.0.4
2243 silly fetch manifest fastq@^1.6.0
2244 silly packumentCache full:https://registry.npmjs.org/fastq cache-miss
2245 silly fetch manifest @nodelib/fs.scandir@2.1.5
2246 silly packumentCache full:https://registry.npmjs.org/@nodelib%2ffs.scandir cache-miss
2247 silly fetch manifest braces@^3.0.3
2248 silly packumentCache full:https://registry.npmjs.org/braces cache-miss
2249 silly fetch manifest picomatch@^2.3.1
2250 silly packumentCache full:https://registry.npmjs.org/picomatch cache-miss
2251 http cache https://registry.npmjs.org/picomatch 48ms (cache hit)
2252 silly packumentCache full:https://registry.npmjs.org/picomatch set size:128942 disposed:false
2253 http fetch GET 200 https://registry.npmjs.org/braces 82ms (cache miss)
2254 silly packumentCache full:https://registry.npmjs.org/braces set size:undefined disposed:false
2255 http fetch GET 200 https://registry.npmjs.org/fastq 126ms (cache miss)
2256 silly packumentCache full:https://registry.npmjs.org/fastq set size:undefined disposed:false
2257 http fetch GET 200 https://registry.npmjs.org/@nodelib%2ffs.scandir 355ms (cache miss)
2258 silly packumentCache full:https://registry.npmjs.org/@nodelib%2ffs.scandir set size:undefined disposed:false
2259 silly placeDep ROOT @nodelib/fs.scandir@2.1.5 OK for: @nodelib/fs.walk@1.2.8 want: 2.1.5
2260 silly placeDep ROOT fastq@1.20.1 OK for: @nodelib/fs.walk@1.2.8 want: ^1.6.0
2261 silly fetch manifest run-parallel@^1.1.9
2262 silly packumentCache full:https://registry.npmjs.org/run-parallel cache-miss
2263 silly fetch manifest reusify@^1.0.4
2264 silly packumentCache full:https://registry.npmjs.org/reusify cache-miss
2265 http fetch GET 200 https://registry.npmjs.org/run-parallel 57ms (cache miss)
2266 silly packumentCache full:https://registry.npmjs.org/run-parallel set size:undefined disposed:false
2267 http fetch GET 200 https://registry.npmjs.org/reusify 112ms (cache miss)
2268 silly packumentCache full:https://registry.npmjs.org/reusify set size:undefined disposed:false
2269 silly placeDep ROOT run-parallel@1.2.0 OK for: @nodelib/fs.scandir@2.1.5 want: ^1.1.9
2270 silly fetch manifest queue-microtask@^1.2.2
2271 silly packumentCache full:https://registry.npmjs.org/queue-microtask cache-miss
2272 http fetch GET 200 https://registry.npmjs.org/queue-microtask 68ms (cache miss)
2273 silly packumentCache full:https://registry.npmjs.org/queue-microtask set size:undefined disposed:false
2274 silly placeDep ROOT reusify@1.1.0 OK for: fastq@1.20.1 want: ^1.0.4
2275 silly placeDep ROOT flat-cache@4.0.1 OK for: file-entry-cache@8.0.0 want: ^4.0.0
2276 silly fetch manifest keyv@^4.5.4
2277 silly packumentCache full:https://registry.npmjs.org/keyv cache-miss
2278 silly fetch manifest flatted@^3.2.9
2279 silly packumentCache full:https://registry.npmjs.org/flatted cache-miss
2280 http fetch GET 200 https://registry.npmjs.org/flatted 70ms (cache miss)
2281 silly packumentCache full:https://registry.npmjs.org/flatted set size:undefined disposed:false
2282 http fetch GET 200 https://registry.npmjs.org/keyv 87ms (cache miss)
2283 silly packumentCache full:https://registry.npmjs.org/keyv set size:undefined disposed:false
2284 silly placeDep ROOT locate-path@6.0.0 OK for: find-up@5.0.0 want: ^6.0.0
2285 silly placeDep ROOT path-exists@4.0.0 OK for: find-up@5.0.0 want: ^4.0.0
2286 silly fetch manifest p-locate@^5.0.0
2287 silly packumentCache full:https://registry.npmjs.org/p-locate cache-miss
2288 http fetch GET 200 https://registry.npmjs.org/p-locate 88ms (cache miss)
2289 silly packumentCache full:https://registry.npmjs.org/p-locate set size:undefined disposed:false
2290 silly placeDep ROOT flatted@3.4.2 OK for: flat-cache@4.0.1 want: ^3.2.9
2291 silly placeDep ROOT keyv@4.5.4 OK for: flat-cache@4.0.1 want: ^4.5.4
2292 silly fetch manifest json-buffer@3.0.1
2293 silly packumentCache full:https://registry.npmjs.org/json-buffer cache-miss
2294 http fetch GET 200 https://registry.npmjs.org/json-buffer 112ms (cache miss)
2295 silly packumentCache full:https://registry.npmjs.org/json-buffer set size:undefined disposed:false
2296 silly placeDep ROOT functions-have-names@1.2.3 OK for: function.prototype.name@1.2.0 want: ^1.2.3
2297 silly placeDep ROOT is-document.all@1.0.0 OK for: function.prototype.name@1.2.0 want: ^1.0.0
2298 silly placeDep ROOT dunder-proto@1.0.1 OK for: get-proto@1.0.1 want: ^1.0.1
2299 silly placeDep ROOT resolve-pkg-maps@1.0.0 OK for: get-tsconfig@4.14.0 want: ^1.0.0
2300 silly placeDep ROOT hermes-estree@0.25.1 OK for: hermes-parser@0.25.1 want: 0.25.1
2301 silly placeDep ROOT parent-module@1.0.1 OK for: import-fresh@3.3.1 want: ^1.0.0
2302 silly placeDep ROOT resolve-from@4.0.0 OK for: import-fresh@3.3.1 want: ^4.0.0
2303 silly fetch manifest callsites@^3.0.0
2304 silly packumentCache full:https://registry.npmjs.org/callsites cache-miss
2305 http fetch GET 200 https://registry.npmjs.org/callsites 56ms (cache miss)
2306 silly packumentCache full:https://registry.npmjs.org/callsites set size:undefined disposed:false
2307 silly placeDep ROOT side-channel@1.1.1 OK for: internal-slot@1.1.0 want: ^1.1.0
2308 silly fetch manifest side-channel-list@^1.0.1
2309 silly packumentCache full:https://registry.npmjs.org/side-channel-list cache-miss
2310 silly fetch manifest side-channel-map@^1.0.1
2311 silly packumentCache full:https://registry.npmjs.org/side-channel-map cache-miss
2312 silly fetch manifest side-channel-weakmap@^1.0.2
2313 silly packumentCache full:https://registry.npmjs.org/side-channel-weakmap cache-miss
2314 http fetch GET 200 https://registry.npmjs.org/side-channel-map 73ms (cache miss)
2315 silly packumentCache full:https://registry.npmjs.org/side-channel-map set size:undefined disposed:false
2316 http fetch GET 200 https://registry.npmjs.org/side-channel-list 76ms (cache miss)
2317 silly packumentCache full:https://registry.npmjs.org/side-channel-list set size:undefined disposed:false
2318 http fetch GET 200 https://registry.npmjs.org/side-channel-weakmap 592ms (cache miss)
2319 silly packumentCache full:https://registry.npmjs.org/side-channel-weakmap set size:undefined disposed:false
2320 silly placeDep node_modules/is-bun-module semver@7.8.5 OK for: is-bun-module@2.0.0 want: ^7.7.1
2321 silly placeDep ROOT is-extglob@2.1.1 OK for: is-glob@4.0.3 want: ^2.1.1
2322 silly placeDep ROOT set-function-name@2.0.2 OK for: iterator.prototype@1.1.5 want: ^2.0.2
2323 silly placeDep ROOT argparse@2.0.1 OK for: js-yaml@4.3.0 want: ^2.0.1
2324 silly fetch manifest bufferutil@^4.0.1
2325 silly packumentCache full:https://registry.npmjs.org/bufferutil cache-miss
2326 http fetch GET 200 https://registry.npmjs.org/bufferutil 60ms (cache miss)
2327 silly packumentCache full:https://registry.npmjs.org/bufferutil set size:undefined disposed:false
2328 silly fetch manifest utf-8-validate@>=5.0.2
2329 silly packumentCache full:https://registry.npmjs.org/utf-8-validate cache-miss
2330 http fetch GET 200 https://registry.npmjs.org/utf-8-validate 333ms (cache miss)
2331 silly packumentCache full:https://registry.npmjs.org/utf-8-validate set size:undefined disposed:false
2332 silly placeDep ROOT cssstyle@4.6.0 OK for: jsdom@25.0.1 want: ^4.1.0
2333 silly placeDep ROOT data-urls@5.0.0 OK for: jsdom@25.0.1 want: ^5.0.0
2334 silly placeDep ROOT decimal.js@10.6.0 OK for: jsdom@25.0.1 want: ^10.4.3
2335 silly placeDep ROOT form-data@4.0.6 OK for: jsdom@25.0.1 want: ^4.0.0
2336 silly placeDep ROOT html-encoding-sniffer@4.0.0 OK for: jsdom@25.0.1 want: ^4.0.0
2337 silly placeDep ROOT http-proxy-agent@7.0.2 OK for: jsdom@25.0.1 want: ^7.0.2
2338 silly placeDep ROOT https-proxy-agent@7.0.6 OK for: jsdom@25.0.1 want: ^7.0.5
2339 silly placeDep ROOT is-potential-custom-element-name@1.0.1 OK for: jsdom@25.0.1 want: ^1.0.1
2340 silly placeDep ROOT nwsapi@2.2.24 OK for: jsdom@25.0.1 want: ^2.2.12
2341 silly placeDep ROOT parse5@7.3.0 OK for: jsdom@25.0.1 want: ^7.1.2
2342 silly placeDep ROOT rrweb-cssom@0.7.1 OK for: jsdom@25.0.1 want: ^0.7.1
2343 silly placeDep ROOT saxes@6.0.0 OK for: jsdom@25.0.1 want: ^6.0.0
2344 silly placeDep ROOT symbol-tree@3.2.4 OK for: jsdom@25.0.1 want: ^3.2.4
2345 silly placeDep ROOT tough-cookie@5.1.2 OK for: jsdom@25.0.1 want: ^5.0.0
2346 silly placeDep ROOT w3c-xmlserializer@5.0.0 OK for: jsdom@25.0.1 want: ^5.0.0
2347 silly placeDep ROOT webidl-conversions@7.0.0 OK for: jsdom@25.0.1 want: ^7.0.0
2348 silly placeDep ROOT whatwg-encoding@3.1.1 OK for: jsdom@25.0.1 want: ^3.1.1
2349 silly placeDep ROOT whatwg-mimetype@4.0.0 OK for: jsdom@25.0.1 want: ^4.0.0
2350 silly placeDep ROOT whatwg-url@14.2.0 OK for: jsdom@25.0.1 want: ^14.0.0
2351 silly placeDep ROOT ws@8.21.1 OK for: jsdom@25.0.1 want: ^8.18.0
2352 silly placeDep ROOT xml-name-validator@5.0.0 OK for: jsdom@25.0.1 want: ^5.0.0
2353 silly fetch manifest rrweb-cssom@^0.8.0
2354 silly packumentCache full:https://registry.npmjs.org/rrweb-cssom cache-miss
2355 silly fetch manifest @asamuzakjp/css-color@^3.2.0
2356 silly packumentCache full:https://registry.npmjs.org/@asamuzakjp%2fcss-color cache-miss
2357 silly fetch manifest asynckit@^0.4.0
2358 silly packumentCache full:https://registry.npmjs.org/asynckit cache-miss
2359 silly fetch manifest mime-types@^2.1.35
2360 silly packumentCache full:https://registry.npmjs.org/mime-types cache-miss
2361 silly fetch manifest combined-stream@^1.0.8
2362 silly packumentCache full:https://registry.npmjs.org/combined-stream cache-miss
2363 silly fetch manifest agent-base@^7.1.0
2364 silly packumentCache full:https://registry.npmjs.org/agent-base cache-miss
2365 silly fetch manifest agent-base@^7.1.2
2366 silly packumentCache full:https://registry.npmjs.org/agent-base cache-miss
2367 silly fetch manifest entities@^6.0.0
2368 silly packumentCache full:https://registry.npmjs.org/entities cache-miss
2369 silly fetch manifest xmlchars@^2.2.0
2370 silly packumentCache full:https://registry.npmjs.org/xmlchars cache-miss
2371 silly fetch manifest tldts@^6.1.32
2372 silly packumentCache full:https://registry.npmjs.org/tldts cache-miss
2373 silly fetch manifest iconv-lite@0.6.3
2374 silly packumentCache full:https://registry.npmjs.org/iconv-lite cache-miss
2375 http cache https://registry.npmjs.org/rrweb-cssom 68ms (cache hit)
2376 silly packumentCache full:https://registry.npmjs.org/rrweb-cssom set size:10104 disposed:false
2377 silly fetch manifest tr46@^5.1.0
2378 silly packumentCache full:https://registry.npmjs.org/tr46 cache-miss
2379 http fetch GET 200 https://registry.npmjs.org/asynckit 111ms (cache miss)
2380 silly packumentCache full:https://registry.npmjs.org/asynckit set size:undefined disposed:false
2381 http fetch GET 200 https://registry.npmjs.org/agent-base 128ms (cache miss)
2382 silly packumentCache full:https://registry.npmjs.org/agent-base set size:undefined disposed:false
2383 http fetch GET 200 https://registry.npmjs.org/combined-stream 139ms (cache miss)
2384 silly packumentCache full:https://registry.npmjs.org/combined-stream set size:undefined disposed:false
2385 http fetch GET 200 https://registry.npmjs.org/iconv-lite 136ms (cache miss)
2386 silly packumentCache full:https://registry.npmjs.org/iconv-lite set size:undefined disposed:false
2387 http fetch GET 200 https://registry.npmjs.org/agent-base 149ms (cache miss)
2388 silly packumentCache full:https://registry.npmjs.org/agent-base set size:undefined disposed:false
2389 http fetch GET 200 https://registry.npmjs.org/mime-types 156ms (cache miss)
2390 silly packumentCache full:https://registry.npmjs.org/mime-types set size:undefined disposed:false
2391 http fetch GET 200 https://registry.npmjs.org/@asamuzakjp%2fcss-color 170ms (cache miss)
2392 silly packumentCache full:https://registry.npmjs.org/@asamuzakjp%2fcss-color set size:undefined disposed:false
2393 http fetch GET 200 https://registry.npmjs.org/tr46 117ms (cache miss)
2394 silly packumentCache full:https://registry.npmjs.org/tr46 set size:undefined disposed:false
2395 http fetch GET 200 https://registry.npmjs.org/xmlchars 405ms (cache miss)
2396 silly packumentCache full:https://registry.npmjs.org/xmlchars set size:undefined disposed:false
2397 http fetch GET 200 https://registry.npmjs.org/tldts 487ms (cache miss)
2398 silly packumentCache full:https://registry.npmjs.org/tldts set size:undefined disposed:false
2399 http fetch GET 200 https://registry.npmjs.org/entities 1086ms (cache miss)
2400 silly packumentCache full:https://registry.npmjs.org/entities set size:undefined disposed:false
2401 silly placeDep ROOT @asamuzakjp/css-color@3.2.0 OK for: cssstyle@4.6.0 want: ^3.2.0
2402 silly placeDep node_modules/cssstyle rrweb-cssom@0.8.0 OK for: cssstyle@4.6.0 want: ^0.8.0
2403 silly fetch manifest lru-cache@^10.4.3
2404 silly packumentCache full:https://registry.npmjs.org/lru-cache cache-miss
2405 silly fetch manifest @csstools/css-calc@^2.1.3
2406 silly packumentCache full:https://registry.npmjs.org/@csstools%2fcss-calc cache-miss
2407 silly fetch manifest @csstools/css-tokenizer@^3.0.3
2408 silly packumentCache full:https://registry.npmjs.org/@csstools%2fcss-tokenizer cache-miss
2409 silly fetch manifest @csstools/css-color-parser@^3.0.9
2410 silly packumentCache full:https://registry.npmjs.org/@csstools%2fcss-color-parser cache-miss
2411 silly fetch manifest @csstools/css-parser-algorithms@^3.0.4
2412 silly packumentCache full:https://registry.npmjs.org/@csstools%2fcss-parser-algorithms cache-miss
2413 http cache https://registry.npmjs.org/lru-cache 49ms (cache hit)
2414 silly packumentCache full:https://registry.npmjs.org/lru-cache set size:460407 disposed:false
2415 http fetch GET 200 https://registry.npmjs.org/@csstools%2fcss-parser-algorithms 70ms (cache miss)
2416 silly packumentCache full:https://registry.npmjs.org/@csstools%2fcss-parser-algorithms set size:undefined disposed:false
2417 http fetch GET 200 https://registry.npmjs.org/@csstools%2fcss-tokenizer 313ms (cache miss)
2418 silly packumentCache full:https://registry.npmjs.org/@csstools%2fcss-tokenizer set size:undefined disposed:false
2419 http fetch GET 200 https://registry.npmjs.org/@csstools%2fcss-color-parser 319ms (cache miss)
2420 silly packumentCache full:https://registry.npmjs.org/@csstools%2fcss-color-parser set size:undefined disposed:false
2421 http fetch GET 200 https://registry.npmjs.org/@csstools%2fcss-calc 535ms (cache miss)
2422 silly packumentCache full:https://registry.npmjs.org/@csstools%2fcss-calc set size:undefined disposed:false
2423 silly placeDep ROOT @csstools/css-calc@2.1.4 OK for: @asamuzakjp/css-color@3.2.0 want: ^2.1.3
2424 silly placeDep ROOT @csstools/css-tokenizer@3.0.4 OK for: @csstools/css-calc@2.1.4 want: ^3.0.4
2425 silly placeDep ROOT @csstools/css-parser-algorithms@3.0.5 OK for: @csstools/css-calc@2.1.4 want: ^3.0.5
2426 silly placeDep ROOT @csstools/css-color-parser@3.1.0 OK for: @asamuzakjp/css-color@3.2.0 want: ^3.0.9
2427 silly placeDep node_modules/@asamuzakjp/css-color lru-cache@10.4.3 OK for: @asamuzakjp/css-color@3.2.0 want: ^10.4.3
2428 silly fetch manifest @csstools/color-helpers@^5.1.0
2429 silly packumentCache full:https://registry.npmjs.org/@csstools%2fcolor-helpers cache-miss
2430 http fetch GET 200 https://registry.npmjs.org/@csstools%2fcolor-helpers 1138ms (cache miss)
2431 silly packumentCache full:https://registry.npmjs.org/@csstools%2fcolor-helpers set size:undefined disposed:false
2432 silly placeDep ROOT @csstools/color-helpers@5.1.0 OK for: @csstools/css-color-parser@3.1.0 want: ^5.1.0
2433 silly placeDep ROOT asynckit@0.4.0 OK for: form-data@4.0.6 want: ^0.4.0
2434 silly placeDep ROOT combined-stream@1.0.8 OK for: form-data@4.0.6 want: ^1.0.8
2435 silly placeDep ROOT mime-types@2.1.35 OK for: form-data@4.0.6 want: ^2.1.35
2436 silly fetch manifest delayed-stream@~1.0.0
2437 silly packumentCache full:https://registry.npmjs.org/delayed-stream cache-miss
2438 silly fetch manifest mime-db@1.52.0
2439 silly packumentCache full:https://registry.npmjs.org/mime-db cache-miss
2440 http fetch GET 200 https://registry.npmjs.org/delayed-stream 78ms (cache miss)
2441 silly packumentCache full:https://registry.npmjs.org/delayed-stream set size:undefined disposed:false
2442 http fetch GET 200 https://registry.npmjs.org/mime-db 90ms (cache miss)
2443 silly packumentCache full:https://registry.npmjs.org/mime-db set size:undefined disposed:false
2444 silly placeDep ROOT delayed-stream@1.0.0 OK for: combined-stream@1.0.8 want: ~1.0.0
2445 silly placeDep ROOT agent-base@7.1.4 OK for: http-proxy-agent@7.0.2 want: ^7.1.0
2446 silly placeDep ROOT json-buffer@3.0.1 OK for: keyv@4.5.4 want: 3.0.1
2447 silly placeDep ROOT language-subtag-registry@0.3.23 OK for: language-tags@1.0.9 want: ^0.3.20
2448 silly placeDep ROOT prelude-ls@1.2.1 OK for: levn@0.4.1 want: ^1.2.1
2449 silly placeDep ROOT type-check@0.4.0 OK for: levn@0.4.1 want: ~0.4.0
2450 silly placeDep ROOT p-locate@5.0.0 OK for: locate-path@6.0.0 want: ^5.0.0
2451 silly fetch manifest p-limit@^3.0.2
2452 silly packumentCache full:https://registry.npmjs.org/p-limit cache-miss
2453 http fetch GET 200 https://registry.npmjs.org/p-limit 81ms (cache miss)
2454 silly packumentCache full:https://registry.npmjs.org/p-limit set size:undefined disposed:false
2455 silly placeDep ROOT yallist@3.1.1 OK for: lru-cache@5.1.1 want: ^3.0.2
2456 silly placeDep ROOT braces@3.0.3 OK for: micromatch@4.0.8 want: ^3.0.3
2457 silly placeDep ROOT picomatch@2.3.2 OK for: micromatch@4.0.8 want: ^2.3.1
2458 silly fetch manifest fill-range@^7.1.1
2459 silly packumentCache full:https://registry.npmjs.org/fill-range cache-miss
2460 http fetch GET 200 https://registry.npmjs.org/fill-range 115ms (cache miss)
2461 silly packumentCache full:https://registry.npmjs.org/fill-range set size:undefined disposed:false
2462 silly placeDep ROOT fill-range@7.1.1 OK for: braces@3.0.3 want: ^7.1.1
2463 silly fetch manifest to-regex-range@^5.0.1
2464 silly packumentCache full:https://registry.npmjs.org/to-regex-range cache-miss
2465 http fetch GET 200 https://registry.npmjs.org/to-regex-range 69ms (cache miss)
2466 silly packumentCache full:https://registry.npmjs.org/to-regex-range set size:undefined disposed:false
2467 silly placeDep ROOT to-regex-range@5.0.1 OK for: fill-range@7.1.1 want: ^5.0.1
2468 silly fetch manifest is-number@^7.0.0
2469 silly packumentCache full:https://registry.npmjs.org/is-number cache-miss
2470 http fetch GET 200 https://registry.npmjs.org/is-number 71ms (cache miss)
2471 silly packumentCache full:https://registry.npmjs.org/is-number set size:undefined disposed:false
2472 silly placeDep ROOT mime-db@1.52.0 OK for: mime-types@2.1.35 want: 1.52.0
2473 silly placeDep ROOT brace-expansion@1.1.16 OK for: minimatch@3.1.5 want: ^1.1.7
2474 silly fetch manifest concat-map@0.0.1
2475 silly packumentCache full:https://registry.npmjs.org/concat-map cache-miss
2476 silly fetch manifest balanced-match@^1.0.0
2477 silly packumentCache full:https://registry.npmjs.org/balanced-match cache-miss
2478 http fetch GET 200 https://registry.npmjs.org/balanced-match 59ms (cache miss)
2479 silly packumentCache full:https://registry.npmjs.org/balanced-match set size:undefined disposed:false
2480 http fetch GET 200 https://registry.npmjs.org/concat-map 282ms (cache miss)
2481 silly packumentCache full:https://registry.npmjs.org/concat-map set size:undefined disposed:false
2482 silly placeDep ROOT balanced-match@1.0.2 OK for: brace-expansion@1.1.16 want: ^1.0.0
2483 silly placeDep ROOT concat-map@0.0.1 OK for: brace-expansion@1.1.16 want: 0.0.1
2484 silly fetch manifest react@^18.2.0 || 19.0.0-rc-de68d2f4-20241204 || ^19.0.0
2485 silly packumentCache full:https://registry.npmjs.org/react cache-miss
2486 http cache https://registry.npmjs.org/react 54ms (cache hit)
2487 silly packumentCache full:https://registry.npmjs.org/react set size:6801299 disposed:false
2488 silly placeDep ROOT @next/env@16.2.10 OK for: next@16.2.10 want: 16.2.10
2489 silly placeDep ROOT @next/swc-darwin-arm64@16.2.10 OK for: next@16.2.10 want: 16.2.10
2490 silly placeDep ROOT @next/swc-darwin-x64@16.2.10 OK for: next@16.2.10 want: 16.2.10
2491 silly placeDep ROOT @next/swc-linux-arm64-gnu@16.2.10 OK for: next@16.2.10 want: 16.2.10
2492 silly placeDep ROOT @next/swc-linux-arm64-musl@16.2.10 OK for: next@16.2.10 want: 16.2.10
2493 silly placeDep ROOT @next/swc-linux-x64-gnu@16.2.10 OK for: next@16.2.10 want: 16.2.10
2494 silly placeDep ROOT @next/swc-linux-x64-musl@16.2.10 OK for: next@16.2.10 want: 16.2.10
2495 silly placeDep ROOT @next/swc-win32-arm64-msvc@16.2.10 OK for: next@16.2.10 want: 16.2.10
2496 silly placeDep ROOT @next/swc-win32-x64-msvc@16.2.10 OK for: next@16.2.10 want: 16.2.10
2497 silly placeDep ROOT @swc/helpers@0.5.15 OK for: next@16.2.10 want: 0.5.15
2498 silly placeDep node_modules/next postcss@8.4.31 OK for: next@16.2.10 want: 8.4.31
2499 silly placeDep ROOT sharp@0.34.5 OK for: next@16.2.10 want: ^0.34.5
2500 silly placeDep ROOT styled-jsx@5.1.6 OK for: next@16.2.10 want: 5.1.6
2501 silly fetch manifest nanoid@^3.3.6
2502 silly packumentCache full:https://registry.npmjs.org/nanoid cache-miss
2503 silly fetch manifest source-map-js@^1.0.2
2504 silly packumentCache full:https://registry.npmjs.org/source-map-js cache-miss
2505 silly fetch manifest semver@^7.7.3
2506 silly packumentCache full:https://registry.npmjs.org/semver cache-hit
2507 silly fetch manifest @img/colour@^1.0.0
2508 silly packumentCache full:https://registry.npmjs.org/@img%2fcolour cache-miss
2509 silly fetch manifest detect-libc@^2.1.2
2510 silly packumentCache full:https://registry.npmjs.org/detect-libc cache-miss
2511 silly fetch manifest @img/sharp-wasm32@0.34.5
2512 silly packumentCache full:https://registry.npmjs.org/@img%2fsharp-wasm32 cache-miss
2513 silly fetch manifest @img/sharp-linux-arm@0.34.5
2514 silly packumentCache full:https://registry.npmjs.org/@img%2fsharp-linux-arm cache-miss
2515 silly fetch manifest @img/sharp-linux-x64@0.34.5
2516 silly packumentCache full:https://registry.npmjs.org/@img%2fsharp-linux-x64 cache-miss
2517 silly fetch manifest @img/sharp-win32-x64@0.34.5
2518 silly packumentCache full:https://registry.npmjs.org/@img%2fsharp-win32-x64 cache-miss
2519 silly fetch manifest @img/sharp-darwin-x64@0.34.5
2520 silly packumentCache full:https://registry.npmjs.org/@img%2fsharp-darwin-x64 cache-miss
2521 silly fetch manifest @img/sharp-win32-ia32@0.34.5
2522 silly packumentCache full:https://registry.npmjs.org/@img%2fsharp-win32-ia32 cache-miss
2523 silly fetch manifest @img/sharp-linux-arm64@0.34.5
2524 silly packumentCache full:https://registry.npmjs.org/@img%2fsharp-linux-arm64 cache-miss
2525 http fetch GET 200 https://registry.npmjs.org/detect-libc 111ms (cache miss)
2526 silly packumentCache full:https://registry.npmjs.org/detect-libc set size:undefined disposed:false
2527 silly fetch manifest @img/sharp-linux-ppc64@0.34.5
2528 silly packumentCache full:https://registry.npmjs.org/@img%2fsharp-linux-ppc64 cache-miss
2529 http cache https://registry.npmjs.org/source-map-js 131ms (cache hit)
2530 silly packumentCache full:https://registry.npmjs.org/source-map-js set size:62640 disposed:false
2531 silly fetch manifest @img/sharp-linux-s390x@0.34.5
2532 silly packumentCache full:https://registry.npmjs.org/@img%2fsharp-linux-s390x cache-miss
2533 http cache https://registry.npmjs.org/nanoid 137ms (cache hit)
2534 silly packumentCache full:https://registry.npmjs.org/nanoid set size:335912 disposed:false
2535 silly fetch manifest @img/sharp-win32-arm64@0.34.5
2536 silly packumentCache full:https://registry.npmjs.org/@img%2fsharp-win32-arm64 cache-miss
2537 http fetch GET 200 https://registry.npmjs.org/@img%2fcolour 155ms (cache miss)
2538 silly packumentCache full:https://registry.npmjs.org/@img%2fcolour set size:undefined disposed:false
2539 silly fetch manifest @img/sharp-darwin-arm64@0.34.5
2540 silly packumentCache full:https://registry.npmjs.org/@img%2fsharp-darwin-arm64 cache-miss
2541 http fetch GET 200 https://registry.npmjs.org/@img%2fsharp-linux-arm 172ms (cache miss)
2542 silly packumentCache full:https://registry.npmjs.org/@img%2fsharp-linux-arm set size:undefined disposed:false
2543 silly fetch manifest @img/sharp-linux-riscv64@0.34.5
2544 silly packumentCache full:https://registry.npmjs.org/@img%2fsharp-linux-riscv64 cache-miss
2545 http fetch GET 200 https://registry.npmjs.org/@img%2fsharp-linux-arm64 180ms (cache miss)
2546 silly packumentCache full:https://registry.npmjs.org/@img%2fsharp-linux-arm64 set size:undefined disposed:false
2547 silly fetch manifest @img/sharp-linuxmusl-x64@0.34.5
2548 silly packumentCache full:https://registry.npmjs.org/@img%2fsharp-linuxmusl-x64 cache-miss
2549 http fetch GET 200 https://registry.npmjs.org/@img%2fsharp-linux-x64 191ms (cache miss)
2550 silly packumentCache full:https://registry.npmjs.org/@img%2fsharp-linux-x64 set size:undefined disposed:false
2551 silly fetch manifest @img/sharp-linuxmusl-arm64@0.34.5
2552 silly packumentCache full:https://registry.npmjs.org/@img%2fsharp-linuxmusl-arm64 cache-miss
2553 http fetch GET 200 https://registry.npmjs.org/@img%2fsharp-linux-s390x 115ms (cache miss)
2554 silly packumentCache full:https://registry.npmjs.org/@img%2fsharp-linux-s390x set size:undefined disposed:false
2555 silly fetch manifest @img/sharp-libvips-linux-arm@1.2.4
2556 silly packumentCache full:https://registry.npmjs.org/@img%2fsharp-libvips-linux-arm cache-miss
2557 http fetch GET 200 https://registry.npmjs.org/@img%2fsharp-win32-arm64 109ms (cache miss)
2558 silly packumentCache full:https://registry.npmjs.org/@img%2fsharp-win32-arm64 set size:undefined disposed:false
2559 silly fetch manifest @img/sharp-libvips-linux-x64@1.2.4
2560 silly packumentCache full:https://registry.npmjs.org/@img%2fsharp-libvips-linux-x64 cache-miss
2561 http fetch GET 200 https://registry.npmjs.org/@img%2fsharp-linuxmusl-x64 102ms (cache miss)
2562 silly packumentCache full:https://registry.npmjs.org/@img%2fsharp-linuxmusl-x64 set size:undefined disposed:false
2563 silly fetch manifest @img/sharp-libvips-darwin-x64@1.2.4
2564 silly packumentCache full:https://registry.npmjs.org/@img%2fsharp-libvips-darwin-x64 cache-miss
2565 http fetch GET 200 https://registry.npmjs.org/@img%2fsharp-win32-ia32 317ms (cache miss)
2566 silly packumentCache full:https://registry.npmjs.org/@img%2fsharp-win32-ia32 set size:undefined disposed:false
2567 silly fetch manifest @img/sharp-libvips-linux-arm64@1.2.4
2568 silly packumentCache full:https://registry.npmjs.org/@img%2fsharp-libvips-linux-arm64 cache-miss
2569 http fetch GET 200 https://registry.npmjs.org/@img%2fsharp-libvips-linux-arm 107ms (cache miss)
2570 silly packumentCache full:https://registry.npmjs.org/@img%2fsharp-libvips-linux-arm set size:undefined disposed:false
2571 silly fetch manifest @img/sharp-libvips-linux-ppc64@1.2.4
2572 silly packumentCache full:https://registry.npmjs.org/@img%2fsharp-libvips-linux-ppc64 cache-miss
2573 http fetch GET 200 https://registry.npmjs.org/@img%2fsharp-libvips-linux-x64 111ms (cache miss)
2574 silly packumentCache full:https://registry.npmjs.org/@img%2fsharp-libvips-linux-x64 set size:undefined disposed:false
2575 silly fetch manifest @img/sharp-libvips-linux-s390x@1.2.4
2576 silly packumentCache full:https://registry.npmjs.org/@img%2fsharp-libvips-linux-s390x cache-miss
2577 http fetch GET 200 https://registry.npmjs.org/@img%2fsharp-libvips-linux-arm64 91ms (cache miss)
2578 silly packumentCache full:https://registry.npmjs.org/@img%2fsharp-libvips-linux-arm64 set size:undefined disposed:false
2579 silly fetch manifest @img/sharp-libvips-darwin-arm64@1.2.4
2580 silly packumentCache full:https://registry.npmjs.org/@img%2fsharp-libvips-darwin-arm64 cache-miss
2581 http fetch GET 200 https://registry.npmjs.org/@img%2fsharp-libvips-linux-ppc64 80ms (cache miss)
2582 silly packumentCache full:https://registry.npmjs.org/@img%2fsharp-libvips-linux-ppc64 set size:undefined disposed:false
2583 silly fetch manifest @img/sharp-libvips-linux-riscv64@1.2.4
2584 silly packumentCache full:https://registry.npmjs.org/@img%2fsharp-libvips-linux-riscv64 cache-miss
2585 http fetch GET 200 https://registry.npmjs.org/@img%2fsharp-darwin-arm64 324ms (cache miss)
2586 silly packumentCache full:https://registry.npmjs.org/@img%2fsharp-darwin-arm64 set size:undefined disposed:false
2587 silly fetch manifest @img/sharp-libvips-linuxmusl-x64@1.2.4
2588 silly packumentCache full:https://registry.npmjs.org/@img%2fsharp-libvips-linuxmusl-x64 cache-miss
2589 http fetch GET 200 https://registry.npmjs.org/@img%2fsharp-linuxmusl-arm64 295ms (cache miss)
2590 silly packumentCache full:https://registry.npmjs.org/@img%2fsharp-linuxmusl-arm64 set size:undefined disposed:false
2591 silly fetch manifest @img/sharp-libvips-linuxmusl-arm64@1.2.4
2592 silly packumentCache full:https://registry.npmjs.org/@img%2fsharp-libvips-linuxmusl-arm64 cache-miss
2593 http fetch GET 200 https://registry.npmjs.org/@img%2fsharp-libvips-linux-riscv64 85ms (cache miss)
2594 silly packumentCache full:https://registry.npmjs.org/@img%2fsharp-libvips-linux-riscv64 set size:undefined disposed:false
2595 silly fetch manifest client-only@0.0.1
2596 silly packumentCache full:https://registry.npmjs.org/client-only cache-miss
2597 http fetch GET 200 https://registry.npmjs.org/client-only 64ms (cache miss)
2598 silly packumentCache full:https://registry.npmjs.org/client-only set size:undefined disposed:false
2599 http fetch GET 200 https://registry.npmjs.org/@img%2fsharp-darwin-x64 652ms (cache miss)
2600 silly packumentCache full:https://registry.npmjs.org/@img%2fsharp-darwin-x64 set size:undefined disposed:false
2601 http fetch GET 200 https://registry.npmjs.org/@img%2fsharp-linux-riscv64 500ms (cache miss)
2602 silly packumentCache full:https://registry.npmjs.org/@img%2fsharp-linux-riscv64 set size:undefined disposed:false
2603 http fetch GET 200 https://registry.npmjs.org/@img%2fsharp-wasm32 722ms (cache miss)
2604 silly packumentCache full:https://registry.npmjs.org/@img%2fsharp-wasm32 set size:undefined disposed:false
2605 http fetch GET 200 https://registry.npmjs.org/@img%2fsharp-win32-x64 731ms (cache miss)
2606 silly packumentCache full:https://registry.npmjs.org/@img%2fsharp-win32-x64 set size:undefined disposed:false
2607 http fetch GET 200 https://registry.npmjs.org/@img%2fsharp-linux-ppc64 637ms (cache miss)
2608 silly packumentCache full:https://registry.npmjs.org/@img%2fsharp-linux-ppc64 set size:undefined disposed:false
2609 http fetch GET 200 https://registry.npmjs.org/@img%2fsharp-libvips-darwin-x64 464ms (cache miss)
2610 silly packumentCache full:https://registry.npmjs.org/@img%2fsharp-libvips-darwin-x64 set size:undefined disposed:false
2611 http fetch GET 200 https://registry.npmjs.org/@img%2fsharp-libvips-linux-s390x 415ms (cache miss)
2612 silly packumentCache full:https://registry.npmjs.org/@img%2fsharp-libvips-linux-s390x set size:undefined disposed:false
2613 http fetch GET 200 https://registry.npmjs.org/@img%2fsharp-libvips-linuxmusl-arm64 311ms (cache miss)
2614 silly packumentCache full:https://registry.npmjs.org/@img%2fsharp-libvips-linuxmusl-arm64 set size:undefined disposed:false
2615 http fetch GET 200 https://registry.npmjs.org/@img%2fsharp-libvips-darwin-arm64 391ms (cache miss)
2616 silly packumentCache full:https://registry.npmjs.org/@img%2fsharp-libvips-darwin-arm64 set size:undefined disposed:false
2617 http fetch GET 200 https://registry.npmjs.org/@img%2fsharp-libvips-linuxmusl-x64 329ms (cache miss)
2618 silly packumentCache full:https://registry.npmjs.org/@img%2fsharp-libvips-linuxmusl-x64 set size:undefined disposed:false
2619 silly placeDep ROOT deep-is@0.1.4 OK for: optionator@0.9.4 want: ^0.1.3
2620 silly placeDep ROOT fast-levenshtein@2.0.6 OK for: optionator@0.9.4 want: ^2.0.6
2621 silly placeDep ROOT word-wrap@1.2.5 OK for: optionator@0.9.4 want: ^1.2.5
2622 silly placeDep ROOT p-limit@3.1.0 OK for: p-locate@5.0.0 want: ^3.0.2
2623 silly fetch manifest yocto-queue@^0.1.0
2624 silly packumentCache full:https://registry.npmjs.org/yocto-queue cache-miss
2625 http fetch GET 200 https://registry.npmjs.org/yocto-queue 68ms (cache miss)
2626 silly packumentCache full:https://registry.npmjs.org/yocto-queue set size:undefined disposed:false
2627 silly placeDep ROOT yocto-queue@0.1.0 OK for: p-limit@3.1.0 want: ^0.1.0
2628 silly placeDep ROOT callsites@3.1.0 OK for: parent-module@1.0.1 want: ^3.0.0
2629 silly placeDep ROOT entities@6.0.1 OK for: parse5@7.3.0 want: ^6.0.0
2630 silly placeDep ROOT nanoid@3.3.16 OK for: postcss@8.5.19 want: ^3.3.12
2631 silly placeDep ROOT source-map-js@1.2.1 OK for: postcss@8.5.19 want: ^1.2.1
2632 silly placeDep ROOT ansi-regex@5.0.1 OK for: pretty-format@27.5.1 want: ^5.0.1
2633 silly placeDep node_modules/pretty-format ansi-styles@5.2.0 OK for: pretty-format@27.5.1 want: ^5.0.0
2634 silly placeDep ROOT react-is@17.0.2 OK for: pretty-format@27.5.1 want: ^17.0.1
2635 silly placeDep ROOT loose-envify@1.4.0 OK for: prop-types@15.8.1 want: ^1.4.0
2636 silly placeDep ROOT object-assign@4.1.1 OK for: prop-types@15.8.1 want: ^4.1.1
2637 silly placeDep node_modules/prop-types react-is@16.13.1 OK for: prop-types@15.8.1 want: ^16.13.1
2638 silly placeDep ROOT scheduler@0.27.0 OK for: react-dom@19.2.7 want: ^0.27.0
2639 silly placeDep ROOT node-exports-info@1.6.2 OK for: resolve@2.0.0-next.7 want: ^1.6.0
2640 silly placeDep ROOT path-parse@1.0.7 OK for: resolve@2.0.0-next.7 want: ^1.0.7
2641 silly placeDep ROOT supports-preserve-symlinks-flag@1.0.0 OK for: resolve@2.0.0-next.7 want: ^1.0.0
2642 silly placeDep ROOT queue-microtask@1.2.3 OK for: run-parallel@1.2.0 want: ^1.2.2
2643 silly placeDep ROOT isarray@2.0.5 OK for: safe-array-concat@1.1.4 want: ^2.0.5
2644 silly placeDep ROOT xmlchars@2.2.0 OK for: saxes@6.0.0 want: ^2.2.0
2645 silly placeDep ROOT @img/colour@1.1.0 OK for: sharp@0.34.5 want: ^1.0.0
2646 silly placeDep ROOT @img/sharp-darwin-arm64@0.34.5 OK for: sharp@0.34.5 want: 0.34.5
2647 silly placeDep ROOT @img/sharp-darwin-x64@0.34.5 OK for: sharp@0.34.5 want: 0.34.5
2648 silly placeDep ROOT @img/sharp-libvips-darwin-arm64@1.2.4 OK for: sharp@0.34.5 want: 1.2.4
2649 silly placeDep ROOT @img/sharp-libvips-darwin-x64@1.2.4 OK for: sharp@0.34.5 want: 1.2.4
2650 silly placeDep ROOT @img/sharp-libvips-linux-arm@1.2.4 OK for: sharp@0.34.5 want: 1.2.4
2651 silly placeDep ROOT @img/sharp-libvips-linux-arm64@1.2.4 OK for: sharp@0.34.5 want: 1.2.4
2652 silly placeDep ROOT @img/sharp-libvips-linux-ppc64@1.2.4 OK for: sharp@0.34.5 want: 1.2.4
2653 silly placeDep ROOT @img/sharp-libvips-linux-riscv64@1.2.4 OK for: sharp@0.34.5 want: 1.2.4
2654 silly placeDep ROOT @img/sharp-libvips-linux-s390x@1.2.4 OK for: sharp@0.34.5 want: 1.2.4
2655 silly placeDep ROOT @img/sharp-libvips-linux-x64@1.2.4 OK for: sharp@0.34.5 want: 1.2.4
2656 silly placeDep ROOT @img/sharp-libvips-linuxmusl-arm64@1.2.4 OK for: sharp@0.34.5 want: 1.2.4
2657 silly placeDep ROOT @img/sharp-libvips-linuxmusl-x64@1.2.4 OK for: sharp@0.34.5 want: 1.2.4
2658 silly placeDep ROOT @img/sharp-linux-arm@0.34.5 OK for: sharp@0.34.5 want: 0.34.5
2659 silly placeDep ROOT @img/sharp-linux-arm64@0.34.5 OK for: sharp@0.34.5 want: 0.34.5
2660 silly placeDep ROOT @img/sharp-linux-ppc64@0.34.5 OK for: sharp@0.34.5 want: 0.34.5
2661 silly placeDep ROOT @img/sharp-linux-riscv64@0.34.5 OK for: sharp@0.34.5 want: 0.34.5
2662 silly placeDep ROOT @img/sharp-linux-s390x@0.34.5 OK for: sharp@0.34.5 want: 0.34.5
2663 silly placeDep ROOT @img/sharp-linux-x64@0.34.5 OK for: sharp@0.34.5 want: 0.34.5
2664 silly placeDep ROOT @img/sharp-linuxmusl-arm64@0.34.5 OK for: sharp@0.34.5 want: 0.34.5
2665 silly placeDep ROOT @img/sharp-linuxmusl-x64@0.34.5 OK for: sharp@0.34.5 want: 0.34.5
2666 silly placeDep ROOT @img/sharp-wasm32@0.34.5 OK for: sharp@0.34.5 want: 0.34.5
2667 silly placeDep ROOT @img/sharp-win32-arm64@0.34.5 OK for: sharp@0.34.5 want: 0.34.5
2668 silly placeDep ROOT @img/sharp-win32-ia32@0.34.5 OK for: sharp@0.34.5 want: 0.34.5
2669 silly placeDep ROOT @img/sharp-win32-x64@0.34.5 OK for: sharp@0.34.5 want: 0.34.5
2670 silly placeDep ROOT detect-libc@2.1.2 OK for: sharp@0.34.5 want: ^2.1.2
2671 silly placeDep node_modules/sharp semver@7.8.5 OK for: sharp@0.34.5 want: ^7.7.3
2672 silly fetch manifest @emnapi/runtime@^1.7.0
2673 silly packumentCache full:https://registry.npmjs.org/@emnapi%2fruntime cache-miss
2674 http fetch GET 200 https://registry.npmjs.org/@emnapi%2fruntime 101ms (cache miss)
2675 silly packumentCache full:https://registry.npmjs.org/@emnapi%2fruntime set size:undefined disposed:false
2676 silly placeDep ROOT @emnapi/runtime@1.11.2 OK for: @img/sharp-wasm32@0.34.5 want: ^1.7.0
2677 silly placeDep ROOT shebang-regex@3.0.0 OK for: shebang-command@2.0.0 want: ^3.0.0
2678 silly placeDep ROOT side-channel-list@1.0.1 OK for: side-channel@1.1.1 want: ^1.0.1
2679 silly placeDep ROOT side-channel-map@1.0.1 OK for: side-channel@1.1.1 want: ^1.0.1
2680 silly placeDep ROOT side-channel-weakmap@1.0.2 OK for: side-channel@1.1.1 want: ^1.0.2
2681 silly placeDep ROOT client-only@0.0.1 OK for: styled-jsx@5.1.6 want: 0.0.1
2682 silly placeDep ROOT has-flag@4.0.0 OK for: supports-color@7.2.0 want: ^4.0.0
2683 silly fetch manifest postcss@^8.4.47
2684 silly packumentCache full:https://registry.npmjs.org/postcss cache-hit
2685 silly fetch manifest tsx@^4.8.1
2686 silly packumentCache full:https://registry.npmjs.org/tsx cache-miss
2687 http fetch GET 200 https://registry.npmjs.org/tsx 70ms (cache miss)
2688 silly packumentCache full:https://registry.npmjs.org/tsx set size:undefined disposed:false
2689 silly fetch manifest yaml@^2.4.2
2690 silly packumentCache full:https://registry.npmjs.org/yaml cache-miss
2691 http fetch GET 200 https://registry.npmjs.org/yaml 78ms (cache miss)
2692 silly packumentCache full:https://registry.npmjs.org/yaml set size:undefined disposed:false
2693 silly placeDep ROOT @alloc/quick-lru@5.2.0 OK for: tailwindcss@3.4.19 want: ^5.2.0
2694 silly placeDep ROOT arg@5.0.2 OK for: tailwindcss@3.4.19 want: ^5.0.2
2695 silly placeDep ROOT chokidar@3.6.0 OK for: tailwindcss@3.4.19 want: ^3.6.0
2696 silly placeDep ROOT didyoumean@1.2.2 OK for: tailwindcss@3.4.19 want: ^1.2.2
2697 silly placeDep ROOT dlv@1.1.3 OK for: tailwindcss@3.4.19 want: ^1.1.3
2698 silly placeDep node_modules/tailwindcss fast-glob@3.3.3 OK for: tailwindcss@3.4.19 want: ^3.3.2
2699 silly placeDep ROOT jiti@1.21.7 OK for: tailwindcss@3.4.19 want: ^1.21.7
2700 silly placeDep ROOT lilconfig@3.1.3 OK for: tailwindcss@3.4.19 want: ^3.1.3
2701 silly placeDep ROOT normalize-path@3.0.0 OK for: tailwindcss@3.4.19 want: ^3.0.0
2702 silly placeDep ROOT object-hash@3.0.0 OK for: tailwindcss@3.4.19 want: ^3.0.0
2703 silly placeDep ROOT postcss-import@15.1.0 OK for: tailwindcss@3.4.19 want: ^15.1.0
2704 silly placeDep ROOT postcss-js@4.1.0 OK for: tailwindcss@3.4.19 want: ^4.0.1
2705 silly placeDep ROOT postcss-load-config@6.0.1 OK for: tailwindcss@3.4.19 want: ^4.0.2 || ^5.0 || ^6.0
2706 silly placeDep ROOT postcss-nested@6.2.0 OK for: tailwindcss@3.4.19 want: ^6.2.0
2707 silly placeDep ROOT postcss-selector-parser@6.1.4 OK for: tailwindcss@3.4.19 want: ^6.1.2
2708 silly placeDep node_modules/tailwindcss resolve@1.22.12 OK for: tailwindcss@3.4.19 want: ^1.22.8
2709 silly placeDep ROOT sucrase@3.35.1 OK for: tailwindcss@3.4.19 want: ^3.35.0
2710 silly fetch manifest anymatch@~3.1.2
2711 silly packumentCache full:https://registry.npmjs.org/anymatch cache-miss
2712 silly fetch manifest readdirp@~3.6.0
2713 silly packumentCache full:https://registry.npmjs.org/readdirp cache-miss
2714 silly fetch manifest glob-parent@~5.1.2
2715 silly packumentCache full:https://registry.npmjs.org/glob-parent cache-hit
2716 silly fetch manifest is-binary-path@~2.1.0
2717 silly packumentCache full:https://registry.npmjs.org/is-binary-path cache-miss
2718 silly fetch manifest normalize-path@~3.0.0
2719 silly packumentCache full:https://registry.npmjs.org/normalize-path cache-miss
2720 silly fetch manifest fsevents@~2.3.2
2721 silly packumentCache full:https://registry.npmjs.org/fsevents cache-miss
2722 silly fetch manifest resolve@^1.1.7
2723 silly packumentCache full:https://registry.npmjs.org/resolve cache-hit
2724 silly fetch manifest read-cache@^1.0.0
2725 silly packumentCache full:https://registry.npmjs.org/read-cache cache-miss
2726 silly fetch manifest camelcase-css@^2.0.1
2727 silly packumentCache full:https://registry.npmjs.org/camelcase-css cache-miss
2728 silly fetch manifest postcss-selector-parser@^6.1.1
2729 silly packumentCache full:https://registry.npmjs.org/postcss-selector-parser cache-miss
2730 silly fetch manifest cssesc@^3.0.0
2731 silly packumentCache full:https://registry.npmjs.org/cssesc cache-miss
2732 silly fetch manifest util-deprecate@^1.0.2
2733 silly packumentCache full:https://registry.npmjs.org/util-deprecate cache-miss
2734 silly fetch manifest commander@^4.0.0
2735 silly packumentCache full:https://registry.npmjs.org/commander cache-miss
2736 http cache https://registry.npmjs.org/normalize-path 76ms (cache hit)
2737 silly packumentCache full:https://registry.npmjs.org/normalize-path set size:28713 disposed:false
2738 silly fetch manifest lines-and-columns@^1.1.6
2739 silly packumentCache full:https://registry.npmjs.org/lines-and-columns cache-miss
2740 http cache https://registry.npmjs.org/postcss-selector-parser 79ms (cache hit)
2741 silly packumentCache full:https://registry.npmjs.org/postcss-selector-parser set size:193966 disposed:false
2742 silly fetch manifest mz@^2.7.0
2743 silly packumentCache full:https://registry.npmjs.org/mz cache-miss
2744 http fetch GET 200 https://registry.npmjs.org/camelcase-css 127ms (cache miss)
2745 silly packumentCache full:https://registry.npmjs.org/camelcase-css set size:undefined disposed:false
2746 silly fetch manifest pirates@^4.0.1
2747 silly packumentCache full:https://registry.npmjs.org/pirates cache-miss
2748 http fetch GET 200 https://registry.npmjs.org/util-deprecate 133ms (cache miss)
2749 silly packumentCache full:https://registry.npmjs.org/util-deprecate set size:undefined disposed:false
2750 silly fetch manifest ts-interface-checker@^0.1.9
2751 silly packumentCache full:https://registry.npmjs.org/ts-interface-checker cache-miss
2752 http fetch GET 200 https://registry.npmjs.org/anymatch 158ms (cache miss)
2753 silly packumentCache full:https://registry.npmjs.org/anymatch set size:undefined disposed:false
2754 http fetch GET 200 https://registry.npmjs.org/cssesc 164ms (cache miss)
2755 silly packumentCache full:https://registry.npmjs.org/cssesc set size:undefined disposed:false
2756 http fetch GET 200 https://registry.npmjs.org/is-binary-path 188ms (cache miss)
2757 silly packumentCache full:https://registry.npmjs.org/is-binary-path set size:undefined disposed:false
2758 http fetch GET 200 https://registry.npmjs.org/readdirp 196ms (cache miss)
2759 silly packumentCache full:https://registry.npmjs.org/readdirp set size:undefined disposed:false
2760 http fetch GET 200 https://registry.npmjs.org/fsevents 202ms (cache miss)
2761 silly packumentCache full:https://registry.npmjs.org/fsevents set size:undefined disposed:false
2762 http fetch GET 200 https://registry.npmjs.org/lines-and-columns 152ms (cache miss)
2763 silly packumentCache full:https://registry.npmjs.org/lines-and-columns set size:undefined disposed:false
2764 http fetch GET 200 https://registry.npmjs.org/mz 138ms (cache miss)
2765 silly packumentCache full:https://registry.npmjs.org/mz set size:undefined disposed:false
2766 http fetch GET 200 https://registry.npmjs.org/pirates 120ms (cache miss)
2767 silly packumentCache full:https://registry.npmjs.org/pirates set size:undefined disposed:false
2768 http fetch GET 200 https://registry.npmjs.org/commander 248ms (cache miss)
2769 silly packumentCache full:https://registry.npmjs.org/commander set size:undefined disposed:false
2770 http fetch GET 200 https://registry.npmjs.org/ts-interface-checker 128ms (cache miss)
2771 silly packumentCache full:https://registry.npmjs.org/ts-interface-checker set size:undefined disposed:false
2772 http fetch GET 200 https://registry.npmjs.org/read-cache 308ms (cache miss)
2773 silly packumentCache full:https://registry.npmjs.org/read-cache set size:undefined disposed:false
2774 silly placeDep ROOT anymatch@3.1.3 OK for: chokidar@3.6.0 want: ~3.1.2
2775 silly placeDep ROOT fsevents@2.3.3 OK for: chokidar@3.6.0 want: ~2.3.2
2776 silly placeDep node_modules/chokidar glob-parent@5.1.2 OK for: chokidar@3.6.0 want: ~5.1.2
2777 silly placeDep ROOT is-binary-path@2.1.0 OK for: chokidar@3.6.0 want: ~2.1.0
2778 silly placeDep ROOT readdirp@3.6.0 OK for: chokidar@3.6.0 want: ~3.6.0
2779 silly fetch manifest binary-extensions@^2.0.0
2780 silly packumentCache full:https://registry.npmjs.org/binary-extensions cache-miss
2781 http fetch GET 200 https://registry.npmjs.org/binary-extensions 61ms (cache miss)
2782 silly packumentCache full:https://registry.npmjs.org/binary-extensions set size:undefined disposed:false
2783 silly placeDep ROOT binary-extensions@2.3.0 OK for: is-binary-path@2.1.0 want: ^2.0.0
2784 silly placeDep ROOT read-cache@1.0.0 OK for: postcss-import@15.1.0 want: ^1.0.0
2785 silly placeDep node_modules/postcss-import resolve@1.22.12 OK for: postcss-import@15.1.0 want: ^1.1.7
2786 silly fetch manifest pify@^2.3.0
2787 silly packumentCache full:https://registry.npmjs.org/pify cache-miss
2788 http fetch GET 200 https://registry.npmjs.org/pify 74ms (cache miss)
2789 silly packumentCache full:https://registry.npmjs.org/pify set size:undefined disposed:false
2790 silly placeDep ROOT camelcase-css@2.0.1 OK for: postcss-js@4.1.0 want: ^2.0.1
2791 silly placeDep ROOT cssesc@3.0.0 OK for: postcss-selector-parser@6.1.4 want: ^3.0.0
2792 silly placeDep ROOT util-deprecate@1.0.2 OK for: postcss-selector-parser@6.1.4 want: ^1.0.2
2793 silly placeDep ROOT pify@2.3.0 OK for: read-cache@1.0.0 want: ^2.3.0
2794 silly placeDep ROOT commander@4.1.1 OK for: sucrase@3.35.1 want: ^4.0.0
2795 silly placeDep ROOT lines-and-columns@1.2.4 OK for: sucrase@3.35.1 want: ^1.1.6
2796 silly placeDep ROOT mz@2.7.0 OK for: sucrase@3.35.1 want: ^2.7.0
2797 silly placeDep ROOT pirates@4.0.7 OK for: sucrase@3.35.1 want: ^4.0.1
2798 silly placeDep ROOT ts-interface-checker@0.1.13 OK for: sucrase@3.35.1 want: ^0.1.9
2799 silly fetch manifest any-promise@^1.0.0
2800 silly packumentCache full:https://registry.npmjs.org/any-promise cache-miss
2801 silly fetch manifest thenify-all@^1.0.0
2802 silly packumentCache full:https://registry.npmjs.org/thenify-all cache-miss
2803 http fetch GET 200 https://registry.npmjs.org/thenify-all 73ms (cache miss)
2804 silly packumentCache full:https://registry.npmjs.org/thenify-all set size:undefined disposed:false
2805 http fetch GET 200 https://registry.npmjs.org/any-promise 337ms (cache miss)
2806 silly packumentCache full:https://registry.npmjs.org/any-promise set size:undefined disposed:false
2807 silly placeDep ROOT any-promise@1.3.0 OK for: mz@2.7.0 want: ^1.0.0
2808 silly placeDep ROOT thenify-all@1.6.0 OK for: mz@2.7.0 want: ^1.0.0
2809 silly fetch manifest thenify@>= 3.1.0 < 4
2810 silly packumentCache full:https://registry.npmjs.org/thenify cache-miss
2811 http fetch GET 200 https://registry.npmjs.org/thenify 69ms (cache miss)
2812 silly packumentCache full:https://registry.npmjs.org/thenify set size:undefined disposed:false
2813 silly placeDep ROOT thenify@3.3.1 OK for: thenify-all@1.6.0 want: >= 3.1.0 < 4
2814 silly placeDep node_modules/tinyglobby fdir@6.5.0 OK for: tinyglobby@0.2.17 want: ^6.5.0
2815 silly placeDep node_modules/tinyglobby picomatch@4.0.5 OK for: fdir@6.5.0 want: ^3 || ^4
2816 silly placeDep ROOT is-number@7.0.0 OK for: to-regex-range@5.0.1 want: ^7.0.0
2817 silly placeDep ROOT tldts@6.1.86 OK for: tough-cookie@5.1.2 want: ^6.1.32
2818 silly fetch manifest tldts-core@^6.1.86
2819 silly packumentCache full:https://registry.npmjs.org/tldts-core cache-miss
2820 http fetch GET 200 https://registry.npmjs.org/tldts-core 504ms (cache miss)
2821 silly packumentCache full:https://registry.npmjs.org/tldts-core set size:undefined disposed:false
2822 silly placeDep ROOT tldts-core@6.1.86 OK for: tldts@6.1.86 want: ^6.1.86
2823 silly placeDep ROOT @types/json5@0.0.29 OK for: tsconfig-paths@3.15.0 want: ^0.0.29
2824 silly placeDep node_modules/tsconfig-paths json5@1.0.2 OK for: tsconfig-paths@3.15.0 want: ^1.0.2
2825 silly placeDep ROOT minimist@1.2.8 OK for: tsconfig-paths@3.15.0 want: ^1.2.6
2826 silly placeDep ROOT strip-bom@3.0.0 OK for: tsconfig-paths@3.15.0 want: ^3.0.0
2827 silly fetch manifest minimist@^1.2.0
2828 silly packumentCache full:https://registry.npmjs.org/minimist cache-miss
2829 http cache https://registry.npmjs.org/minimist 39ms (cache hit)
2830 silly packumentCache full:https://registry.npmjs.org/minimist set size:77063 disposed:false
2831 silly placeDep ROOT for-each@0.3.5 OK for: typed-array-byte-length@1.0.3 want: ^0.3.3
2832 silly placeDep ROOT reflect.getprototypeof@1.0.10 OK for: typed-array-byte-offset@1.0.4 want: ^1.0.9
2833 silly fetch manifest which-builtin-type@^1.2.1
2834 silly packumentCache full:https://registry.npmjs.org/which-builtin-type cache-miss
2835 http fetch GET 200 https://registry.npmjs.org/which-builtin-type 66ms (cache miss)
2836 silly packumentCache full:https://registry.npmjs.org/which-builtin-type set size:undefined disposed:false
2837 silly placeDep ROOT which-builtin-type@1.2.1 OK for: reflect.getprototypeof@1.0.10 want: ^1.2.1
2838 silly fetch manifest is-async-function@^2.0.0
2839 silly packumentCache full:https://registry.npmjs.org/is-async-function cache-miss
2840 silly fetch manifest is-finalizationregistry@^1.1.0
2841 silly packumentCache full:https://registry.npmjs.org/is-finalizationregistry cache-miss
2842 silly fetch manifest is-generator-function@^1.0.10
2843 silly packumentCache full:https://registry.npmjs.org/is-generator-function cache-miss
2844 silly fetch manifest which-boxed-primitive@^1.1.0
2845 silly packumentCache full:https://registry.npmjs.org/which-boxed-primitive cache-miss
2846 silly fetch manifest which-collection@^1.0.2
2847 silly packumentCache full:https://registry.npmjs.org/which-collection cache-miss
2848 http cache https://registry.npmjs.org/which-boxed-primitive 40ms (cache hit)
2849 silly packumentCache full:https://registry.npmjs.org/which-boxed-primitive set size:19407 disposed:false
2850 http fetch GET 200 https://registry.npmjs.org/is-finalizationregistry 74ms (cache miss)
2851 silly packumentCache full:https://registry.npmjs.org/is-finalizationregistry set size:undefined disposed:false
2852 http fetch GET 200 https://registry.npmjs.org/is-async-function 92ms (cache miss)
2853 silly packumentCache full:https://registry.npmjs.org/is-async-function set size:undefined disposed:false
2854 http fetch GET 200 https://registry.npmjs.org/is-generator-function 94ms (cache miss)
2855 silly packumentCache full:https://registry.npmjs.org/is-generator-function set size:undefined disposed:false
2856 http fetch GET 200 https://registry.npmjs.org/which-collection 303ms (cache miss)
2857 silly packumentCache full:https://registry.npmjs.org/which-collection set size:undefined disposed:false
2858 silly fetch manifest eslint@^8.57.0 || ^9.0.0 || ^10.0.0
2859 silly packumentCache full:https://registry.npmjs.org/eslint cache-miss
2860 http cache https://registry.npmjs.org/eslint 43ms (cache hit)
2861 silly packumentCache full:https://registry.npmjs.org/eslint set size:2033084 disposed:false
2862 silly placeDep ROOT @typescript-eslint/eslint-plugin@8.64.0 OK for: typescript-eslint@8.64.0 want: 8.64.0
2863 silly placeDep ROOT @typescript-eslint/parser@8.64.0 OK for: @typescript-eslint/eslint-plugin@8.64.0 want: ^8.64.0
2864 silly placeDep ROOT @typescript-eslint/typescript-estree@8.64.0 OK for: typescript-eslint@8.64.0 want: 8.64.0
2865 silly placeDep ROOT @typescript-eslint/utils@8.64.0 OK for: typescript-eslint@8.64.0 want: 8.64.0
2866 silly fetch manifest ignore@^7.0.5
2867 silly packumentCache full:https://registry.npmjs.org/ignore cache-miss
2868 silly fetch manifest ts-api-utils@^2.5.0
2869 silly packumentCache full:https://registry.npmjs.org/ts-api-utils cache-miss
2870 silly fetch manifest @typescript-eslint/type-utils@8.64.0
2871 silly packumentCache full:https://registry.npmjs.org/@typescript-eslint%2ftype-utils cache-miss
2872 silly fetch manifest @typescript-eslint/visitor-keys@8.64.0
2873 silly packumentCache full:https://registry.npmjs.org/@typescript-eslint%2fvisitor-keys cache-miss
2874 silly fetch manifest @typescript-eslint/scope-manager@8.64.0
2875 silly packumentCache full:https://registry.npmjs.org/@typescript-eslint%2fscope-manager cache-miss
2876 silly fetch manifest @typescript-eslint/types@8.64.0
2877 silly packumentCache full:https://registry.npmjs.org/@typescript-eslint%2ftypes cache-miss
2878 silly fetch manifest @typescript-eslint/visitor-keys@8.64.0
2879 silly packumentCache full:https://registry.npmjs.org/@typescript-eslint%2fvisitor-keys cache-miss
2880 silly fetch manifest @typescript-eslint/scope-manager@8.64.0
2881 silly packumentCache full:https://registry.npmjs.org/@typescript-eslint%2fscope-manager cache-miss
2882 silly fetch manifest minimatch@^10.2.2
2883 silly packumentCache full:https://registry.npmjs.org/minimatch cache-miss
2884 silly fetch manifest ts-api-utils@^2.5.0
2885 silly packumentCache full:https://registry.npmjs.org/ts-api-utils cache-miss
2886 silly fetch manifest @typescript-eslint/types@8.64.0
2887 silly packumentCache full:https://registry.npmjs.org/@typescript-eslint%2ftypes cache-miss
2888 http cache https://registry.npmjs.org/ignore 57ms (cache hit)
2889 silly packumentCache full:https://registry.npmjs.org/ignore set size:240910 disposed:false
2890 silly fetch manifest @typescript-eslint/visitor-keys@8.64.0
2891 silly packumentCache full:https://registry.npmjs.org/@typescript-eslint%2fvisitor-keys cache-miss
2892 http cache https://registry.npmjs.org/minimatch 56ms (cache hit)
2893 silly packumentCache full:https://registry.npmjs.org/minimatch set size:375282 disposed:false
2894 silly fetch manifest @typescript-eslint/tsconfig-utils@8.64.0
2895 silly packumentCache full:https://registry.npmjs.org/@typescript-eslint%2ftsconfig-utils cache-miss
2896 http fetch GET 200 https://registry.npmjs.org/ts-api-utils 87ms (cache miss)
2897 silly packumentCache full:https://registry.npmjs.org/ts-api-utils set size:undefined disposed:false
2898 silly fetch manifest @typescript-eslint/project-service@8.64.0
2899 silly packumentCache full:https://registry.npmjs.org/@typescript-eslint%2fproject-service cache-miss
2900 http fetch GET 200 https://registry.npmjs.org/ts-api-utils 90ms (cache miss)
2901 silly packumentCache full:https://registry.npmjs.org/ts-api-utils set size:undefined disposed:false
2902 silly fetch manifest @typescript-eslint/types@8.64.0
2903 silly packumentCache full:https://registry.npmjs.org/@typescript-eslint%2ftypes cache-miss
2904 http fetch GET 200 https://registry.npmjs.org/@typescript-eslint%2ftsconfig-utils 196ms (cache miss)
2905 silly packumentCache full:https://registry.npmjs.org/@typescript-eslint%2ftsconfig-utils set size:undefined disposed:false
2906 silly fetch manifest @typescript-eslint/scope-manager@8.64.0
2907 silly packumentCache full:https://registry.npmjs.org/@typescript-eslint%2fscope-manager cache-miss
2908 http fetch GET 200 https://registry.npmjs.org/@typescript-eslint%2fproject-service 230ms (cache miss)
2909 silly packumentCache full:https://registry.npmjs.org/@typescript-eslint%2fproject-service set size:undefined disposed:false
2910 http fetch GET 200 https://registry.npmjs.org/@typescript-eslint%2fscope-manager 1661ms (cache miss)
2911 silly packumentCache full:https://registry.npmjs.org/@typescript-eslint%2fscope-manager set size:undefined disposed:false
2912 http fetch GET 200 https://registry.npmjs.org/@typescript-eslint%2fscope-manager 1928ms (cache miss)
2913 silly packumentCache full:https://registry.npmjs.org/@typescript-eslint%2fscope-manager set size:undefined disposed:false
2914 http fetch GET 200 https://registry.npmjs.org/@typescript-eslint%2ftype-utils 2160ms (cache miss)
2915 silly packumentCache full:https://registry.npmjs.org/@typescript-eslint%2ftype-utils set size:undefined disposed:false
2916 http fetch GET 200 https://registry.npmjs.org/@typescript-eslint%2fvisitor-keys 2341ms (cache miss)
2917 silly packumentCache full:https://registry.npmjs.org/@typescript-eslint%2fvisitor-keys set size:undefined disposed:false
2918 http fetch GET 200 https://registry.npmjs.org/@typescript-eslint%2fvisitor-keys 2437ms (cache miss)
2919 silly packumentCache full:https://registry.npmjs.org/@typescript-eslint%2fvisitor-keys set size:undefined disposed:false
2920 http fetch GET 200 https://registry.npmjs.org/@typescript-eslint%2fvisitor-keys 2551ms (cache miss)
2921 silly packumentCache full:https://registry.npmjs.org/@typescript-eslint%2fvisitor-keys set size:undefined disposed:false
2922 http fetch GET 200 https://registry.npmjs.org/@typescript-eslint%2ftypes 2808ms (cache miss)
2923 silly packumentCache full:https://registry.npmjs.org/@typescript-eslint%2ftypes set size:undefined disposed:false
2924 http fetch GET 200 https://registry.npmjs.org/@typescript-eslint%2fscope-manager 2673ms (cache miss)
2925 silly packumentCache full:https://registry.npmjs.org/@typescript-eslint%2fscope-manager set size:undefined disposed:false
2926 http fetch GET 200 https://registry.npmjs.org/@typescript-eslint%2ftypes 3050ms (cache miss)
2927 silly packumentCache full:https://registry.npmjs.org/@typescript-eslint%2ftypes set size:undefined disposed:false
2928 http fetch GET 200 https://registry.npmjs.org/@typescript-eslint%2ftypes 3113ms (cache miss)
2929 silly packumentCache full:https://registry.npmjs.org/@typescript-eslint%2ftypes set size:undefined disposed:false
2930 silly placeDep ROOT @typescript-eslint/scope-manager@8.64.0 OK for: @typescript-eslint/eslint-plugin@8.64.0 want: 8.64.0
2931 silly placeDep ROOT @typescript-eslint/type-utils@8.64.0 OK for: @typescript-eslint/eslint-plugin@8.64.0 want: 8.64.0
2932 silly placeDep ROOT @typescript-eslint/visitor-keys@8.64.0 OK for: @typescript-eslint/eslint-plugin@8.64.0 want: 8.64.0
2933 silly placeDep node_modules/@typescript-eslint/eslint-plugin ignore@7.0.6 OK for: @typescript-eslint/eslint-plugin@8.64.0 want: ^7.0.5
2934 silly placeDep ROOT ts-api-utils@2.5.0 OK for: @typescript-eslint/eslint-plugin@8.64.0 want: ^2.5.0
2935 silly fetch manifest eslint-visitor-keys@^5.0.0
2936 silly packumentCache full:https://registry.npmjs.org/eslint-visitor-keys cache-hit
2937 silly placeDep ROOT @typescript-eslint/types@8.64.0 OK for: @typescript-eslint/parser@8.64.0 want: 8.64.0
2938 silly placeDep ROOT @typescript-eslint/project-service@8.64.0 OK for: @typescript-eslint/typescript-estree@8.64.0 want: 8.64.0
2939 silly placeDep ROOT @typescript-eslint/tsconfig-utils@8.64.0 OK for: @typescript-eslint/typescript-estree@8.64.0 want: 8.64.0
2940 silly placeDep node_modules/@typescript-eslint/typescript-estree minimatch@10.2.5 OK for: @typescript-eslint/typescript-estree@8.64.0 want: ^10.2.2
2941 silly placeDep node_modules/@typescript-eslint/typescript-estree semver@7.8.5 OK for: @typescript-eslint/typescript-estree@8.64.0 want: ^7.7.3
2942 silly fetch manifest @typescript-eslint/tsconfig-utils@^8.64.0
2943 silly packumentCache full:https://registry.npmjs.org/@typescript-eslint%2ftsconfig-utils cache-miss
2944 silly fetch manifest brace-expansion@^5.0.5
2945 silly packumentCache full:https://registry.npmjs.org/brace-expansion cache-miss
2946 http cache https://registry.npmjs.org/brace-expansion 47ms (cache hit)
2947 silly packumentCache full:https://registry.npmjs.org/brace-expansion set size:78539 disposed:false
2948 http cache https://registry.npmjs.org/@typescript-eslint%2ftsconfig-utils 58ms (cache hit)
2949 silly packumentCache full:https://registry.npmjs.org/@typescript-eslint%2ftsconfig-utils set size:1527537 disposed:false
2950 silly placeDep node_modules/@typescript-eslint/visitor-keys eslint-visitor-keys@5.0.1 OK for: @typescript-eslint/visitor-keys@8.64.0 want: ^5.0.0
2951 silly placeDep ROOT has-bigints@1.1.0 OK for: unbox-primitive@1.1.0 want: ^1.0.2
2952 silly placeDep ROOT which-boxed-primitive@1.1.1 OK for: unbox-primitive@1.1.0 want: ^1.1.1
2953 silly fetch manifest is-bigint@^1.1.0
2954 silly packumentCache full:https://registry.npmjs.org/is-bigint cache-miss
2955 silly fetch manifest is-boolean-object@^1.2.1
2956 silly packumentCache full:https://registry.npmjs.org/is-boolean-object cache-miss
2957 silly fetch manifest is-number-object@^1.1.1
2958 silly packumentCache full:https://registry.npmjs.org/is-number-object cache-miss
2959 http fetch GET 200 https://registry.npmjs.org/is-boolean-object 74ms (cache miss)
2960 silly packumentCache full:https://registry.npmjs.org/is-boolean-object set size:undefined disposed:false
2961 http fetch GET 200 https://registry.npmjs.org/is-number-object 75ms (cache miss)
2962 silly packumentCache full:https://registry.npmjs.org/is-number-object set size:undefined disposed:false
2963 http fetch GET 200 https://registry.npmjs.org/is-bigint 78ms (cache miss)
2964 silly packumentCache full:https://registry.npmjs.org/is-bigint set size:undefined disposed:false
2965 silly placeDep ROOT @unrs/resolver-binding-android-arm-eabi@1.12.2 OK for: unrs-resolver@1.12.2 want: 1.12.2
2966 silly placeDep ROOT @unrs/resolver-binding-android-arm64@1.12.2 OK for: unrs-resolver@1.12.2 want: 1.12.2
2967 silly placeDep ROOT @unrs/resolver-binding-darwin-arm64@1.12.2 OK for: unrs-resolver@1.12.2 want: 1.12.2
2968 silly placeDep ROOT @unrs/resolver-binding-darwin-x64@1.12.2 OK for: unrs-resolver@1.12.2 want: 1.12.2
2969 silly placeDep ROOT @unrs/resolver-binding-freebsd-x64@1.12.2 OK for: unrs-resolver@1.12.2 want: 1.12.2
2970 silly placeDep ROOT @unrs/resolver-binding-linux-arm-gnueabihf@1.12.2 OK for: unrs-resolver@1.12.2 want: 1.12.2
2971 silly placeDep ROOT @unrs/resolver-binding-linux-arm-musleabihf@1.12.2 OK for: unrs-resolver@1.12.2 want: 1.12.2
2972 silly placeDep ROOT @unrs/resolver-binding-linux-arm64-gnu@1.12.2 OK for: unrs-resolver@1.12.2 want: 1.12.2
2973 silly placeDep ROOT @unrs/resolver-binding-linux-arm64-musl@1.12.2 OK for: unrs-resolver@1.12.2 want: 1.12.2
2974 silly placeDep ROOT @unrs/resolver-binding-linux-loong64-gnu@1.12.2 OK for: unrs-resolver@1.12.2 want: 1.12.2
2975 silly placeDep ROOT @unrs/resolver-binding-linux-loong64-musl@1.12.2 OK for: unrs-resolver@1.12.2 want: 1.12.2
2976 silly placeDep ROOT @unrs/resolver-binding-linux-ppc64-gnu@1.12.2 OK for: unrs-resolver@1.12.2 want: 1.12.2
2977 silly placeDep ROOT @unrs/resolver-binding-linux-riscv64-gnu@1.12.2 OK for: unrs-resolver@1.12.2 want: 1.12.2
2978 silly placeDep ROOT @unrs/resolver-binding-linux-riscv64-musl@1.12.2 OK for: unrs-resolver@1.12.2 want: 1.12.2
2979 silly placeDep ROOT @unrs/resolver-binding-linux-s390x-gnu@1.12.2 OK for: unrs-resolver@1.12.2 want: 1.12.2
2980 silly placeDep ROOT @unrs/resolver-binding-linux-x64-gnu@1.12.2 OK for: unrs-resolver@1.12.2 want: 1.12.2
2981 silly placeDep ROOT @unrs/resolver-binding-linux-x64-musl@1.12.2 OK for: unrs-resolver@1.12.2 want: 1.12.2
2982 silly placeDep ROOT @unrs/resolver-binding-openharmony-arm64@1.12.2 OK for: unrs-resolver@1.12.2 want: 1.12.2
2983 silly placeDep ROOT @unrs/resolver-binding-wasm32-wasi@1.12.2 OK for: unrs-resolver@1.12.2 want: 1.12.2
2984 silly placeDep ROOT @unrs/resolver-binding-win32-arm64-msvc@1.12.2 OK for: unrs-resolver@1.12.2 want: 1.12.2
2985 silly placeDep ROOT @unrs/resolver-binding-win32-ia32-msvc@1.12.2 OK for: unrs-resolver@1.12.2 want: 1.12.2
2986 silly placeDep ROOT @unrs/resolver-binding-win32-x64-msvc@1.12.2 OK for: unrs-resolver@1.12.2 want: 1.12.2
2987 silly placeDep ROOT napi-postinstall@0.3.4 OK for: unrs-resolver@1.12.2 want: ^0.3.4
2988 silly fetch manifest @napi-rs/wasm-runtime@^1.1.4
2989 silly packumentCache full:https://registry.npmjs.org/@napi-rs%2fwasm-runtime cache-miss
2990 silly fetch manifest @emnapi/core@1.10.0
2991 silly packumentCache full:https://registry.npmjs.org/@emnapi%2fcore cache-miss
2992 silly fetch manifest @emnapi/runtime@1.10.0
2993 silly packumentCache full:https://registry.npmjs.org/@emnapi%2fruntime cache-miss
2994 http cache https://registry.npmjs.org/@emnapi%2fruntime 49ms (cache hit)
2995 silly packumentCache full:https://registry.npmjs.org/@emnapi%2fruntime set size:118526 disposed:false
2996 http fetch GET 200 https://registry.npmjs.org/@napi-rs%2fwasm-runtime 268ms (cache miss)
2997 silly packumentCache full:https://registry.npmjs.org/@napi-rs%2fwasm-runtime set size:undefined disposed:false
2998 http fetch GET 200 https://registry.npmjs.org/@emnapi%2fcore 365ms (cache miss)
2999 silly packumentCache full:https://registry.npmjs.org/@emnapi%2fcore set size:undefined disposed:false
3000 silly placeDep ROOT @emnapi/core@1.10.0 OK for: @unrs/resolver-binding-wasm32-wasi@1.12.2 want: 1.10.0
3001 silly placeDep node_modules/@unrs/resolver-binding-wasm32-wasi @emnapi/runtime@1.10.0 OK for: @unrs/resolver-binding-wasm32-wasi@1.12.2 want: 1.10.0
3002 silly placeDep ROOT @napi-rs/wasm-runtime@1.1.6 OK for: @unrs/resolver-binding-wasm32-wasi@1.12.2 want: ^1.1.4
3003 silly fetch manifest @emnapi/wasi-threads@1.2.1
3004 silly packumentCache full:https://registry.npmjs.org/@emnapi%2fwasi-threads cache-miss
3005 silly fetch manifest @tybys/wasm-util@^0.10.3
3006 silly packumentCache full:https://registry.npmjs.org/@tybys%2fwasm-util cache-miss
3007 http fetch GET 200 https://registry.npmjs.org/@tybys%2fwasm-util 74ms (cache miss)
3008 silly packumentCache full:https://registry.npmjs.org/@tybys%2fwasm-util set size:undefined disposed:false
3009 http fetch GET 200 https://registry.npmjs.org/@emnapi%2fwasi-threads 79ms (cache miss)
3010 silly packumentCache full:https://registry.npmjs.org/@emnapi%2fwasi-threads set size:undefined disposed:false
3011 silly placeDep ROOT @emnapi/wasi-threads@1.2.1 OK for: @emnapi/core@1.10.0 want: 1.2.1
3012 silly placeDep ROOT @tybys/wasm-util@0.10.3 OK for: @napi-rs/wasm-runtime@1.1.6 want: ^0.10.3
3013 silly placeDep ROOT escalade@3.2.0 OK for: update-browserslist-db@1.2.3 want: ^3.2.0
3014 silly placeDep ROOT punycode@2.3.1 OK for: uri-js@4.4.1 want: ^2.1.0
3015 silly fetch manifest @types/node@^18.0.0 || >=20.0.0
3016 silly packumentCache full:https://registry.npmjs.org/@types%2fnode cache-miss
3017 http cache https://registry.npmjs.org/@types%2fnode 82ms (cache hit)
3018 silly packumentCache full:https://registry.npmjs.org/@types%2fnode set size:11080817 disposed:false
3019 silly fetch manifest less@*
3020 silly packumentCache full:https://registry.npmjs.org/less cache-miss
3021 http fetch GET 200 https://registry.npmjs.org/less 101ms (cache miss)
3022 silly packumentCache full:https://registry.npmjs.org/less set size:undefined disposed:false
3023 silly fetch manifest lightningcss@^1.21.0
3024 silly packumentCache full:https://registry.npmjs.org/lightningcss cache-miss
3025 http fetch GET 200 https://registry.npmjs.org/lightningcss 73ms (cache miss)
3026 silly packumentCache full:https://registry.npmjs.org/lightningcss set size:undefined disposed:false
3027 silly fetch manifest sass@*
3028 silly packumentCache full:https://registry.npmjs.org/sass cache-miss
3029 http cache https://registry.npmjs.org/sass 52ms (cache hit)
3030 silly packumentCache full:https://registry.npmjs.org/sass set size:730445 disposed:false
3031 silly fetch manifest sass-embedded@*
3032 silly packumentCache full:https://registry.npmjs.org/sass-embedded cache-miss
3033 http fetch GET 200 https://registry.npmjs.org/sass-embedded 102ms (cache miss)
3034 silly packumentCache full:https://registry.npmjs.org/sass-embedded set size:undefined disposed:false
3035 silly fetch manifest stylus@*
3036 silly packumentCache full:https://registry.npmjs.org/stylus cache-miss
3037 http fetch GET 200 https://registry.npmjs.org/stylus 301ms (cache miss)
3038 silly packumentCache full:https://registry.npmjs.org/stylus set size:undefined disposed:false
3039 silly fetch manifest sugarss@*
3040 silly packumentCache full:https://registry.npmjs.org/sugarss cache-miss
3041 http fetch GET 200 https://registry.npmjs.org/sugarss 48ms (cache miss)
3042 silly packumentCache full:https://registry.npmjs.org/sugarss set size:undefined disposed:false
3043 silly fetch manifest postcss@^8.3.3
3044 silly packumentCache full:https://registry.npmjs.org/postcss cache-hit
3045 silly fetch manifest terser@^5.4.0
3046 silly packumentCache full:https://registry.npmjs.org/terser cache-miss
3047 http fetch GET 200 https://registry.npmjs.org/terser 132ms (cache miss)
3048 silly packumentCache full:https://registry.npmjs.org/terser set size:undefined disposed:false
3049 silly fetch manifest msw@^2.4.9
3050 silly packumentCache full:https://registry.npmjs.org/msw cache-miss
3051 http fetch GET 200 https://registry.npmjs.org/msw 139ms (cache miss)
3052 silly packumentCache full:https://registry.npmjs.org/msw set size:undefined disposed:false
3053 silly fetch manifest typescript@>= 4.8.x
3054 silly packumentCache full:https://registry.npmjs.org/typescript cache-miss
3055 http cache https://registry.npmjs.org/typescript 85ms (cache hit)
3056 silly packumentCache full:https://registry.npmjs.org/typescript set size:15447979 disposed:false
3057 silly placeDep ROOT @vitest/expect@2.1.9 OK for: vitest@2.1.9 want: 2.1.9
3058 silly placeDep ROOT @vitest/mocker@2.1.9 OK for: vitest@2.1.9 want: 2.1.9
3059 silly placeDep ROOT @vitest/pretty-format@2.1.9 OK for: vitest@2.1.9 want: ^2.1.9
3060 silly placeDep ROOT @vitest/runner@2.1.9 OK for: vitest@2.1.9 want: 2.1.9
3061 silly placeDep ROOT @vitest/snapshot@2.1.9 OK for: vitest@2.1.9 want: 2.1.9
3062 silly placeDep ROOT @vitest/spy@2.1.9 OK for: vitest@2.1.9 want: 2.1.9
3063 silly placeDep ROOT @vitest/utils@2.1.9 OK for: vitest@2.1.9 want: 2.1.9
3064 silly placeDep ROOT chai@5.3.3 OK for: vitest@2.1.9 want: ^5.1.2
3065 silly placeDep ROOT expect-type@1.4.0 OK for: vitest@2.1.9 want: ^1.1.0
3066 silly placeDep ROOT magic-string@0.30.21 OK for: vitest@2.1.9 want: ^0.30.12
3067 silly placeDep ROOT pathe@1.1.2 OK for: vitest@2.1.9 want: ^1.1.2
3068 silly placeDep ROOT std-env@3.10.0 OK for: vitest@2.1.9 want: ^3.8.0
3069 silly placeDep ROOT tinybench@2.9.0 OK for: vitest@2.1.9 want: ^2.9.0
3070 silly placeDep ROOT tinyexec@0.3.2 OK for: vitest@2.1.9 want: ^0.3.1
3071 silly placeDep ROOT tinypool@1.1.1 OK for: vitest@2.1.9 want: ^1.0.1
3072 silly placeDep ROOT tinyrainbow@1.2.0 OK for: vitest@2.1.9 want: ^1.2.0
3073 silly placeDep ROOT vite@5.4.21 OK for: vitest@2.1.9 want: ^5.0.0
3074 silly placeDep ROOT vite-node@2.1.9 OK for: vitest@2.1.9 want: 2.1.9
3075 silly placeDep ROOT why-is-node-running@2.3.0 OK for: vitest@2.1.9 want: ^2.3.0
3076 silly fetch manifest estree-walker@^3.0.3
3077 silly packumentCache full:https://registry.npmjs.org/estree-walker cache-miss
3078 silly fetch manifest tinyspy@^3.0.2
3079 silly packumentCache full:https://registry.npmjs.org/tinyspy cache-miss
3080 silly fetch manifest loupe@^3.1.2
3081 silly packumentCache full:https://registry.npmjs.org/loupe cache-miss
3082 silly fetch manifest loupe@^3.1.0
3083 silly packumentCache full:https://registry.npmjs.org/loupe cache-miss
3084 silly fetch manifest pathval@^2.0.0
3085 silly packumentCache full:https://registry.npmjs.org/pathval cache-miss
3086 silly fetch manifest deep-eql@^5.0.1
3087 silly packumentCache full:https://registry.npmjs.org/deep-eql cache-miss
3088 silly fetch manifest check-error@^2.1.1
3089 silly packumentCache full:https://registry.npmjs.org/check-error cache-miss
3090 silly fetch manifest assertion-error@^2.0.1
3091 silly packumentCache full:https://registry.npmjs.org/assertion-error cache-miss
3092 silly fetch manifest rollup@^4.20.0
3093 silly packumentCache full:https://registry.npmjs.org/rollup cache-miss
3094 silly fetch manifest esbuild@^0.21.3
3095 silly packumentCache full:https://registry.npmjs.org/esbuild cache-miss
3096 silly fetch manifest cac@^6.7.14
3097 silly packumentCache full:https://registry.npmjs.org/cac cache-miss
3098 http fetch GET 200 https://registry.npmjs.org/assertion-error 75ms (cache miss)
3099 silly packumentCache full:https://registry.npmjs.org/assertion-error set size:undefined disposed:false
3100 silly fetch manifest es-module-lexer@^1.5.4
3101 silly packumentCache full:https://registry.npmjs.org/es-module-lexer cache-miss
3102 http fetch GET 200 https://registry.npmjs.org/estree-walker 88ms (cache miss)
3103 silly packumentCache full:https://registry.npmjs.org/estree-walker set size:undefined disposed:false
3104 silly fetch manifest siginfo@^2.0.0
3105 silly packumentCache full:https://registry.npmjs.org/siginfo cache-miss
3106 http fetch GET 200 https://registry.npmjs.org/siginfo 74ms (cache miss)
3107 silly packumentCache full:https://registry.npmjs.org/siginfo set size:undefined disposed:false
3108 silly fetch manifest stackback@0.0.2
3109 silly packumentCache full:https://registry.npmjs.org/stackback cache-miss
3110 http fetch GET 200 https://registry.npmjs.org/es-module-lexer 99ms (cache miss)
3111 silly packumentCache full:https://registry.npmjs.org/es-module-lexer set size:undefined disposed:false
3112 http fetch GET 200 https://registry.npmjs.org/esbuild 178ms (cache miss)
3113 silly packumentCache full:https://registry.npmjs.org/esbuild set size:undefined disposed:false
3114 http fetch GET 200 https://registry.npmjs.org/stackback 71ms (cache miss)
3115 silly packumentCache full:https://registry.npmjs.org/stackback set size:undefined disposed:false
3116 http fetch GET 200 https://registry.npmjs.org/pathval 294ms (cache miss)
3117 silly packumentCache full:https://registry.npmjs.org/pathval set size:undefined disposed:false
3118 http fetch GET 200 https://registry.npmjs.org/loupe 311ms (cache miss)
3119 silly packumentCache full:https://registry.npmjs.org/loupe set size:undefined disposed:false
3120 http fetch GET 200 https://registry.npmjs.org/deep-eql 330ms (cache miss)
3121 silly packumentCache full:https://registry.npmjs.org/deep-eql set size:undefined disposed:false
3122 http fetch GET 200 https://registry.npmjs.org/cac 331ms (cache miss)
3123 silly packumentCache full:https://registry.npmjs.org/cac set size:undefined disposed:false
3124 http fetch GET 200 https://registry.npmjs.org/check-error 446ms (cache miss)
3125 silly packumentCache full:https://registry.npmjs.org/check-error set size:undefined disposed:false
3126 http fetch GET 200 https://registry.npmjs.org/loupe 506ms (cache miss)
3127 silly packumentCache full:https://registry.npmjs.org/loupe set size:undefined disposed:false
3128 http fetch GET 200 https://registry.npmjs.org/rollup 593ms (cache miss)
3129 silly packumentCache full:https://registry.npmjs.org/rollup set size:undefined disposed:false
3130 http fetch GET 200 https://registry.npmjs.org/tinyspy 1295ms (cache miss)
3131 silly packumentCache full:https://registry.npmjs.org/tinyspy set size:undefined disposed:false
3132 silly placeDep ROOT estree-walker@3.0.3 OK for: @vitest/mocker@2.1.9 want: ^3.0.3
3133 silly placeDep ROOT tinyspy@3.0.2 OK for: @vitest/spy@2.1.9 want: ^3.0.2
3134 silly placeDep ROOT loupe@3.2.1 OK for: @vitest/utils@2.1.9 want: ^3.1.2
3135 silly placeDep ROOT assertion-error@2.0.1 OK for: chai@5.3.3 want: ^2.0.1
3136 silly placeDep ROOT check-error@2.1.3 OK for: chai@5.3.3 want: ^2.1.1
3137 silly placeDep ROOT deep-eql@5.0.2 OK for: chai@5.3.3 want: ^5.0.1
3138 silly placeDep ROOT pathval@2.0.1 OK for: chai@5.3.3 want: ^2.0.0
3139 silly placeDep ROOT esbuild@0.21.5 OK for: vite@5.4.21 want: ^0.21.3
3140 silly placeDep ROOT rollup@4.62.2 OK for: vite@5.4.21 want: ^4.20.0
3141 silly fetch manifest @esbuild/aix-ppc64@0.21.5
3142 silly packumentCache full:https://registry.npmjs.org/@esbuild%2faix-ppc64 cache-miss
3143 silly fetch manifest @esbuild/linux-arm@0.21.5
3144 silly packumentCache full:https://registry.npmjs.org/@esbuild%2flinux-arm cache-miss
3145 silly fetch manifest @esbuild/linux-x64@0.21.5
3146 silly packumentCache full:https://registry.npmjs.org/@esbuild%2flinux-x64 cache-miss
3147 silly fetch manifest @esbuild/sunos-x64@0.21.5
3148 silly packumentCache full:https://registry.npmjs.org/@esbuild%2fsunos-x64 cache-miss
3149 silly fetch manifest @esbuild/win32-x64@0.21.5
3150 silly packumentCache full:https://registry.npmjs.org/@esbuild%2fwin32-x64 cache-miss
3151 silly fetch manifest @esbuild/darwin-x64@0.21.5
3152 silly packumentCache full:https://registry.npmjs.org/@esbuild%2fdarwin-x64 cache-miss
3153 silly fetch manifest @esbuild/linux-ia32@0.21.5
3154 silly packumentCache full:https://registry.npmjs.org/@esbuild%2flinux-ia32 cache-miss
3155 silly fetch manifest @esbuild/netbsd-x64@0.21.5
3156 silly packumentCache full:https://registry.npmjs.org/@esbuild%2fnetbsd-x64 cache-miss
3157 silly fetch manifest @esbuild/win32-ia32@0.21.5
3158 silly packumentCache full:https://registry.npmjs.org/@esbuild%2fwin32-ia32 cache-miss
3159 silly fetch manifest @esbuild/android-arm@0.21.5
3160 silly packumentCache full:https://registry.npmjs.org/@esbuild%2fandroid-arm cache-miss
3161 silly fetch manifest @esbuild/android-x64@0.21.5
3162 silly packumentCache full:https://registry.npmjs.org/@esbuild%2fandroid-x64 cache-miss
3163 http fetch GET 200 https://registry.npmjs.org/@esbuild%2fsunos-x64 105ms (cache miss)
3164 silly packumentCache full:https://registry.npmjs.org/@esbuild%2fsunos-x64 set size:undefined disposed:false
3165 silly fetch manifest @esbuild/freebsd-x64@0.21.5
3166 silly packumentCache full:https://registry.npmjs.org/@esbuild%2ffreebsd-x64 cache-miss
3167 http fetch GET 200 https://registry.npmjs.org/@esbuild%2fnetbsd-x64 137ms (cache miss)
3168 silly packumentCache full:https://registry.npmjs.org/@esbuild%2fnetbsd-x64 set size:undefined disposed:false
3169 silly fetch manifest @esbuild/linux-arm64@0.21.5
3170 silly packumentCache full:https://registry.npmjs.org/@esbuild%2flinux-arm64 cache-miss
3171 http fetch GET 200 https://registry.npmjs.org/@esbuild%2flinux-arm 145ms (cache miss)
3172 silly packumentCache full:https://registry.npmjs.org/@esbuild%2flinux-arm set size:undefined disposed:false
3173 silly fetch manifest @esbuild/linux-ppc64@0.21.5
3174 silly packumentCache full:https://registry.npmjs.org/@esbuild%2flinux-ppc64 cache-miss
3175 http fetch GET 200 https://registry.npmjs.org/@esbuild%2flinux-ia32 169ms (cache miss)
3176 silly packumentCache full:https://registry.npmjs.org/@esbuild%2flinux-ia32 set size:undefined disposed:false
3177 silly fetch manifest @esbuild/linux-s390x@0.21.5
3178 silly packumentCache full:https://registry.npmjs.org/@esbuild%2flinux-s390x cache-miss
3179 http fetch GET 200 https://registry.npmjs.org/@esbuild%2faix-ppc64 186ms (cache miss)
3180 silly packumentCache full:https://registry.npmjs.org/@esbuild%2faix-ppc64 set size:undefined disposed:false
3181 silly fetch manifest @esbuild/openbsd-x64@0.21.5
3182 silly packumentCache full:https://registry.npmjs.org/@esbuild%2fopenbsd-x64 cache-miss
3183 http fetch GET 200 https://registry.npmjs.org/@esbuild%2fwin32-ia32 206ms (cache miss)
3184 silly packumentCache full:https://registry.npmjs.org/@esbuild%2fwin32-ia32 set size:undefined disposed:false
3185 silly fetch manifest @esbuild/win32-arm64@0.21.5
3186 silly packumentCache full:https://registry.npmjs.org/@esbuild%2fwin32-arm64 cache-miss
3187 http fetch GET 200 https://registry.npmjs.org/@esbuild%2flinux-x64 216ms (cache miss)
3188 silly packumentCache full:https://registry.npmjs.org/@esbuild%2flinux-x64 set size:undefined disposed:false
3189 silly fetch manifest @esbuild/darwin-arm64@0.21.5
3190 silly packumentCache full:https://registry.npmjs.org/@esbuild%2fdarwin-arm64 cache-miss
3191 http fetch GET 200 https://registry.npmjs.org/@esbuild%2fwin32-x64 235ms (cache miss)
3192 silly packumentCache full:https://registry.npmjs.org/@esbuild%2fwin32-x64 set size:undefined disposed:false
3193 silly fetch manifest @esbuild/android-arm64@0.21.5
3194 silly packumentCache full:https://registry.npmjs.org/@esbuild%2fandroid-arm64 cache-miss
3195 http fetch GET 200 https://registry.npmjs.org/@esbuild%2fandroid-arm 236ms (cache miss)
3196 silly packumentCache full:https://registry.npmjs.org/@esbuild%2fandroid-arm set size:undefined disposed:false
3197 silly fetch manifest @esbuild/freebsd-arm64@0.21.5
3198 silly packumentCache full:https://registry.npmjs.org/@esbuild%2ffreebsd-arm64 cache-miss
3199 http fetch GET 200 https://registry.npmjs.org/@esbuild%2flinux-arm64 133ms (cache miss)
3200 silly packumentCache full:https://registry.npmjs.org/@esbuild%2flinux-arm64 set size:undefined disposed:false
3201 silly fetch manifest @esbuild/linux-loong64@0.21.5
3202 silly packumentCache full:https://registry.npmjs.org/@esbuild%2flinux-loong64 cache-miss
3203 http fetch GET 200 https://registry.npmjs.org/@esbuild%2flinux-s390x 163ms (cache miss)
3204 silly packumentCache full:https://registry.npmjs.org/@esbuild%2flinux-s390x set size:undefined disposed:false
3205 silly fetch manifest @esbuild/linux-riscv64@0.21.5
3206 silly packumentCache full:https://registry.npmjs.org/@esbuild%2flinux-riscv64 cache-miss
3207 http fetch GET 200 https://registry.npmjs.org/@esbuild%2fopenbsd-x64 221ms (cache miss)
3208 silly packumentCache full:https://registry.npmjs.org/@esbuild%2fopenbsd-x64 set size:undefined disposed:false
3209 silly fetch manifest @esbuild/linux-mips64el@0.21.5
3210 silly packumentCache full:https://registry.npmjs.org/@esbuild%2flinux-mips64el cache-miss
3211 http fetch GET 200 https://registry.npmjs.org/@esbuild%2fdarwin-arm64 203ms (cache miss)
3212 silly packumentCache full:https://registry.npmjs.org/@esbuild%2fdarwin-arm64 set size:undefined disposed:false
3213 silly fetch manifest @rollup/rollup-darwin-arm64@4.62.2
3214 silly packumentCache full:https://registry.npmjs.org/@rollup%2frollup-darwin-arm64 cache-miss
3215 http fetch GET 200 https://registry.npmjs.org/@esbuild%2fwin32-arm64 218ms (cache miss)
3216 silly packumentCache full:https://registry.npmjs.org/@esbuild%2fwin32-arm64 set size:undefined disposed:false
3217 silly fetch manifest @rollup/rollup-android-arm64@4.62.2
3218 silly packumentCache full:https://registry.npmjs.org/@rollup%2frollup-android-arm64 cache-miss
3219 http fetch GET 200 https://registry.npmjs.org/@esbuild%2fandroid-x64 442ms (cache miss)
3220 silly packumentCache full:https://registry.npmjs.org/@esbuild%2fandroid-x64 set size:undefined disposed:false
3221 silly fetch manifest @rollup/rollup-win32-arm64-msvc@4.62.2
3222 silly packumentCache full:https://registry.npmjs.org/@rollup%2frollup-win32-arm64-msvc cache-miss
3223 http fetch GET 200 https://registry.npmjs.org/@esbuild%2fandroid-arm64 217ms (cache miss)
3224 silly packumentCache full:https://registry.npmjs.org/@esbuild%2fandroid-arm64 set size:undefined disposed:false
3225 silly fetch manifest @rollup/rollup-freebsd-arm64@4.62.2
3226 silly packumentCache full:https://registry.npmjs.org/@rollup%2frollup-freebsd-arm64 cache-miss
3227 http fetch GET 200 https://registry.npmjs.org/@esbuild%2fdarwin-x64 463ms (cache miss)
3228 silly packumentCache full:https://registry.npmjs.org/@esbuild%2fdarwin-x64 set size:undefined disposed:false
3229 silly fetch manifest @rollup/rollup-linux-arm64-gnu@4.62.2
3230 silly packumentCache full:https://registry.npmjs.org/@rollup%2frollup-linux-arm64-gnu cache-miss
3231 http fetch GET 200 https://registry.npmjs.org/@esbuild%2ffreebsd-x64 373ms (cache miss)
3232 silly packumentCache full:https://registry.npmjs.org/@esbuild%2ffreebsd-x64 set size:undefined disposed:false
3233 silly fetch manifest @rollup/rollup-linux-arm64-musl@4.62.2
3234 silly packumentCache full:https://registry.npmjs.org/@rollup%2frollup-linux-arm64-musl cache-miss
3235 http fetch GET 200 https://registry.npmjs.org/@esbuild%2flinux-loong64 214ms (cache miss)
3236 silly packumentCache full:https://registry.npmjs.org/@esbuild%2flinux-loong64 set size:undefined disposed:false
3237 silly fetch manifest @rollup/rollup-android-arm-eabi@4.62.2
3238 silly packumentCache full:https://registry.npmjs.org/@rollup%2frollup-android-arm-eabi cache-miss
3239 http fetch GET 200 https://registry.npmjs.org/@esbuild%2flinux-ppc64 372ms (cache miss)
3240 silly packumentCache full:https://registry.npmjs.org/@esbuild%2flinux-ppc64 set size:undefined disposed:false
3241 silly fetch manifest @rollup/rollup-linux-arm-gnueabihf@4.62.2
3242 silly packumentCache full:https://registry.npmjs.org/@rollup%2frollup-linux-arm-gnueabihf cache-miss
3243 http fetch GET 200 https://registry.npmjs.org/@rollup%2frollup-freebsd-arm64 102ms (cache miss)
3244 silly packumentCache full:https://registry.npmjs.org/@rollup%2frollup-freebsd-arm64 set size:undefined disposed:false
3245 silly fetch manifest @rollup/rollup-linux-arm-musleabihf@4.62.2
3246 silly packumentCache full:https://registry.npmjs.org/@rollup%2frollup-linux-arm-musleabihf cache-miss
3247 http fetch GET 200 https://registry.npmjs.org/@esbuild%2flinux-mips64el 149ms (cache miss)
3248 silly packumentCache full:https://registry.npmjs.org/@esbuild%2flinux-mips64el set size:undefined disposed:false
3249 silly fetch manifest @rollup/rollup-win32-ia32-msvc@4.62.2
3250 silly packumentCache full:https://registry.npmjs.org/@rollup%2frollup-win32-ia32-msvc cache-miss
3251 http fetch GET 200 https://registry.npmjs.org/@rollup%2frollup-win32-arm64-msvc 132ms (cache miss)
3252 silly packumentCache full:https://registry.npmjs.org/@rollup%2frollup-win32-arm64-msvc set size:undefined disposed:false
3253 silly fetch manifest @rollup/rollup-linux-loong64-gnu@4.62.2
3254 silly packumentCache full:https://registry.npmjs.org/@rollup%2frollup-linux-loong64-gnu cache-miss
3255 http fetch GET 200 https://registry.npmjs.org/@rollup%2frollup-linux-arm64-musl 119ms (cache miss)
3256 silly packumentCache full:https://registry.npmjs.org/@rollup%2frollup-linux-arm64-musl set size:undefined disposed:false
3257 silly fetch manifest @rollup/rollup-linux-loong64-musl@4.62.2
3258 silly packumentCache full:https://registry.npmjs.org/@rollup%2frollup-linux-loong64-musl cache-miss
3259 http fetch GET 200 https://registry.npmjs.org/@rollup%2frollup-linux-arm-gnueabihf 120ms (cache miss)
3260 silly packumentCache full:https://registry.npmjs.org/@rollup%2frollup-linux-arm-gnueabihf set size:undefined disposed:false
3261 silly fetch manifest @rollup/rollup-linux-riscv64-gnu@4.62.2
3262 silly packumentCache full:https://registry.npmjs.org/@rollup%2frollup-linux-riscv64-gnu cache-miss
3263 http fetch GET 200 https://registry.npmjs.org/@rollup%2frollup-linux-loong64-musl 121ms (cache miss)
3264 silly packumentCache full:https://registry.npmjs.org/@rollup%2frollup-linux-loong64-musl set size:undefined disposed:false
3265 silly fetch manifest @rollup/rollup-linux-riscv64-musl@4.62.2
3266 silly packumentCache full:https://registry.npmjs.org/@rollup%2frollup-linux-riscv64-musl cache-miss
3267 http fetch GET 200 https://registry.npmjs.org/@rollup%2frollup-win32-ia32-msvc 175ms (cache miss)
3268 silly packumentCache full:https://registry.npmjs.org/@rollup%2frollup-win32-ia32-msvc set size:undefined disposed:false
3269 silly fetch manifest @rollup/rollup-linux-ppc64-gnu@4.62.2
3270 silly packumentCache full:https://registry.npmjs.org/@rollup%2frollup-linux-ppc64-gnu cache-miss
3271 http fetch GET 200 https://registry.npmjs.org/@esbuild%2flinux-riscv64 422ms (cache miss)
3272 silly packumentCache full:https://registry.npmjs.org/@esbuild%2flinux-riscv64 set size:undefined disposed:false
3273 silly fetch manifest @rollup/rollup-linux-ppc64-musl@4.62.2
3274 silly packumentCache full:https://registry.npmjs.org/@rollup%2frollup-linux-ppc64-musl cache-miss
3275 http fetch GET 200 https://registry.npmjs.org/@rollup%2frollup-linux-riscv64-gnu 152ms (cache miss)
3276 silly packumentCache full:https://registry.npmjs.org/@rollup%2frollup-linux-riscv64-gnu set size:undefined disposed:false
3277 silly fetch manifest @rollup/rollup-linux-s390x-gnu@4.62.2
3278 silly packumentCache full:https://registry.npmjs.org/@rollup%2frollup-linux-s390x-gnu cache-miss
3279 http fetch GET 200 https://registry.npmjs.org/@rollup%2frollup-linux-riscv64-musl 94ms (cache miss)
3280 silly packumentCache full:https://registry.npmjs.org/@rollup%2frollup-linux-riscv64-musl set size:undefined disposed:false
3281 silly fetch manifest @rollup/rollup-darwin-x64@4.62.2
3282 silly packumentCache full:https://registry.npmjs.org/@rollup%2frollup-darwin-x64 cache-miss
3283 http fetch GET 200 https://registry.npmjs.org/@rollup%2frollup-android-arm-eabi 382ms (cache miss)
3284 silly packumentCache full:https://registry.npmjs.org/@rollup%2frollup-android-arm-eabi set size:undefined disposed:false
3285 silly fetch manifest @rollup/rollup-win32-x64-gnu@4.62.2
3286 silly packumentCache full:https://registry.npmjs.org/@rollup%2frollup-win32-x64-gnu cache-miss
3287 http fetch GET 200 https://registry.npmjs.org/@rollup%2frollup-linux-loong64-gnu 338ms (cache miss)
3288 silly packumentCache full:https://registry.npmjs.org/@rollup%2frollup-linux-loong64-gnu set size:undefined disposed:false
3289 silly fetch manifest @rollup/rollup-win32-x64-msvc@4.62.2
3290 silly packumentCache full:https://registry.npmjs.org/@rollup%2frollup-win32-x64-msvc cache-miss
3291 http fetch GET 200 https://registry.npmjs.org/@rollup%2frollup-linux-s390x-gnu 120ms (cache miss)
3292 silly packumentCache full:https://registry.npmjs.org/@rollup%2frollup-linux-s390x-gnu set size:undefined disposed:false
3293 silly fetch manifest @rollup/rollup-freebsd-x64@4.62.2
3294 silly packumentCache full:https://registry.npmjs.org/@rollup%2frollup-freebsd-x64 cache-miss
3295 http fetch GET 200 https://registry.npmjs.org/@rollup%2frollup-darwin-x64 134ms (cache miss)
3296 silly packumentCache full:https://registry.npmjs.org/@rollup%2frollup-darwin-x64 set size:undefined disposed:false
3297 silly fetch manifest @rollup/rollup-linux-x64-gnu@4.62.2
3298 silly packumentCache full:https://registry.npmjs.org/@rollup%2frollup-linux-x64-gnu cache-miss
3299 http fetch GET 200 https://registry.npmjs.org/@rollup%2frollup-linux-arm-musleabihf 451ms (cache miss)
3300 silly packumentCache full:https://registry.npmjs.org/@rollup%2frollup-linux-arm-musleabihf set size:undefined disposed:false
3301 silly fetch manifest @rollup/rollup-linux-x64-musl@4.62.2
3302 silly packumentCache full:https://registry.npmjs.org/@rollup%2frollup-linux-x64-musl cache-miss
3303 http fetch GET 200 https://registry.npmjs.org/@rollup%2frollup-win32-x64-gnu 134ms (cache miss)
3304 silly packumentCache full:https://registry.npmjs.org/@rollup%2frollup-win32-x64-gnu set size:undefined disposed:false
3305 silly fetch manifest @rollup/rollup-openbsd-x64@4.62.2
3306 silly packumentCache full:https://registry.npmjs.org/@rollup%2frollup-openbsd-x64 cache-miss
3307 http fetch GET 200 https://registry.npmjs.org/@rollup%2frollup-freebsd-x64 137ms (cache miss)
3308 silly packumentCache full:https://registry.npmjs.org/@rollup%2frollup-freebsd-x64 set size:undefined disposed:false
3309 silly fetch manifest @rollup/rollup-openharmony-arm64@4.62.2
3310 silly packumentCache full:https://registry.npmjs.org/@rollup%2frollup-openharmony-arm64 cache-miss
3311 http fetch GET 200 https://registry.npmjs.org/@rollup%2frollup-linux-ppc64-gnu 350ms (cache miss)
3312 silly packumentCache full:https://registry.npmjs.org/@rollup%2frollup-linux-ppc64-gnu set size:undefined disposed:false
3313 http fetch GET 200 https://registry.npmjs.org/@rollup%2frollup-win32-x64-msvc 179ms (cache miss)
3314 silly packumentCache full:https://registry.npmjs.org/@rollup%2frollup-win32-x64-msvc set size:undefined disposed:false
3315 http fetch GET 200 https://registry.npmjs.org/@rollup%2frollup-linux-x64-gnu 193ms (cache miss)
3316 silly packumentCache full:https://registry.npmjs.org/@rollup%2frollup-linux-x64-gnu set size:undefined disposed:false
3317 http fetch GET 200 https://registry.npmjs.org/@esbuild%2ffreebsd-arm64 935ms (cache miss)
3318 silly packumentCache full:https://registry.npmjs.org/@esbuild%2ffreebsd-arm64 set size:undefined disposed:false
3319 http fetch GET 200 https://registry.npmjs.org/@rollup%2frollup-openbsd-x64 159ms (cache miss)
3320 silly packumentCache full:https://registry.npmjs.org/@rollup%2frollup-openbsd-x64 set size:undefined disposed:false
3321 http fetch GET 200 https://registry.npmjs.org/@rollup%2frollup-openharmony-arm64 142ms (cache miss)
3322 silly packumentCache full:https://registry.npmjs.org/@rollup%2frollup-openharmony-arm64 set size:undefined disposed:false
3323 http fetch GET 200 https://registry.npmjs.org/@rollup%2frollup-linux-arm64-gnu 1057ms (cache miss)
3324 silly packumentCache full:https://registry.npmjs.org/@rollup%2frollup-linux-arm64-gnu set size:undefined disposed:false
3325 http fetch GET 200 https://registry.npmjs.org/@rollup%2frollup-android-arm64 1172ms (cache miss)
3326 silly packumentCache full:https://registry.npmjs.org/@rollup%2frollup-android-arm64 set size:undefined disposed:false
3327 http fetch GET 200 https://registry.npmjs.org/@rollup%2frollup-linux-x64-musl 919ms (cache miss)
3328 silly packumentCache full:https://registry.npmjs.org/@rollup%2frollup-linux-x64-musl set size:undefined disposed:false
3329 http fetch GET 200 https://registry.npmjs.org/@rollup%2frollup-linux-ppc64-musl 1396ms (cache miss)
3330 silly packumentCache full:https://registry.npmjs.org/@rollup%2frollup-linux-ppc64-musl set size:undefined disposed:false
3331 http fetch GET 200 https://registry.npmjs.org/@rollup%2frollup-darwin-arm64 1869ms (cache miss)
3332 silly packumentCache full:https://registry.npmjs.org/@rollup%2frollup-darwin-arm64 set size:undefined disposed:false
3333 silly placeDep ROOT @esbuild/aix-ppc64@0.21.5 OK for: esbuild@0.21.5 want: 0.21.5
3334 silly placeDep ROOT @esbuild/android-arm@0.21.5 OK for: esbuild@0.21.5 want: 0.21.5
3335 silly placeDep ROOT @esbuild/android-arm64@0.21.5 OK for: esbuild@0.21.5 want: 0.21.5
3336 silly placeDep ROOT @esbuild/android-x64@0.21.5 OK for: esbuild@0.21.5 want: 0.21.5
3337 silly placeDep ROOT @esbuild/darwin-arm64@0.21.5 OK for: esbuild@0.21.5 want: 0.21.5
3338 silly placeDep ROOT @esbuild/darwin-x64@0.21.5 OK for: esbuild@0.21.5 want: 0.21.5
3339 silly placeDep ROOT @esbuild/freebsd-arm64@0.21.5 OK for: esbuild@0.21.5 want: 0.21.5
3340 silly placeDep ROOT @esbuild/freebsd-x64@0.21.5 OK for: esbuild@0.21.5 want: 0.21.5
3341 silly placeDep ROOT @esbuild/linux-arm@0.21.5 OK for: esbuild@0.21.5 want: 0.21.5
3342 silly placeDep ROOT @esbuild/linux-arm64@0.21.5 OK for: esbuild@0.21.5 want: 0.21.5
3343 silly placeDep ROOT @esbuild/linux-ia32@0.21.5 OK for: esbuild@0.21.5 want: 0.21.5
3344 silly placeDep ROOT @esbuild/linux-loong64@0.21.5 OK for: esbuild@0.21.5 want: 0.21.5
3345 silly placeDep ROOT @esbuild/linux-mips64el@0.21.5 OK for: esbuild@0.21.5 want: 0.21.5
3346 silly placeDep ROOT @esbuild/linux-ppc64@0.21.5 OK for: esbuild@0.21.5 want: 0.21.5
3347 silly placeDep ROOT @esbuild/linux-riscv64@0.21.5 OK for: esbuild@0.21.5 want: 0.21.5
3348 silly placeDep ROOT @esbuild/linux-s390x@0.21.5 OK for: esbuild@0.21.5 want: 0.21.5
3349 silly placeDep ROOT @esbuild/linux-x64@0.21.5 OK for: esbuild@0.21.5 want: 0.21.5
3350 silly placeDep ROOT @esbuild/netbsd-x64@0.21.5 OK for: esbuild@0.21.5 want: 0.21.5
3351 silly placeDep ROOT @esbuild/openbsd-x64@0.21.5 OK for: esbuild@0.21.5 want: 0.21.5
3352 silly placeDep ROOT @esbuild/sunos-x64@0.21.5 OK for: esbuild@0.21.5 want: 0.21.5
3353 silly placeDep ROOT @esbuild/win32-arm64@0.21.5 OK for: esbuild@0.21.5 want: 0.21.5
3354 silly placeDep ROOT @esbuild/win32-ia32@0.21.5 OK for: esbuild@0.21.5 want: 0.21.5
3355 silly placeDep ROOT @esbuild/win32-x64@0.21.5 OK for: esbuild@0.21.5 want: 0.21.5
3356 silly placeDep ROOT @rollup/rollup-android-arm-eabi@4.62.2 OK for: rollup@4.62.2 want: 4.62.2
3357 silly placeDep ROOT @rollup/rollup-android-arm64@4.62.2 OK for: rollup@4.62.2 want: 4.62.2
3358 silly placeDep ROOT @rollup/rollup-darwin-arm64@4.62.2 OK for: rollup@4.62.2 want: 4.62.2
3359 silly placeDep ROOT @rollup/rollup-darwin-x64@4.62.2 OK for: rollup@4.62.2 want: 4.62.2
3360 silly placeDep ROOT @rollup/rollup-freebsd-arm64@4.62.2 OK for: rollup@4.62.2 want: 4.62.2
3361 silly placeDep ROOT @rollup/rollup-freebsd-x64@4.62.2 OK for: rollup@4.62.2 want: 4.62.2
3362 silly placeDep ROOT @rollup/rollup-linux-arm-gnueabihf@4.62.2 OK for: rollup@4.62.2 want: 4.62.2
3363 silly placeDep ROOT @rollup/rollup-linux-arm-musleabihf@4.62.2 OK for: rollup@4.62.2 want: 4.62.2
3364 silly placeDep ROOT @rollup/rollup-linux-arm64-gnu@4.62.2 OK for: rollup@4.62.2 want: 4.62.2
3365 silly placeDep ROOT @rollup/rollup-linux-arm64-musl@4.62.2 OK for: rollup@4.62.2 want: 4.62.2
3366 silly placeDep ROOT @rollup/rollup-linux-loong64-gnu@4.62.2 OK for: rollup@4.62.2 want: 4.62.2
3367 silly placeDep ROOT @rollup/rollup-linux-loong64-musl@4.62.2 OK for: rollup@4.62.2 want: 4.62.2
3368 silly placeDep ROOT @rollup/rollup-linux-ppc64-gnu@4.62.2 OK for: rollup@4.62.2 want: 4.62.2
3369 silly placeDep ROOT @rollup/rollup-linux-ppc64-musl@4.62.2 OK for: rollup@4.62.2 want: 4.62.2
3370 silly placeDep ROOT @rollup/rollup-linux-riscv64-gnu@4.62.2 OK for: rollup@4.62.2 want: 4.62.2
3371 silly placeDep ROOT @rollup/rollup-linux-riscv64-musl@4.62.2 OK for: rollup@4.62.2 want: 4.62.2
3372 silly placeDep ROOT @rollup/rollup-linux-s390x-gnu@4.62.2 OK for: rollup@4.62.2 want: 4.62.2
3373 silly placeDep ROOT @rollup/rollup-linux-x64-gnu@4.62.2 OK for: rollup@4.62.2 want: 4.62.2
3374 silly placeDep ROOT @rollup/rollup-linux-x64-musl@4.62.2 OK for: rollup@4.62.2 want: 4.62.2
3375 silly placeDep ROOT @rollup/rollup-openbsd-x64@4.62.2 OK for: rollup@4.62.2 want: 4.62.2
3376 silly placeDep ROOT @rollup/rollup-openharmony-arm64@4.62.2 OK for: rollup@4.62.2 want: 4.62.2
3377 silly placeDep ROOT @rollup/rollup-win32-arm64-msvc@4.62.2 OK for: rollup@4.62.2 want: 4.62.2
3378 silly placeDep ROOT @rollup/rollup-win32-ia32-msvc@4.62.2 OK for: rollup@4.62.2 want: 4.62.2
3379 silly placeDep ROOT @rollup/rollup-win32-x64-gnu@4.62.2 OK for: rollup@4.62.2 want: 4.62.2
3380 silly placeDep ROOT @rollup/rollup-win32-x64-msvc@4.62.2 OK for: rollup@4.62.2 want: 4.62.2
3381 silly placeDep ROOT cac@6.7.14 OK for: vite-node@2.1.9 want: ^6.7.14
3382 silly placeDep ROOT es-module-lexer@1.7.0 OK for: vite-node@2.1.9 want: ^1.5.4
3383 silly placeDep ROOT iconv-lite@0.6.3 OK for: whatwg-encoding@3.1.1 want: 0.6.3
3384 silly fetch manifest safer-buffer@>= 2.1.2 < 3.0.0
3385 silly packumentCache full:https://registry.npmjs.org/safer-buffer cache-miss
3386 http fetch GET 200 https://registry.npmjs.org/safer-buffer 69ms (cache miss)
3387 silly packumentCache full:https://registry.npmjs.org/safer-buffer set size:undefined disposed:false
3388 silly placeDep ROOT safer-buffer@2.1.2 OK for: iconv-lite@0.6.3 want: >= 2.1.2 < 3.0.0
3389 silly placeDep ROOT tr46@5.1.1 OK for: whatwg-url@14.2.0 want: ^5.1.0
3390 silly placeDep ROOT isexe@2.0.0 OK for: which@2.0.2 want: ^2.0.0
3391 silly placeDep ROOT is-bigint@1.1.0 OK for: which-boxed-primitive@1.1.1 want: ^1.1.0
3392 silly placeDep ROOT is-boolean-object@1.2.2 OK for: which-boxed-primitive@1.1.1 want: ^1.2.1
3393 silly placeDep ROOT is-number-object@1.1.1 OK for: which-boxed-primitive@1.1.1 want: ^1.1.1
3394 silly placeDep ROOT is-async-function@2.1.1 OK for: which-builtin-type@1.2.1 want: ^2.0.0
3395 silly placeDep ROOT is-finalizationregistry@1.1.1 OK for: which-builtin-type@1.2.1 want: ^1.1.0
3396 silly placeDep ROOT is-generator-function@1.1.2 OK for: which-builtin-type@1.2.1 want: ^1.0.10
3397 silly placeDep ROOT which-collection@1.0.2 OK for: which-builtin-type@1.2.1 want: ^1.0.2
3398 silly fetch manifest async-function@^1.0.0
3399 silly packumentCache full:https://registry.npmjs.org/async-function cache-miss
3400 silly fetch manifest generator-function@^2.0.0
3401 silly packumentCache full:https://registry.npmjs.org/generator-function cache-miss
3402 silly fetch manifest is-map@^2.0.3
3403 silly packumentCache full:https://registry.npmjs.org/is-map cache-miss
3404 silly fetch manifest is-weakmap@^2.0.2
3405 silly packumentCache full:https://registry.npmjs.org/is-weakmap cache-miss
3406 silly fetch manifest is-weakset@^2.0.3
3407 silly packumentCache full:https://registry.npmjs.org/is-weakset cache-miss
3408 http fetch GET 200 https://registry.npmjs.org/generator-function 74ms (cache miss)
3409 silly packumentCache full:https://registry.npmjs.org/generator-function set size:undefined disposed:false
3410 http fetch GET 200 https://registry.npmjs.org/is-weakset 75ms (cache miss)
3411 silly packumentCache full:https://registry.npmjs.org/is-weakset set size:undefined disposed:false
3412 http fetch GET 200 https://registry.npmjs.org/is-map 83ms (cache miss)
3413 silly packumentCache full:https://registry.npmjs.org/is-map set size:undefined disposed:false
3414 http fetch GET 200 https://registry.npmjs.org/async-function 284ms (cache miss)
3415 silly packumentCache full:https://registry.npmjs.org/async-function set size:undefined disposed:false
3416 http fetch GET 200 https://registry.npmjs.org/is-weakmap 285ms (cache miss)
3417 silly packumentCache full:https://registry.npmjs.org/is-weakmap set size:undefined disposed:false
3418 silly placeDep ROOT async-function@1.0.0 OK for: is-async-function@2.1.1 want: ^1.0.0
3419 silly placeDep ROOT generator-function@2.0.1 OK for: is-generator-function@1.1.2 want: ^2.0.0
3420 silly placeDep ROOT is-map@2.0.3 OK for: which-collection@1.0.2 want: ^2.0.3
3421 silly placeDep ROOT is-weakmap@2.0.2 OK for: which-collection@1.0.2 want: ^2.0.2
3422 silly placeDep ROOT is-weakset@2.0.4 OK for: which-collection@1.0.2 want: ^2.0.3
3423 silly placeDep ROOT siginfo@2.0.0 OK for: why-is-node-running@2.3.0 want: ^2.0.0
3424 silly placeDep ROOT stackback@0.0.2 OK for: why-is-node-running@2.3.0 want: 0.0.2
3425 silly placeDep node_modules/@typescript-eslint/typescript-estree brace-expansion@5.0.7 OK for: minimatch@10.2.5 want: ^5.0.5
3426 silly fetch manifest balanced-match@^4.0.2
3427 silly packumentCache full:https://registry.npmjs.org/balanced-match cache-miss
3428 http cache https://registry.npmjs.org/balanced-match 40ms (cache hit)
3429 silly packumentCache full:https://registry.npmjs.org/balanced-match set size:39082 disposed:false
3430 silly placeDep node_modules/@typescript-eslint/typescript-estree balanced-match@4.0.4 OK for: brace-expansion@5.0.7 want: ^4.0.2
3431 silly placeDep node_modules/tailwindcss/node_modules/fast-glob glob-parent@5.1.2 OK for: fast-glob@3.3.3 want: ^5.1.2
3432 silly reify moves {}
3433 http cache stackback@https://registry.npmjs.org/stackback/-/stackback-0.0.2.tgz 1ms (cache hit)
3434 http cache siginfo@https://registry.npmjs.org/siginfo/-/siginfo-2.0.0.tgz 0ms (cache hit)
3435 http cache is-weakset@https://registry.npmjs.org/is-weakset/-/is-weakset-2.0.4.tgz 0ms (cache hit)
3436 http cache is-map@https://registry.npmjs.org/is-map/-/is-map-2.0.3.tgz 0ms (cache hit)
3437 http cache generator-function@https://registry.npmjs.org/generator-function/-/generator-function-2.0.1.tgz 0ms (cache hit)
3438 http cache is-weakmap@https://registry.npmjs.org/is-weakmap/-/is-weakmap-2.0.2.tgz 0ms (cache hit)
3439 http cache which-collection@https://registry.npmjs.org/which-collection/-/which-collection-1.0.2.tgz 0ms (cache hit)
3440 http cache is-finalizationregistry@https://registry.npmjs.org/is-finalizationregistry/-/is-finalizationregistry-1.1.1.tgz 0ms (cache hit)
3441 http cache is-generator-function@https://registry.npmjs.org/is-generator-function/-/is-generator-function-1.1.2.tgz 0ms (cache hit)
3442 http cache async-function@https://registry.npmjs.org/async-function/-/async-function-1.0.0.tgz 0ms (cache hit)
3443 http cache is-number-object@https://registry.npmjs.org/is-number-object/-/is-number-object-1.1.1.tgz 0ms (cache hit)
3444 http cache is-boolean-object@https://registry.npmjs.org/is-boolean-object/-/is-boolean-object-1.2.2.tgz 0ms (cache hit)
3445 http cache is-async-function@https://registry.npmjs.org/is-async-function/-/is-async-function-2.1.1.tgz 0ms (cache hit)
3446 http cache tr46@https://registry.npmjs.org/tr46/-/tr46-5.1.1.tgz 0ms (cache hit)
3447 http cache safer-buffer@https://registry.npmjs.org/safer-buffer/-/safer-buffer-2.1.2.tgz 0ms (cache hit)
3448 http cache @rollup/rollup-win32-x64-msvc@https://registry.npmjs.org/@rollup/rollup-win32-x64-msvc/-/rollup-win32-x64-msvc-4.62.2.tgz 0ms (cache hit)
3449 http cache iconv-lite@https://registry.npmjs.org/iconv-lite/-/iconv-lite-0.6.3.tgz 0ms (cache hit)
3450 http cache cac@https://registry.npmjs.org/cac/-/cac-6.7.14.tgz 0ms (cache hit)
3451 http cache is-bigint@https://registry.npmjs.org/is-bigint/-/is-bigint-1.1.0.tgz 0ms (cache hit)
3452 http cache es-module-lexer@https://registry.npmjs.org/es-module-lexer/-/es-module-lexer-1.7.0.tgz 0ms (cache hit)
3453 http cache isexe@https://registry.npmjs.org/isexe/-/isexe-2.0.0.tgz 0ms (cache hit)
3454 http cache @rollup/rollup-win32-x64-gnu@https://registry.npmjs.org/@rollup/rollup-win32-x64-gnu/-/rollup-win32-x64-gnu-4.62.2.tgz 0ms (cache hit)
3455 http cache esbuild@https://registry.npmjs.org/esbuild/-/esbuild-0.21.5.tgz 0ms (cache hit)
3456 http cache @esbuild/win32-x64@https://registry.npmjs.org/@esbuild/win32-x64/-/win32-x64-0.21.5.tgz 0ms (cache hit)
3457 http cache rollup@https://registry.npmjs.org/rollup/-/rollup-4.62.2.tgz 0ms (cache hit)
3458 http cache loupe@https://registry.npmjs.org/loupe/-/loupe-3.2.1.tgz 0ms (cache hit)
3459 http cache assertion-error@https://registry.npmjs.org/assertion-error/-/assertion-error-2.0.1.tgz 0ms (cache hit)
3460 http cache pathval@https://registry.npmjs.org/pathval/-/pathval-2.0.1.tgz 0ms (cache hit)
3461 http cache deep-eql@https://registry.npmjs.org/deep-eql/-/deep-eql-5.0.2.tgz 0ms (cache hit)
3462 http cache estree-walker@https://registry.npmjs.org/estree-walker/-/estree-walker-3.0.3.tgz 0ms (cache hit)
3463 http cache check-error@https://registry.npmjs.org/check-error/-/check-error-2.1.3.tgz 0ms (cache hit)
3464 http cache why-is-node-running@https://registry.npmjs.org/why-is-node-running/-/why-is-node-running-2.3.0.tgz 0ms (cache hit)
3465 http cache tinyspy@https://registry.npmjs.org/tinyspy/-/tinyspy-3.0.2.tgz 0ms (cache hit)
3466 http cache tinyrainbow@https://registry.npmjs.org/tinyrainbow/-/tinyrainbow-1.2.0.tgz 0ms (cache hit)
3467 http cache vite-node@https://registry.npmjs.org/vite-node/-/vite-node-2.1.9.tgz 0ms (cache hit)
3468 http cache tinyexec@https://registry.npmjs.org/tinyexec/-/tinyexec-0.3.2.tgz 0ms (cache hit)
3469 http cache vite@https://registry.npmjs.org/vite/-/vite-5.4.21.tgz 0ms (cache hit)
3470 http cache tinybench@https://registry.npmjs.org/tinybench/-/tinybench-2.9.0.tgz 0ms (cache hit)
3471 http cache @vitest/spy@https://registry.npmjs.org/@vitest/spy/-/spy-2.1.9.tgz 0ms (cache hit)
3472 http cache tinypool@https://registry.npmjs.org/tinypool/-/tinypool-1.1.1.tgz 0ms (cache hit)
3473 http cache magic-string@https://registry.npmjs.org/magic-string/-/magic-string-0.30.21.tgz 0ms (cache hit)
3474 http cache std-env@https://registry.npmjs.org/std-env/-/std-env-3.10.0.tgz 0ms (cache hit)
3475 http cache expect-type@https://registry.npmjs.org/expect-type/-/expect-type-1.4.0.tgz 0ms (cache hit)
3476 http cache pathe@https://registry.npmjs.org/pathe/-/pathe-1.1.2.tgz 0ms (cache hit)
3477 http cache @vitest/utils@https://registry.npmjs.org/@vitest/utils/-/utils-2.1.9.tgz 0ms (cache hit)
3478 http cache chai@https://registry.npmjs.org/chai/-/chai-5.3.3.tgz 0ms (cache hit)
3479 http cache @vitest/runner@https://registry.npmjs.org/@vitest/runner/-/runner-2.1.9.tgz 0ms (cache hit)
3480 http cache @vitest/mocker@https://registry.npmjs.org/@vitest/mocker/-/mocker-2.1.9.tgz 0ms (cache hit)
3481 http cache @vitest/snapshot@https://registry.npmjs.org/@vitest/snapshot/-/snapshot-2.1.9.tgz 0ms (cache hit)
3482 http cache @vitest/expect@https://registry.npmjs.org/@vitest/expect/-/expect-2.1.9.tgz 0ms (cache hit)
3483 http cache @vitest/pretty-format@https://registry.npmjs.org/@vitest/pretty-format/-/pretty-format-2.1.9.tgz 1ms (cache hit)
3484 http cache @unrs/resolver-binding-win32-x64-msvc@https://registry.npmjs.org/@unrs/resolver-binding-win32-x64-msvc/-/resolver-binding-win32-x64-msvc-1.12.2.tgz 0ms (cache hit)
3485 http cache napi-postinstall@https://registry.npmjs.org/napi-postinstall/-/napi-postinstall-0.3.4.tgz 0ms (cache hit)
3486 http cache escalade@https://registry.npmjs.org/escalade/-/escalade-3.2.0.tgz 0ms (cache hit)
3487 http cache @typescript-eslint/tsconfig-utils@https://registry.npmjs.org/@typescript-eslint/tsconfig-utils/-/tsconfig-utils-8.64.0.tgz 0ms (cache hit)
3488 http cache has-bigints@https://registry.npmjs.org/has-bigints/-/has-bigints-1.1.0.tgz 0ms (cache hit)
3489 http cache which-boxed-primitive@https://registry.npmjs.org/which-boxed-primitive/-/which-boxed-primitive-1.1.1.tgz 0ms (cache hit)
3490 http cache @typescript-eslint/types@https://registry.npmjs.org/@typescript-eslint/types/-/types-8.64.0.tgz 0ms (cache hit)
3491 http cache @typescript-eslint/project-service@https://registry.npmjs.org/@typescript-eslint/project-service/-/project-service-8.64.0.tgz 0ms (cache hit)
3492 http cache @typescript-eslint/scope-manager@https://registry.npmjs.org/@typescript-eslint/scope-manager/-/scope-manager-8.64.0.tgz 0ms (cache hit)
3493 http cache @typescript-eslint/visitor-keys@https://registry.npmjs.org/@typescript-eslint/visitor-keys/-/visitor-keys-8.64.0.tgz 0ms (cache hit)
3494 http cache punycode@https://registry.npmjs.org/punycode/-/punycode-2.3.1.tgz 0ms (cache hit)
3495 http cache @typescript-eslint/type-utils@https://registry.npmjs.org/@typescript-eslint/type-utils/-/type-utils-8.64.0.tgz 0ms (cache hit)
3496 http cache @typescript-eslint/utils@https://registry.npmjs.org/@typescript-eslint/utils/-/utils-8.64.0.tgz 0ms (cache hit)
3497 http cache @typescript-eslint/parser@https://registry.npmjs.org/@typescript-eslint/parser/-/parser-8.64.0.tgz 0ms (cache hit)
3498 http cache which-builtin-type@https://registry.npmjs.org/which-builtin-type/-/which-builtin-type-1.2.1.tgz 0ms (cache hit)
3499 http cache @typescript-eslint/typescript-estree@https://registry.npmjs.org/@typescript-eslint/typescript-estree/-/typescript-estree-8.64.0.tgz 0ms (cache hit)
3500 http cache @typescript-eslint/eslint-plugin@https://registry.npmjs.org/@typescript-eslint/eslint-plugin/-/eslint-plugin-8.64.0.tgz 0ms (cache hit)
3501 http cache strip-bom@https://registry.npmjs.org/strip-bom/-/strip-bom-3.0.0.tgz 0ms (cache hit)
3502 http cache for-each@https://registry.npmjs.org/for-each/-/for-each-0.3.5.tgz 0ms (cache hit)
3503 http cache reflect.getprototypeof@https://registry.npmjs.org/reflect.getprototypeof/-/reflect.getprototypeof-1.0.10.tgz 0ms (cache hit)
3504 http cache @types/json5@https://registry.npmjs.org/@types/json5/-/json5-0.0.29.tgz 0ms (cache hit)
3505 http cache tldts-core@https://registry.npmjs.org/tldts-core/-/tldts-core-6.1.86.tgz 0ms (cache hit)
3506 http cache is-number@https://registry.npmjs.org/is-number/-/is-number-7.0.0.tgz 0ms (cache hit)
3507 http cache any-promise@https://registry.npmjs.org/any-promise/-/any-promise-1.3.0.tgz 0ms (cache hit)
3508 http cache thenify-all@https://registry.npmjs.org/thenify-all/-/thenify-all-1.6.0.tgz 0ms (cache hit)
3509 http cache tldts@https://registry.npmjs.org/tldts/-/tldts-6.1.86.tgz 0ms (cache hit)
3510 http cache thenify@https://registry.npmjs.org/thenify/-/thenify-3.3.1.tgz 1ms (cache hit)
3511 http cache mz@https://registry.npmjs.org/mz/-/mz-2.7.0.tgz 0ms (cache hit)
3512 http cache pirates@https://registry.npmjs.org/pirates/-/pirates-4.0.7.tgz 1ms (cache hit)
3513 http cache commander@https://registry.npmjs.org/commander/-/commander-4.1.1.tgz 0ms (cache hit)
3514 http cache pify@https://registry.npmjs.org/pify/-/pify-2.3.0.tgz 0ms (cache hit)
3515 http cache cssesc@https://registry.npmjs.org/cssesc/-/cssesc-3.0.0.tgz 0ms (cache hit)
3516 http cache lines-and-columns@https://registry.npmjs.org/lines-and-columns/-/lines-and-columns-1.2.4.tgz 0ms (cache hit)
3517 http cache util-deprecate@https://registry.npmjs.org/util-deprecate/-/util-deprecate-1.0.2.tgz 0ms (cache hit)
3518 http cache camelcase-css@https://registry.npmjs.org/camelcase-css/-/camelcase-css-2.0.1.tgz 0ms (cache hit)
3519 http cache read-cache@https://registry.npmjs.org/read-cache/-/read-cache-1.0.0.tgz 0ms (cache hit)
3520 http cache readdirp@https://registry.npmjs.org/readdirp/-/readdirp-3.6.0.tgz 0ms (cache hit)
3521 http cache minimist@https://registry.npmjs.org/minimist/-/minimist-1.2.8.tgz 0ms (cache hit)
3522 http cache binary-extensions@https://registry.npmjs.org/binary-extensions/-/binary-extensions-2.3.0.tgz 0ms (cache hit)
3523 http cache anymatch@https://registry.npmjs.org/anymatch/-/anymatch-3.1.3.tgz 0ms (cache hit)
3524 http cache ts-api-utils@https://registry.npmjs.org/ts-api-utils/-/ts-api-utils-2.5.0.tgz 0ms (cache hit)
3525 http cache sucrase@https://registry.npmjs.org/sucrase/-/sucrase-3.35.1.tgz 0ms (cache hit)
3526 http cache postcss-selector-parser@https://registry.npmjs.org/postcss-selector-parser/-/postcss-selector-parser-6.1.4.tgz 0ms (cache hit)
3527 http cache postcss-nested@https://registry.npmjs.org/postcss-nested/-/postcss-nested-6.2.0.tgz 0ms (cache hit)
3528 http cache postcss-load-config@https://registry.npmjs.org/postcss-load-config/-/postcss-load-config-6.0.1.tgz 0ms (cache hit)
3529 http cache normalize-path@https://registry.npmjs.org/normalize-path/-/normalize-path-3.0.0.tgz 0ms (cache hit)
3530 http cache postcss-import@https://registry.npmjs.org/postcss-import/-/postcss-import-15.1.0.tgz 0ms (cache hit)
3531 http cache postcss-js@https://registry.npmjs.org/postcss-js/-/postcss-js-4.1.0.tgz 0ms (cache hit)
3532 http cache object-hash@https://registry.npmjs.org/object-hash/-/object-hash-3.0.0.tgz 0ms (cache hit)
3533 http cache dlv@https://registry.npmjs.org/dlv/-/dlv-1.1.3.tgz 0ms (cache hit)
3534 http cache is-binary-path@https://registry.npmjs.org/is-binary-path/-/is-binary-path-2.1.0.tgz 0ms (cache hit)
3535 http cache @alloc/quick-lru@https://registry.npmjs.org/@alloc/quick-lru/-/quick-lru-5.2.0.tgz 0ms (cache hit)
3536 http cache lilconfig@https://registry.npmjs.org/lilconfig/-/lilconfig-3.1.3.tgz 0ms (cache hit)
3537 http cache arg@https://registry.npmjs.org/arg/-/arg-5.0.2.tgz 0ms (cache hit)
3538 http cache has-flag@https://registry.npmjs.org/has-flag/-/has-flag-4.0.0.tgz 0ms (cache hit)
3539 http cache client-only@https://registry.npmjs.org/client-only/-/client-only-0.0.1.tgz 0ms (cache hit)
3540 http cache jiti@https://registry.npmjs.org/jiti/-/jiti-1.21.7.tgz 0ms (cache hit)
3541 http cache chokidar@https://registry.npmjs.org/chokidar/-/chokidar-3.6.0.tgz 0ms (cache hit)
3542 http cache side-channel-map@https://registry.npmjs.org/side-channel-map/-/side-channel-map-1.0.1.tgz 0ms (cache hit)
3543 http cache shebang-regex@https://registry.npmjs.org/shebang-regex/-/shebang-regex-3.0.0.tgz 0ms (cache hit)
3544 http cache ts-interface-checker@https://registry.npmjs.org/ts-interface-checker/-/ts-interface-checker-0.1.13.tgz 0ms (cache hit)
3545 http cache @emnapi/runtime@https://registry.npmjs.org/@emnapi/runtime/-/runtime-1.11.2.tgz 0ms (cache hit)
3546 http cache @img/sharp-win32-x64@https://registry.npmjs.org/@img/sharp-win32-x64/-/sharp-win32-x64-0.34.5.tgz 0ms (cache hit)
3547 http cache didyoumean@https://registry.npmjs.org/didyoumean/-/didyoumean-1.2.2.tgz 0ms (cache hit)
3548 http cache detect-libc@https://registry.npmjs.org/detect-libc/-/detect-libc-2.1.2.tgz 0ms (cache hit)
3549 http cache @img/colour@https://registry.npmjs.org/@img/colour/-/colour-1.1.0.tgz 0ms (cache hit)
3550 http cache isarray@https://registry.npmjs.org/isarray/-/isarray-2.0.5.tgz 0ms (cache hit)
3551 http cache queue-microtask@https://registry.npmjs.org/queue-microtask/-/queue-microtask-1.2.3.tgz 0ms (cache hit)
3552 http cache side-channel-weakmap@https://registry.npmjs.org/side-channel-weakmap/-/side-channel-weakmap-1.0.2.tgz 0ms (cache hit)
3553 http cache path-parse@https://registry.npmjs.org/path-parse/-/path-parse-1.0.7.tgz 0ms (cache hit)
3554 http cache xmlchars@https://registry.npmjs.org/xmlchars/-/xmlchars-2.2.0.tgz 0ms (cache hit)
3555 http cache scheduler@https://registry.npmjs.org/scheduler/-/scheduler-0.27.0.tgz 0ms (cache hit)
3556 http cache supports-preserve-symlinks-flag@https://registry.npmjs.org/supports-preserve-symlinks-flag/-/supports-preserve-symlinks-flag-1.0.0.tgz 0ms (cache hit)
3557 http cache node-exports-info@https://registry.npmjs.org/node-exports-info/-/node-exports-info-1.6.2.tgz 0ms (cache hit)
3558 http cache object-assign@https://registry.npmjs.org/object-assign/-/object-assign-4.1.1.tgz 0ms (cache hit)
3559 http cache side-channel-list@https://registry.npmjs.org/side-channel-list/-/side-channel-list-1.0.1.tgz 0ms (cache hit)
3560 http cache react-is@https://registry.npmjs.org/react-is/-/react-is-17.0.2.tgz 0ms (cache hit)
3561 http cache ansi-regex@https://registry.npmjs.org/ansi-regex/-/ansi-regex-5.0.1.tgz 0ms (cache hit)
3562 http cache loose-envify@https://registry.npmjs.org/loose-envify/-/loose-envify-1.4.0.tgz 0ms (cache hit)
3563 http cache entities@https://registry.npmjs.org/entities/-/entities-6.0.1.tgz 0ms (cache hit)
3564 http cache nanoid@https://registry.npmjs.org/nanoid/-/nanoid-3.3.16.tgz 0ms (cache hit)
3565 http cache word-wrap@https://registry.npmjs.org/word-wrap/-/word-wrap-1.2.5.tgz 0ms (cache hit)
3566 http cache yocto-queue@https://registry.npmjs.org/yocto-queue/-/yocto-queue-0.1.0.tgz 0ms (cache hit)
3567 http cache p-limit@https://registry.npmjs.org/p-limit/-/p-limit-3.1.0.tgz 0ms (cache hit)
3568 http cache deep-is@https://registry.npmjs.org/deep-is/-/deep-is-0.1.4.tgz 1ms (cache hit)
3569 http cache source-map-js@https://registry.npmjs.org/source-map-js/-/source-map-js-1.2.1.tgz 0ms (cache hit)
3570 http cache callsites@https://registry.npmjs.org/callsites/-/callsites-3.1.0.tgz 0ms (cache hit)
3571 http cache sharp@https://registry.npmjs.org/sharp/-/sharp-0.34.5.tgz 0ms (cache hit)
3572 http cache styled-jsx@https://registry.npmjs.org/styled-jsx/-/styled-jsx-5.1.6.tgz 1ms (cache hit)
3573 http cache @swc/helpers@https://registry.npmjs.org/@swc/helpers/-/helpers-0.5.15.tgz 0ms (cache hit)
3574 http cache @next/swc-win32-x64-msvc@https://registry.npmjs.org/@next/swc-win32-x64-msvc/-/swc-win32-x64-msvc-16.2.10.tgz 0ms (cache hit)
3575 http cache fast-levenshtein@https://registry.npmjs.org/fast-levenshtein/-/fast-levenshtein-2.0.6.tgz 0ms (cache hit)
3576 http cache @next/env@https://registry.npmjs.org/@next/env/-/env-16.2.10.tgz 0ms (cache hit)
3577 http cache brace-expansion@https://registry.npmjs.org/brace-expansion/-/brace-expansion-1.1.16.tgz 0ms (cache hit)
3578 http cache balanced-match@https://registry.npmjs.org/balanced-match/-/balanced-match-1.0.2.tgz 0ms (cache hit)
3579 http cache concat-map@https://registry.npmjs.org/concat-map/-/concat-map-0.0.1.tgz 0ms (cache hit)
3580 http cache mime-db@https://registry.npmjs.org/mime-db/-/mime-db-1.52.0.tgz 0ms (cache hit)
3581 http cache fill-range@https://registry.npmjs.org/fill-range/-/fill-range-7.1.1.tgz 0ms (cache hit)
3582 http cache picomatch@https://registry.npmjs.org/picomatch/-/picomatch-2.3.2.tgz 0ms (cache hit)
3583 http cache braces@https://registry.npmjs.org/braces/-/braces-3.0.3.tgz 0ms (cache hit)
3584 http cache p-locate@https://registry.npmjs.org/p-locate/-/p-locate-5.0.0.tgz 0ms (cache hit)
3585 http cache to-regex-range@https://registry.npmjs.org/to-regex-range/-/to-regex-range-5.0.1.tgz 0ms (cache hit)
3586 http cache type-check@https://registry.npmjs.org/type-check/-/type-check-0.4.0.tgz 0ms (cache hit)
3587 http cache prelude-ls@https://registry.npmjs.org/prelude-ls/-/prelude-ls-1.2.1.tgz 0ms (cache hit)
3588 http cache yallist@https://registry.npmjs.org/yallist/-/yallist-3.1.1.tgz 0ms (cache hit)
3589 http cache language-subtag-registry@https://registry.npmjs.org/language-subtag-registry/-/language-subtag-registry-0.3.23.tgz 0ms (cache hit)
3590 http cache delayed-stream@https://registry.npmjs.org/delayed-stream/-/delayed-stream-1.0.0.tgz 0ms (cache hit)
3591 http cache agent-base@https://registry.npmjs.org/agent-base/-/agent-base-7.1.4.tgz 0ms (cache hit)
3592 http cache mime-types@https://registry.npmjs.org/mime-types/-/mime-types-2.1.35.tgz 0ms (cache hit)
3593 http cache combined-stream@https://registry.npmjs.org/combined-stream/-/combined-stream-1.0.8.tgz 0ms (cache hit)
3594 http cache asynckit@https://registry.npmjs.org/asynckit/-/asynckit-0.4.0.tgz 0ms (cache hit)
3595 http cache @csstools/css-tokenizer@https://registry.npmjs.org/@csstools/css-tokenizer/-/css-tokenizer-3.0.4.tgz 0ms (cache hit)
3596 http cache @csstools/css-color-parser@https://registry.npmjs.org/@csstools/css-color-parser/-/css-color-parser-3.1.0.tgz 0ms (cache hit)
3597 http cache @csstools/css-parser-algorithms@https://registry.npmjs.org/@csstools/css-parser-algorithms/-/css-parser-algorithms-3.0.5.tgz 1ms (cache hit)
3598 http cache ws@https://registry.npmjs.org/ws/-/ws-8.21.1.tgz 0ms (cache hit)
3599 http cache json-buffer@https://registry.npmjs.org/json-buffer/-/json-buffer-3.0.1.tgz 0ms (cache hit)
3600 http cache @csstools/css-calc@https://registry.npmjs.org/@csstools/css-calc/-/css-calc-2.1.4.tgz 0ms (cache hit)
3601 http cache @csstools/color-helpers@https://registry.npmjs.org/@csstools/color-helpers/-/color-helpers-5.1.0.tgz 0ms (cache hit)
3602 http cache xml-name-validator@https://registry.npmjs.org/xml-name-validator/-/xml-name-validator-5.0.0.tgz 0ms (cache hit)
3603 http cache @asamuzakjp/css-color@https://registry.npmjs.org/@asamuzakjp/css-color/-/css-color-3.2.0.tgz 0ms (cache hit)
3604 http cache whatwg-url@https://registry.npmjs.org/whatwg-url/-/whatwg-url-14.2.0.tgz 0ms (cache hit)
3605 http cache webidl-conversions@https://registry.npmjs.org/webidl-conversions/-/webidl-conversions-7.0.0.tgz 0ms (cache hit)
3606 http cache whatwg-mimetype@https://registry.npmjs.org/whatwg-mimetype/-/whatwg-mimetype-4.0.0.tgz 0ms (cache hit)
3607 http cache w3c-xmlserializer@https://registry.npmjs.org/w3c-xmlserializer/-/w3c-xmlserializer-5.0.0.tgz 0ms (cache hit)
3608 http cache symbol-tree@https://registry.npmjs.org/symbol-tree/-/symbol-tree-3.2.4.tgz 0ms (cache hit)
3609 http cache tough-cookie@https://registry.npmjs.org/tough-cookie/-/tough-cookie-5.1.2.tgz 0ms (cache hit)
3610 http cache saxes@https://registry.npmjs.org/saxes/-/saxes-6.0.0.tgz 0ms (cache hit)
3611 http cache is-potential-custom-element-name@https://registry.npmjs.org/is-potential-custom-element-name/-/is-potential-custom-element-name-1.0.1.tgz 0ms (cache hit)
3612 http cache nwsapi@https://registry.npmjs.org/nwsapi/-/nwsapi-2.2.24.tgz 0ms (cache hit)
3613 http cache rrweb-cssom@https://registry.npmjs.org/rrweb-cssom/-/rrweb-cssom-0.7.1.tgz 0ms (cache hit)
3614 http cache whatwg-encoding@https://registry.npmjs.org/whatwg-encoding/-/whatwg-encoding-3.1.1.tgz 0ms (cache hit)
3615 http cache parse5@https://registry.npmjs.org/parse5/-/parse5-7.3.0.tgz 0ms (cache hit)
3616 http cache form-data@https://registry.npmjs.org/form-data/-/form-data-4.0.6.tgz 0ms (cache hit)
3617 http cache http-proxy-agent@https://registry.npmjs.org/http-proxy-agent/-/http-proxy-agent-7.0.2.tgz 0ms (cache hit)
3618 http cache https-proxy-agent@https://registry.npmjs.org/https-proxy-agent/-/https-proxy-agent-7.0.6.tgz 0ms (cache hit)
3619 http cache html-encoding-sniffer@https://registry.npmjs.org/html-encoding-sniffer/-/html-encoding-sniffer-4.0.0.tgz 0ms (cache hit)
3620 http cache cssstyle@https://registry.npmjs.org/cssstyle/-/cssstyle-4.6.0.tgz 0ms (cache hit)
3621 http cache argparse@https://registry.npmjs.org/argparse/-/argparse-2.0.1.tgz 0ms (cache hit)
3622 http cache is-extglob@https://registry.npmjs.org/is-extglob/-/is-extglob-2.1.1.tgz 0ms (cache hit)
3623 http cache data-urls@https://registry.npmjs.org/data-urls/-/data-urls-5.0.0.tgz 0ms (cache hit)
3624 http cache decimal.js@https://registry.npmjs.org/decimal.js/-/decimal.js-10.6.0.tgz 0ms (cache hit)
3625 http cache set-function-name@https://registry.npmjs.org/set-function-name/-/set-function-name-2.0.2.tgz 0ms (cache hit)
3626 http cache hermes-estree@https://registry.npmjs.org/hermes-estree/-/hermes-estree-0.25.1.tgz 0ms (cache hit)
3627 http cache resolve-pkg-maps@https://registry.npmjs.org/resolve-pkg-maps/-/resolve-pkg-maps-1.0.0.tgz 0ms (cache hit)
3628 http cache parent-module@https://registry.npmjs.org/parent-module/-/parent-module-1.0.1.tgz 0ms (cache hit)
3629 http cache side-channel@https://registry.npmjs.org/side-channel/-/side-channel-1.1.1.tgz 0ms (cache hit)
3630 http cache is-document.all@https://registry.npmjs.org/is-document.all/-/is-document.all-1.0.0.tgz 0ms (cache hit)
3631 http cache path-exists@https://registry.npmjs.org/path-exists/-/path-exists-4.0.0.tgz 0ms (cache hit)
3632 http cache flatted@https://registry.npmjs.org/flatted/-/flatted-3.4.2.tgz 0ms (cache hit)
3633 http cache resolve-from@https://registry.npmjs.org/resolve-from/-/resolve-from-4.0.0.tgz 0ms (cache hit)
3634 http cache keyv@https://registry.npmjs.org/keyv/-/keyv-4.5.4.tgz 0ms (cache hit)
3635 http cache flat-cache@https://registry.npmjs.org/flat-cache/-/flat-cache-4.0.1.tgz 0ms (cache hit)
3636 http cache locate-path@https://registry.npmjs.org/locate-path/-/locate-path-6.0.0.tgz 0ms (cache hit)
3637 http cache reusify@https://registry.npmjs.org/reusify/-/reusify-1.1.0.tgz 0ms (cache hit)
3638 http cache functions-have-names@https://registry.npmjs.org/functions-have-names/-/functions-have-names-1.2.3.tgz 0ms (cache hit)
3639 http cache micromatch@https://registry.npmjs.org/micromatch/-/micromatch-4.0.8.tgz 0ms (cache hit)
3640 http cache run-parallel@https://registry.npmjs.org/run-parallel/-/run-parallel-1.2.0.tgz 0ms (cache hit)
3641 http cache @nodelib/fs.walk@https://registry.npmjs.org/@nodelib/fs.walk/-/fs.walk-1.2.8.tgz 0ms (cache hit)
3642 http cache @nodelib/fs.scandir@https://registry.npmjs.org/@nodelib/fs.scandir/-/fs.scandir-2.1.5.tgz 0ms (cache hit)
3643 http cache fastq@https://registry.npmjs.org/fastq/-/fastq-1.20.1.tgz 0ms (cache hit)
3644 http cache @nodelib/fs.stat@https://registry.npmjs.org/@nodelib/fs.stat/-/fs.stat-2.0.5.tgz 0ms (cache hit)
3645 http cache acorn-jsx@https://registry.npmjs.org/acorn-jsx/-/acorn-jsx-5.3.2.tgz 0ms (cache hit)
3646 http cache acorn@https://registry.npmjs.org/acorn/-/acorn-8.17.0.tgz 0ms (cache hit)
3647 http cache merge2@https://registry.npmjs.org/merge2/-/merge2-1.4.1.tgz 0ms (cache hit)
3648 http cache esrecurse@https://registry.npmjs.org/esrecurse/-/esrecurse-4.3.0.tgz 0ms (cache hit)
3649 http cache @jridgewell/resolve-uri@https://registry.npmjs.org/@jridgewell/resolve-uri/-/resolve-uri-3.1.2.tgz 0ms (cache hit)
3650 http cache @jridgewell/sourcemap-codec@https://registry.npmjs.org/@jridgewell/sourcemap-codec/-/sourcemap-codec-1.5.5.tgz 0ms (cache hit)
3651 http cache dunder-proto@https://registry.npmjs.org/dunder-proto/-/dunder-proto-1.0.1.tgz 0ms (cache hit)
3652 http cache @babel/helper-string-parser@https://registry.npmjs.org/@babel/helper-string-parser/-/helper-string-parser-7.29.7.tgz 0ms (cache hit)
3653 http cache @babel/compat-data@https://registry.npmjs.org/@babel/compat-data/-/compat-data-7.29.7.tgz 0ms (cache hit)
3654 http cache @babel/helper-module-imports@https://registry.npmjs.org/@babel/helper-module-imports/-/helper-module-imports-7.29.7.tgz 0ms (cache hit)
3655 http cache lru-cache@https://registry.npmjs.org/lru-cache/-/lru-cache-5.1.1.tgz 0ms (cache hit)
3656 http cache @babel/helper-globals@https://registry.npmjs.org/@babel/helper-globals/-/helper-globals-7.29.7.tgz 0ms (cache hit)
3657 http cache @jridgewell/trace-mapping@https://registry.npmjs.org/@jridgewell/trace-mapping/-/trace-mapping-0.3.31.tgz 0ms (cache hit)
3658 http cache gensync@https://registry.npmjs.org/gensync/-/gensync-1.0.0-beta.2.tgz 0ms (cache hit)
3659 http cache jsesc@https://registry.npmjs.org/jsesc/-/jsesc-3.1.0.tgz 0ms (cache hit)
3660 http cache @babel/helper-validator-option@https://registry.npmjs.org/@babel/helper-validator-option/-/helper-validator-option-7.29.7.tgz 0ms (cache hit)
3661 http cache @jridgewell/gen-mapping@https://registry.npmjs.org/@jridgewell/gen-mapping/-/gen-mapping-0.3.13.tgz 0ms (cache hit)
3662 http cache @babel/types@https://registry.npmjs.org/@babel/types/-/types-7.29.7.tgz 0ms (cache hit)
3663 http cache json5@https://registry.npmjs.org/json5/-/json5-2.2.3.tgz 0ms (cache hit)
3664 http cache @jridgewell/remapping@https://registry.npmjs.org/@jridgewell/remapping/-/remapping-2.3.5.tgz 0ms (cache hit)
3665 http cache @babel/traverse@https://registry.npmjs.org/@babel/traverse/-/traverse-7.29.7.tgz 0ms (cache hit)
3666 http cache @babel/helper-module-transforms@https://registry.npmjs.org/@babel/helper-module-transforms/-/helper-module-transforms-7.29.7.tgz 0ms (cache hit)
3667 http cache @babel/template@https://registry.npmjs.org/@babel/template/-/template-7.29.7.tgz 0ms (cache hit)
3668 http cache @babel/helpers@https://registry.npmjs.org/@babel/helpers/-/helpers-7.29.7.tgz 0ms (cache hit)
3669 http cache zod-validation-error@https://registry.npmjs.org/zod-validation-error/-/zod-validation-error-4.0.2.tgz 0ms (cache hit)
3670 http cache @babel/helper-compilation-targets@https://registry.npmjs.org/@babel/helper-compilation-targets/-/helper-compilation-targets-7.29.7.tgz 0ms (cache hit)
3671 http cache @babel/generator@https://registry.npmjs.org/@babel/generator/-/generator-7.29.7.tgz 1ms (cache hit)
3672 http cache string.prototype.repeat@https://registry.npmjs.org/string.prototype.repeat/-/string.prototype.repeat-1.0.0.tgz 0ms (cache hit)
3673 http cache convert-source-map@https://registry.npmjs.org/convert-source-map/-/convert-source-map-2.0.0.tgz 0ms (cache hit)
3674 http cache @babel/parser@https://registry.npmjs.org/@babel/parser/-/parser-7.29.7.tgz 0ms (cache hit)
3675 http cache hermes-parser@https://registry.npmjs.org/hermes-parser/-/hermes-parser-0.25.1.tgz 0ms (cache hit)
3676 http cache estraverse@https://registry.npmjs.org/estraverse/-/estraverse-5.3.0.tgz 0ms (cache hit)
3677 http cache iterator.prototype@https://registry.npmjs.org/iterator.prototype/-/iterator.prototype-1.1.5.tgz 0ms (cache hit)
3678 http cache object.entries@https://registry.npmjs.org/object.entries/-/object.entries-1.1.9.tgz 0ms (cache hit)
3679 http cache string.prototype.matchall@https://registry.npmjs.org/string.prototype.matchall/-/string.prototype.matchall-4.0.12.tgz 0ms (cache hit)
3680 http cache es-iterator-helpers@https://registry.npmjs.org/es-iterator-helpers/-/es-iterator-helpers-1.4.0.tgz 0ms (cache hit)
3681 http cache array.prototype.tosorted@https://registry.npmjs.org/array.prototype.tosorted/-/array.prototype.tosorted-1.1.4.tgz 0ms (cache hit)
3682 http cache jsx-ast-utils@https://registry.npmjs.org/jsx-ast-utils/-/jsx-ast-utils-3.3.5.tgz 0ms (cache hit)
3683 http cache @babel/core@https://registry.npmjs.org/@babel/core/-/core-7.29.7.tgz 0ms (cache hit)
3684 http cache array.prototype.findlast@https://registry.npmjs.org/array.prototype.findlast/-/array.prototype.findlast-1.2.5.tgz 0ms (cache hit)
3685 http cache axe-core@https://registry.npmjs.org/axe-core/-/axe-core-4.12.1.tgz 0ms (cache hit)
3686 http cache string.prototype.includes@https://registry.npmjs.org/string.prototype.includes/-/string.prototype.includes-2.0.1.tgz 0ms (cache hit)
3687 http cache ast-types-flow@https://registry.npmjs.org/ast-types-flow/-/ast-types-flow-0.0.8.tgz 0ms (cache hit)
3688 http cache language-tags@https://registry.npmjs.org/language-tags/-/language-tags-1.0.9.tgz 0ms (cache hit)
3689 http cache prop-types@https://registry.npmjs.org/prop-types/-/prop-types-15.8.1.tgz 0ms (cache hit)
3690 http cache emoji-regex@https://registry.npmjs.org/emoji-regex/-/emoji-regex-9.2.2.tgz 0ms (cache hit)
3691 http cache damerau-levenshtein@https://registry.npmjs.org/damerau-levenshtein/-/damerau-levenshtein-1.0.8.tgz 0ms (cache hit)
3692 http cache is-symbol@https://registry.npmjs.org/is-symbol/-/is-symbol-1.1.1.tgz 0ms (cache hit)
3693 http cache axobject-query@https://registry.npmjs.org/axobject-query/-/axobject-query-4.1.0.tgz 0ms (cache hit)
3694 http cache is-date-object@https://registry.npmjs.org/is-date-object/-/is-date-object-1.1.0.tgz 0ms (cache hit)
3695 http cache which-typed-array@https://registry.npmjs.org/which-typed-array/-/which-typed-array-1.1.22.tgz 0ms (cache hit)
3696 http cache unbox-primitive@https://registry.npmjs.org/unbox-primitive/-/unbox-primitive-1.1.0.tgz 0ms (cache hit)
3697 http cache es-abstract-get@https://registry.npmjs.org/es-abstract-get/-/es-abstract-get-1.0.0.tgz 0ms (cache hit)
3698 http cache has-tostringtag@https://registry.npmjs.org/has-tostringtag/-/has-tostringtag-1.0.2.tgz 0ms (cache hit)
3699 http cache typed-array-length@https://registry.npmjs.org/typed-array-length/-/typed-array-length-1.0.8.tgz 0ms (cache hit)
3700 http cache typed-array-byte-offset@https://registry.npmjs.org/typed-array-byte-offset/-/typed-array-byte-offset-1.0.4.tgz 0ms (cache hit)
3701 http cache typed-array-byte-length@https://registry.npmjs.org/typed-array-byte-length/-/typed-array-byte-length-1.0.3.tgz 0ms (cache hit)
3702 http cache set-proto@https://registry.npmjs.org/set-proto/-/set-proto-1.0.0.tgz 0ms (cache hit)
3703 http cache string.prototype.trim@https://registry.npmjs.org/string.prototype.trim/-/string.prototype.trim-1.2.11.tgz 0ms (cache hit)
3704 http cache typed-array-buffer@https://registry.npmjs.org/typed-array-buffer/-/typed-array-buffer-1.0.3.tgz 0ms (cache hit)
3705 http cache string.prototype.trimstart@https://registry.npmjs.org/string.prototype.trimstart/-/string.prototype.trimstart-1.0.8.tgz 0ms (cache hit)
3706 http cache possible-typed-array-names@https://registry.npmjs.org/possible-typed-array-names/-/possible-typed-array-names-1.1.0.tgz 0ms (cache hit)
3707 http cache safe-regex-test@https://registry.npmjs.org/safe-regex-test/-/safe-regex-test-1.1.0.tgz 0ms (cache hit)
3708 http cache safe-push-apply@https://registry.npmjs.org/safe-push-apply/-/safe-push-apply-1.0.0.tgz 0ms (cache hit)
3709 http cache own-keys@https://registry.npmjs.org/own-keys/-/own-keys-1.0.1.tgz 0ms (cache hit)
3710 http cache stop-iteration-iterator@https://registry.npmjs.org/stop-iteration-iterator/-/stop-iteration-iterator-1.1.0.tgz 0ms (cache hit)
3711 http cache is-weakref@https://registry.npmjs.org/is-weakref/-/is-weakref-1.1.1.tgz 0ms (cache hit)
3712 http cache regexp.prototype.flags@https://registry.npmjs.org/regexp.prototype.flags/-/regexp.prototype.flags-1.5.4.tgz 0ms (cache hit)
3713 http cache object-inspect@https://registry.npmjs.org/object-inspect/-/object-inspect-1.13.4.tgz 0ms (cache hit)
3714 http cache safe-array-concat@https://registry.npmjs.org/safe-array-concat/-/safe-array-concat-1.1.4.tgz 0ms (cache hit)
3715 http cache object.assign@https://registry.npmjs.org/object.assign/-/object.assign-4.1.7.tgz 0ms (cache hit)
3716 http cache is-set@https://registry.npmjs.org/is-set/-/is-set-2.0.3.tgz 0ms (cache hit)
3717 http cache is-shared-array-buffer@https://registry.npmjs.org/is-shared-array-buffer/-/is-shared-array-buffer-1.0.4.tgz 0ms (cache hit)
3718 http cache is-regex@https://registry.npmjs.org/is-regex/-/is-regex-1.2.1.tgz 0ms (cache hit)
3719 http cache is-callable@https://registry.npmjs.org/is-callable/-/is-callable-1.2.7.tgz 0ms (cache hit)
3720 http cache is-data-view@https://registry.npmjs.org/is-data-view/-/is-data-view-1.0.2.tgz 0ms (cache hit)
3721 http cache is-array-buffer@https://registry.npmjs.org/is-array-buffer/-/is-array-buffer-3.0.5.tgz 0ms (cache hit)
3722 http cache has-proto@https://registry.npmjs.org/has-proto/-/has-proto-1.2.0.tgz 0ms (cache hit)
3723 http cache has-symbols@https://registry.npmjs.org/has-symbols/-/has-symbols-1.1.0.tgz 0ms (cache hit)
3724 http cache globalthis@https://registry.npmjs.org/globalthis/-/globalthis-1.0.4.tgz 0ms (cache hit)
3725 http cache internal-slot@https://registry.npmjs.org/internal-slot/-/internal-slot-1.1.0.tgz 0ms (cache hit)
3726 http cache is-negative-zero@https://registry.npmjs.org/is-negative-zero/-/is-negative-zero-2.0.3.tgz 0ms (cache hit)
3727 http cache is-typed-array@https://registry.npmjs.org/is-typed-array/-/is-typed-array-1.1.15.tgz 0ms (cache hit)
3728 http cache data-view-byte-offset@https://registry.npmjs.org/data-view-byte-offset/-/data-view-byte-offset-1.0.1.tgz 0ms (cache hit)
3729 http cache es-to-primitive@https://registry.npmjs.org/es-to-primitive/-/es-to-primitive-1.3.4.tgz 0ms (cache hit)
3730 http cache get-symbol-description@https://registry.npmjs.org/get-symbol-description/-/get-symbol-description-1.1.0.tgz 0ms (cache hit)
3731 http cache es-set-tostringtag@https://registry.npmjs.org/es-set-tostringtag/-/es-set-tostringtag-2.1.0.tgz 1ms (cache hit)
3732 http cache data-view-buffer@https://registry.npmjs.org/data-view-buffer/-/data-view-buffer-1.0.2.tgz 0ms (cache hit)
3733 http cache function.prototype.name@https://registry.npmjs.org/function.prototype.name/-/function.prototype.name-1.2.0.tgz 0ms (cache hit)
3734 http cache data-view-byte-length@https://registry.npmjs.org/data-view-byte-length/-/data-view-byte-length-1.0.2.tgz 0ms (cache hit)
3735 http cache get-proto@https://registry.npmjs.org/get-proto/-/get-proto-1.0.1.tgz 0ms (cache hit)
3736 http cache array-buffer-byte-length@https://registry.npmjs.org/array-buffer-byte-length/-/array-buffer-byte-length-1.0.2.tgz 0ms (cache hit)
3737 http cache available-typed-arrays@https://registry.npmjs.org/available-typed-arrays/-/available-typed-arrays-1.0.7.tgz 0ms (cache hit)
3738 http cache arraybuffer.prototype.slice@https://registry.npmjs.org/arraybuffer.prototype.slice/-/arraybuffer.prototype.slice-1.0.4.tgz 0ms (cache hit)
3739 http cache gopd@https://registry.npmjs.org/gopd/-/gopd-1.2.0.tgz 0ms (cache hit)
3740 http cache object-keys@https://registry.npmjs.org/object-keys/-/object-keys-1.1.1.tgz 0ms (cache hit)
3741 http cache define-data-property@https://registry.npmjs.org/define-data-property/-/define-data-property-1.1.4.tgz 0ms (cache hit)
3742 http cache set-function-length@https://registry.npmjs.org/set-function-length/-/set-function-length-1.2.2.tgz 0ms (cache hit)
3743 http cache has-property-descriptors@https://registry.npmjs.org/has-property-descriptors/-/has-property-descriptors-1.0.2.tgz 0ms (cache hit)
3744 http cache function-bind@https://registry.npmjs.org/function-bind/-/function-bind-1.1.2.tgz 0ms (cache hit)
3745 http cache es-errors@https://registry.npmjs.org/es-errors/-/es-errors-1.3.0.tgz 0ms (cache hit)
3746 http cache es-define-property@https://registry.npmjs.org/es-define-property/-/es-define-property-1.0.1.tgz 0ms (cache hit)
3747 http cache call-bind-apply-helpers@https://registry.npmjs.org/call-bind-apply-helpers/-/call-bind-apply-helpers-1.0.2.tgz 0ms (cache hit)
3748 http cache get-intrinsic@https://registry.npmjs.org/get-intrinsic/-/get-intrinsic-1.3.0.tgz 0ms (cache hit)
3749 http cache es-shim-unscopables@https://registry.npmjs.org/es-shim-unscopables/-/es-shim-unscopables-1.1.0.tgz 0ms (cache hit)
3750 http cache define-properties@https://registry.npmjs.org/define-properties/-/define-properties-1.2.1.tgz 0ms (cache hit)
3751 http cache is-string@https://registry.npmjs.org/is-string/-/is-string-1.1.1.tgz 0ms (cache hit)
3752 http cache es-object-atoms@https://registry.npmjs.org/es-object-atoms/-/es-object-atoms-1.1.2.tgz 0ms (cache hit)
3753 http cache es-abstract@https://registry.npmjs.org/es-abstract/-/es-abstract-1.24.2.tgz 0ms (cache hit)
3754 http cache call-bound@https://registry.npmjs.org/call-bound/-/call-bound-1.0.4.tgz 0ms (cache hit)
3755 http cache math-intrinsics@https://registry.npmjs.org/math-intrinsics/-/math-intrinsics-1.1.0.tgz 0ms (cache hit)
3756 http cache string.prototype.trimend@https://registry.npmjs.org/string.prototype.trimend/-/string.prototype.trimend-1.0.10.tgz 0ms (cache hit)
3757 http cache tsconfig-paths@https://registry.npmjs.org/tsconfig-paths/-/tsconfig-paths-3.15.0.tgz 0ms (cache hit)
3758 http cache call-bind@https://registry.npmjs.org/call-bind/-/call-bind-1.0.9.tgz 0ms (cache hit)
3759 http cache object.values@https://registry.npmjs.org/object.values/-/object.values-1.2.1.tgz 0ms (cache hit)
3760 http cache object.fromentries@https://registry.npmjs.org/object.fromentries/-/object.fromentries-2.0.8.tgz 0ms (cache hit)
3761 http cache object.groupby@https://registry.npmjs.org/object.groupby/-/object.groupby-1.0.3.tgz 0ms (cache hit)
3762 http cache eslint-module-utils@https://registry.npmjs.org/eslint-module-utils/-/eslint-module-utils-2.14.0.tgz 0ms (cache hit)
3763 http cache hasown@https://registry.npmjs.org/hasown/-/hasown-2.0.4.tgz 0ms (cache hit)
3764 http cache doctrine@https://registry.npmjs.org/doctrine/-/doctrine-2.1.0.tgz 1ms (cache hit)
3765 http cache semver@https://registry.npmjs.org/semver/-/semver-6.3.1.tgz 0ms (cache hit)
3766 http cache tinyglobby@https://registry.npmjs.org/tinyglobby/-/tinyglobby-0.2.17.tgz 0ms (cache hit)
3767 http cache array.prototype.findlastindex@https://registry.npmjs.org/array.prototype.findlastindex/-/array.prototype.findlastindex-1.2.6.tgz 0ms (cache hit)
3768 http cache @rtsao/scc@https://registry.npmjs.org/@rtsao/scc/-/scc-1.1.0.tgz 0ms (cache hit)
3769 http cache array.prototype.flatmap@https://registry.npmjs.org/array.prototype.flatmap/-/array.prototype.flatmap-1.3.3.tgz 0ms (cache hit)
3770 http cache stable-hash@https://registry.npmjs.org/stable-hash/-/stable-hash-0.0.5.tgz 0ms (cache hit)
3771 http cache unrs-resolver@https://registry.npmjs.org/unrs-resolver/-/unrs-resolver-1.12.2.tgz 0ms (cache hit)
3772 http cache array-includes@https://registry.npmjs.org/array-includes/-/array-includes-3.1.9.tgz 0ms (cache hit)
3773 http cache @nolyfill/is-core-module@https://registry.npmjs.org/@nolyfill/is-core-module/-/is-core-module-1.0.39.tgz 0ms (cache hit)
3774 http cache get-tsconfig@https://registry.npmjs.org/get-tsconfig/-/get-tsconfig-4.14.0.tgz 0ms (cache hit)
3775 http cache is-bun-module@https://registry.npmjs.org/is-bun-module/-/is-bun-module-2.0.0.tgz 0ms (cache hit)
3776 http cache is-core-module@https://registry.npmjs.org/is-core-module/-/is-core-module-2.16.2.tgz 0ms (cache hit)
3777 http cache eslint-plugin-react-hooks@https://registry.npmjs.org/eslint-plugin-react-hooks/-/eslint-plugin-react-hooks-7.1.1.tgz 0ms (cache hit)
3778 http cache resolve@https://registry.npmjs.org/resolve/-/resolve-2.0.0-next.7.tgz 0ms (cache hit)
3779 http cache typescript-eslint@https://registry.npmjs.org/typescript-eslint/-/typescript-eslint-8.64.0.tgz 0ms (cache hit)
3780 http cache fast-glob@https://registry.npmjs.org/fast-glob/-/fast-glob-3.3.1.tgz 0ms (cache hit)
3781 http cache array.prototype.flat@https://registry.npmjs.org/array.prototype.flat/-/array.prototype.flat-1.3.3.tgz 0ms (cache hit)
3782 http cache @next/eslint-plugin-next@https://registry.npmjs.org/@next/eslint-plugin-next/-/eslint-plugin-next-16.2.10.tgz 0ms (cache hit)
3783 http cache eslint-plugin-import@https://registry.npmjs.org/eslint-plugin-import/-/eslint-plugin-import-2.32.0.tgz 0ms (cache hit)
3784 http cache eslint-import-resolver-node@https://registry.npmjs.org/eslint-import-resolver-node/-/eslint-import-resolver-node-0.3.10.tgz 0ms (cache hit)
3785 http cache eslint-plugin-jsx-a11y@https://registry.npmjs.org/eslint-plugin-jsx-a11y/-/eslint-plugin-jsx-a11y-6.10.2.tgz 0ms (cache hit)
3786 http cache path-key@https://registry.npmjs.org/path-key/-/path-key-3.1.1.tgz 0ms (cache hit)
3787 http cache shebang-command@https://registry.npmjs.org/shebang-command/-/shebang-command-2.0.0.tgz 1ms (cache hit)
3788 http cache eslint-import-resolver-typescript@https://registry.npmjs.org/eslint-import-resolver-typescript/-/eslint-import-resolver-typescript-3.10.1.tgz 0ms (cache hit)
3789 http cache which@https://registry.npmjs.org/which/-/which-2.0.2.tgz 0ms (cache hit)
3790 http cache eslint-plugin-react@https://registry.npmjs.org/eslint-plugin-react/-/eslint-plugin-react-7.37.5.tgz 0ms (cache hit)
3791 http cache supports-color@https://registry.npmjs.org/supports-color/-/supports-color-7.2.0.tgz 0ms (cache hit)
3792 http cache ansi-styles@https://registry.npmjs.org/ansi-styles/-/ansi-styles-4.3.0.tgz 0ms (cache hit)
3793 http cache @humanfs/core@https://registry.npmjs.org/@humanfs/core/-/core-0.19.2.tgz 0ms (cache hit)
3794 http cache ms@https://registry.npmjs.org/ms/-/ms-2.1.3.tgz 0ms (cache hit)
3795 http cache uri-js@https://registry.npmjs.org/uri-js/-/uri-js-4.4.1.tgz 0ms (cache hit)
3796 http cache color-name@https://registry.npmjs.org/color-name/-/color-name-1.1.4.tgz 0ms (cache hit)
3797 http cache fast-json-stable-stringify@https://registry.npmjs.org/fast-json-stable-stringify/-/fast-json-stable-stringify-2.1.0.tgz 0ms (cache hit)
3798 http cache json-schema-traverse@https://registry.npmjs.org/json-schema-traverse/-/json-schema-traverse-0.4.1.tgz 0ms (cache hit)
3799 http cache js-yaml@https://registry.npmjs.org/js-yaml/-/js-yaml-4.3.0.tgz 0ms (cache hit)
3800 http cache @humanfs/types@https://registry.npmjs.org/@humanfs/types/-/types-0.15.0.tgz 0ms (cache hit)
3801 http cache strip-json-comments@https://registry.npmjs.org/strip-json-comments/-/strip-json-comments-3.1.1.tgz 0ms (cache hit)
3802 http cache color-convert@https://registry.npmjs.org/color-convert/-/color-convert-2.0.1.tgz 0ms (cache hit)
3803 http cache levn@https://registry.npmjs.org/levn/-/levn-0.4.1.tgz 0ms (cache hit)
3804 http cache @types/json-schema@https://registry.npmjs.org/@types/json-schema/-/json-schema-7.0.15.tgz 0ms (cache hit)
3805 http cache globals@https://registry.npmjs.org/globals/-/globals-14.0.0.tgz 0ms (cache hit)
3806 http cache import-fresh@https://registry.npmjs.org/import-fresh/-/import-fresh-3.3.1.tgz 0ms (cache hit)
3807 http cache optionator@https://registry.npmjs.org/optionator/-/optionator-0.9.4.tgz 0ms (cache hit)
3808 http cache @eslint/object-schema@https://registry.npmjs.org/@eslint/object-schema/-/object-schema-2.1.7.tgz 0ms (cache hit)
3809 http cache minimatch@https://registry.npmjs.org/minimatch/-/minimatch-3.1.5.tgz 0ms (cache hit)
3810 http cache natural-compare@https://registry.npmjs.org/natural-compare/-/natural-compare-1.4.0.tgz 0ms (cache hit)
3811 http cache json-stable-stringify-without-jsonify@https://registry.npmjs.org/json-stable-stringify-without-jsonify/-/json-stable-stringify-without-jsonify-1.0.1.tgz 0ms (cache hit)
3812 http cache lodash.merge@https://registry.npmjs.org/lodash.merge/-/lodash.merge-4.6.2.tgz 0ms (cache hit)
3813 http cache imurmurhash@https://registry.npmjs.org/imurmurhash/-/imurmurhash-0.1.4.tgz 0ms (cache hit)
3814 http cache ignore@https://registry.npmjs.org/ignore/-/ignore-5.3.2.tgz 0ms (cache hit)
3815 http cache find-up@https://registry.npmjs.org/find-up/-/find-up-5.0.0.tgz 1ms (cache hit)
3816 http cache is-glob@https://registry.npmjs.org/is-glob/-/is-glob-4.0.3.tgz 0ms (cache hit)
3817 http cache esutils@https://registry.npmjs.org/esutils/-/esutils-2.0.3.tgz 0ms (cache hit)
3818 http cache glob-parent@https://registry.npmjs.org/glob-parent/-/glob-parent-6.0.2.tgz 1ms (cache hit)
3819 http cache fast-deep-equal@https://registry.npmjs.org/fast-deep-equal/-/fast-deep-equal-3.1.3.tgz 0ms (cache hit)
3820 http cache esquery@https://registry.npmjs.org/esquery/-/esquery-1.7.0.tgz 0ms (cache hit)
3821 http cache eslint-visitor-keys@https://registry.npmjs.org/eslint-visitor-keys/-/eslint-visitor-keys-4.2.1.tgz 0ms (cache hit)
3822 http cache file-entry-cache@https://registry.npmjs.org/file-entry-cache/-/file-entry-cache-8.0.0.tgz 0ms (cache hit)
3823 http cache debug@https://registry.npmjs.org/debug/-/debug-4.4.3.tgz 0ms (cache hit)
3824 http cache eslint-scope@https://registry.npmjs.org/eslint-scope/-/eslint-scope-8.4.0.tgz 0ms (cache hit)
3825 http cache cross-spawn@https://registry.npmjs.org/cross-spawn/-/cross-spawn-7.0.6.tgz 0ms (cache hit)
3826 http cache espree@https://registry.npmjs.org/espree/-/espree-10.4.0.tgz 0ms (cache hit)
3827 http cache ajv@https://registry.npmjs.org/ajv/-/ajv-6.15.0.tgz 0ms (cache hit)
3828 http cache chalk@https://registry.npmjs.org/chalk/-/chalk-4.1.2.tgz 0ms (cache hit)
3829 http cache escape-string-regexp@https://registry.npmjs.org/escape-string-regexp/-/escape-string-regexp-4.0.0.tgz 0ms (cache hit)
3830 http cache @humanwhocodes/retry@https://registry.npmjs.org/@humanwhocodes/retry/-/retry-0.4.3.tgz 0ms (cache hit)
3831 http cache @humanfs/node@https://registry.npmjs.org/@humanfs/node/-/node-0.16.8.tgz 0ms (cache hit)
3832 http cache @types/estree@https://registry.npmjs.org/@types/estree/-/estree-1.0.9.tgz 0ms (cache hit)
3833 http cache @eslint/plugin-kit@https://registry.npmjs.org/@eslint/plugin-kit/-/plugin-kit-0.4.1.tgz 0ms (cache hit)
3834 http cache @humanwhocodes/module-importer@https://registry.npmjs.org/@humanwhocodes/module-importer/-/module-importer-1.0.1.tgz 0ms (cache hit)
3835 http cache @eslint/eslintrc@https://registry.npmjs.org/@eslint/eslintrc/-/eslintrc-3.3.6.tgz 0ms (cache hit)
3836 http cache @eslint/config-helpers@https://registry.npmjs.org/@eslint/config-helpers/-/config-helpers-0.4.2.tgz 0ms (cache hit)
3837 http cache @eslint/js@https://registry.npmjs.org/@eslint/js/-/js-9.39.5.tgz 0ms (cache hit)
3838 http cache @eslint/config-array@https://registry.npmjs.org/@eslint/config-array/-/config-array-0.21.2.tgz 0ms (cache hit)
3839 http cache @eslint-community/eslint-utils@https://registry.npmjs.org/@eslint-community/eslint-utils/-/eslint-utils-4.9.1.tgz 0ms (cache hit)
3840 http cache @eslint/core@https://registry.npmjs.org/@eslint/core/-/core-0.17.0.tgz 0ms (cache hit)
3841 http cache baseline-browser-mapping@https://registry.npmjs.org/baseline-browser-mapping/-/baseline-browser-mapping-2.10.43.tgz 0ms (cache hit)
3842 http cache update-browserslist-db@https://registry.npmjs.org/update-browserslist-db/-/update-browserslist-db-1.2.3.tgz 0ms (cache hit)
3843 http cache electron-to-chromium@https://registry.npmjs.org/electron-to-chromium/-/electron-to-chromium-1.5.392.tgz 0ms (cache hit)
3844 http cache @eslint-community/regexpp@https://registry.npmjs.org/@eslint-community/regexpp/-/regexpp-4.12.2.tgz 0ms (cache hit)
3845 http cache fraction.js@https://registry.npmjs.org/fraction.js/-/fraction.js-5.3.4.tgz 0ms (cache hit)
3846 http cache dequal@https://registry.npmjs.org/dequal/-/dequal-2.0.3.tgz 0ms (cache hit)
3847 http cache node-releases@https://registry.npmjs.org/node-releases/-/node-releases-2.0.51.tgz 0ms (cache hit)
3848 http cache undici-types@https://registry.npmjs.org/undici-types/-/undici-types-6.21.0.tgz 0ms (cache hit)
3849 http cache csstype@https://registry.npmjs.org/csstype/-/csstype-3.2.3.tgz 0ms (cache hit)
3850 http cache postcss-value-parser@https://registry.npmjs.org/postcss-value-parser/-/postcss-value-parser-4.2.0.tgz 0ms (cache hit)
3851 http cache browserslist@https://registry.npmjs.org/browserslist/-/browserslist-4.28.6.tgz 0ms (cache hit)
3852 http cache caniuse-lite@https://registry.npmjs.org/caniuse-lite/-/caniuse-lite-1.0.30001806.tgz 1ms (cache hit)
3853 http cache lz-string@https://registry.npmjs.org/lz-string/-/lz-string-1.5.0.tgz 0ms (cache hit)
3854 http cache js-tokens@https://registry.npmjs.org/js-tokens/-/js-tokens-4.0.0.tgz 0ms (cache hit)
3855 http cache @babel/helper-validator-identifier@https://registry.npmjs.org/@babel/helper-validator-identifier/-/helper-validator-identifier-7.29.7.tgz 0ms (cache hit)
3856 http cache aria-query@https://registry.npmjs.org/aria-query/-/aria-query-5.3.0.tgz 0ms (cache hit)
3857 http cache pretty-format@https://registry.npmjs.org/pretty-format/-/pretty-format-27.5.1.tgz 0ms (cache hit)
3858 http cache dom-accessibility-api@https://registry.npmjs.org/dom-accessibility-api/-/dom-accessibility-api-0.5.16.tgz 0ms (cache hit)
3859 http cache @types/aria-query@https://registry.npmjs.org/@types/aria-query/-/aria-query-5.0.4.tgz 0ms (cache hit)
3860 http cache @supabase/phoenix@https://registry.npmjs.org/@supabase/phoenix/-/phoenix-0.4.5.tgz 0ms (cache hit)
3861 http cache iceberg-js@https://registry.npmjs.org/iceberg-js/-/iceberg-js-0.8.1.tgz 0ms (cache hit)
3862 http cache picocolors@https://registry.npmjs.org/picocolors/-/picocolors-1.1.1.tgz 0ms (cache hit)
3863 http cache @babel/code-frame@https://registry.npmjs.org/@babel/code-frame/-/code-frame-7.29.7.tgz 0ms (cache hit)
3864 http cache tslib@https://registry.npmjs.org/tslib/-/tslib-2.8.1.tgz 0ms (cache hit)
3865 http cache @supabase/storage-js@https://registry.npmjs.org/@supabase/storage-js/-/storage-js-2.110.7.tgz 0ms (cache hit)
3866 http cache @babel/runtime@https://registry.npmjs.org/@babel/runtime/-/runtime-7.29.7.tgz 0ms (cache hit)
3867 http cache @supabase/functions-js@https://registry.npmjs.org/@supabase/functions-js/-/functions-js-2.110.7.tgz 0ms (cache hit)
3868 http cache @supabase/postgrest-js@https://registry.npmjs.org/@supabase/postgrest-js/-/postgrest-js-2.110.7.tgz 0ms (cache hit)
3869 http cache @supabase/auth-js@https://registry.npmjs.org/@supabase/auth-js/-/auth-js-2.110.7.tgz 0ms (cache hit)
3870 http cache zod@https://registry.npmjs.org/zod/-/zod-3.25.76.tgz 0ms (cache hit)
3871 http cache cookie@https://registry.npmjs.org/cookie/-/cookie-1.1.1.tgz 0ms (cache hit)
3872 http cache tailwindcss@https://registry.npmjs.org/tailwindcss/-/tailwindcss-3.4.19.tgz 0ms (cache hit)
3873 http cache @supabase/realtime-js@https://registry.npmjs.org/@supabase/realtime-js/-/realtime-js-2.110.7.tgz 0ms (cache hit)
3874 http cache lucide-react@https://registry.npmjs.org/lucide-react/-/lucide-react-0.468.0.tgz 0ms (cache hit)
3875 http cache vitest@https://registry.npmjs.org/vitest/-/vitest-2.1.9.tgz 0ms (cache hit)
3876 http cache next@https://registry.npmjs.org/next/-/next-16.2.10.tgz 0ms (cache hit)
3877 http cache eslint-config-next@https://registry.npmjs.org/eslint-config-next/-/eslint-config-next-16.2.10.tgz 0ms (cache hit)
3878 http cache jsdom@https://registry.npmjs.org/jsdom/-/jsdom-25.0.1.tgz 0ms (cache hit)
3879 http cache @types/react@https://registry.npmjs.org/@types/react/-/react-19.2.17.tgz 0ms (cache hit)
3880 http cache typescript@https://registry.npmjs.org/typescript/-/typescript-5.9.3.tgz 0ms (cache hit)
3881 http cache autoprefixer@https://registry.npmjs.org/autoprefixer/-/autoprefixer-10.5.4.tgz 0ms (cache hit)
3882 http cache postcss@https://registry.npmjs.org/postcss/-/postcss-8.5.19.tgz 0ms (cache hit)
3883 http cache @types/node@https://registry.npmjs.org/@types/node/-/node-22.20.1.tgz 0ms (cache hit)
3884 http cache react-dom@https://registry.npmjs.org/react-dom/-/react-dom-19.2.7.tgz 0ms (cache hit)
3885 http cache @testing-library/react@https://registry.npmjs.org/@testing-library/react/-/react-16.3.2.tgz 0ms (cache hit)
3886 http cache @types/react-dom@https://registry.npmjs.org/@types/react-dom/-/react-dom-19.2.3.tgz 0ms (cache hit)
3887 http cache react@https://registry.npmjs.org/react/-/react-19.2.7.tgz 0ms (cache hit)
3888 http cache @supabase/ssr@https://registry.npmjs.org/@supabase/ssr/-/ssr-0.6.1.tgz 0ms (cache hit)
3889 http cache @testing-library/dom@https://registry.npmjs.org/@testing-library/dom/-/dom-10.4.1.tgz 0ms (cache hit)
3890 http cache @supabase/supabase-js@https://registry.npmjs.org/@supabase/supabase-js/-/supabase-js-2.110.7.tgz 0ms (cache hit)
3891 http cache brace-expansion@https://registry.npmjs.org/brace-expansion/-/brace-expansion-5.0.7.tgz 0ms (cache hit)
3892 http cache balanced-match@https://registry.npmjs.org/balanced-match/-/balanced-match-4.0.4.tgz 0ms (cache hit)
3893 http cache eslint@https://registry.npmjs.org/eslint/-/eslint-9.39.5.tgz 0ms (cache hit)
3894 http cache minimatch@https://registry.npmjs.org/minimatch/-/minimatch-10.2.5.tgz 0ms (cache hit)
3895 http cache semver@https://registry.npmjs.org/semver/-/semver-7.8.5.tgz 0ms (cache hit)
3896 http cache rrweb-cssom@https://registry.npmjs.org/rrweb-cssom/-/rrweb-cssom-0.8.0.tgz 0ms (cache hit)
3897 http cache ignore@https://registry.npmjs.org/ignore/-/ignore-7.0.6.tgz 0ms (cache hit)
3898 http cache react-is@https://registry.npmjs.org/react-is/-/react-is-16.13.1.tgz 0ms (cache hit)
3899 http cache eslint-visitor-keys@https://registry.npmjs.org/eslint-visitor-keys/-/eslint-visitor-keys-5.0.1.tgz 0ms (cache hit)
3900 http cache json5@https://registry.npmjs.org/json5/-/json5-1.0.2.tgz 0ms (cache hit)
3901 http cache semver@https://registry.npmjs.org/semver/-/semver-7.8.5.tgz 0ms (cache hit)
3902 http cache lru-cache@https://registry.npmjs.org/lru-cache/-/lru-cache-10.4.3.tgz 0ms (cache hit)
3903 http cache resolve@https://registry.npmjs.org/resolve/-/resolve-1.22.12.tgz 0ms (cache hit)
3904 http cache glob-parent@https://registry.npmjs.org/glob-parent/-/glob-parent-5.1.2.tgz 0ms (cache hit)
3905 http cache semver@https://registry.npmjs.org/semver/-/semver-7.8.5.tgz 0ms (cache hit)
3906 http cache picomatch@https://registry.npmjs.org/picomatch/-/picomatch-4.0.5.tgz 0ms (cache hit)
3907 http cache debug@https://registry.npmjs.org/debug/-/debug-3.2.7.tgz 0ms (cache hit)
3908 http cache glob-parent@https://registry.npmjs.org/glob-parent/-/glob-parent-5.1.2.tgz 0ms (cache hit)
3909 http cache debug@https://registry.npmjs.org/debug/-/debug-3.2.7.tgz 0ms (cache hit)
3910 http cache fdir@https://registry.npmjs.org/fdir/-/fdir-6.5.0.tgz 0ms (cache hit)
3911 http cache aria-query@https://registry.npmjs.org/aria-query/-/aria-query-5.3.2.tgz 0ms (cache hit)
3912 http cache ansi-styles@https://registry.npmjs.org/ansi-styles/-/ansi-styles-5.2.0.tgz 0ms (cache hit)
3913 http cache fast-glob@https://registry.npmjs.org/fast-glob/-/fast-glob-3.3.3.tgz 0ms (cache hit)
3914 silly tarball no local data for siginfo@https://registry.npmjs.org/siginfo/-/siginfo-2.0.0.tgz. Extracting by manifest.
3915 silly tarball no local data for stackback@https://registry.npmjs.org/stackback/-/stackback-0.0.2.tgz. Extracting by manifest.
3916 http cache debug@https://registry.npmjs.org/debug/-/debug-3.2.7.tgz 0ms (cache hit)
3917 silly tarball no local data for is-weakset@https://registry.npmjs.org/is-weakset/-/is-weakset-2.0.4.tgz. Extracting by manifest.
3918 http cache globals@https://registry.npmjs.org/globals/-/globals-16.4.0.tgz 0ms (cache hit)
3919 http cache resolve@https://registry.npmjs.org/resolve/-/resolve-1.22.12.tgz 0ms (cache hit)
3920 silly tarball no local data for generator-function@https://registry.npmjs.org/generator-function/-/generator-function-2.0.1.tgz. Extracting by manifest.
3921 silly tarball no local data for is-weakmap@https://registry.npmjs.org/is-weakmap/-/is-weakmap-2.0.2.tgz. Extracting by manifest.
3922 silly tarball no local data for which-collection@https://registry.npmjs.org/which-collection/-/which-collection-1.0.2.tgz. Extracting by manifest.
3923 silly tarball no local data for is-finalizationregistry@https://registry.npmjs.org/is-finalizationregistry/-/is-finalizationregistry-1.1.1.tgz. Extracting by manifest.
3924 http cache postcss@https://registry.npmjs.org/postcss/-/postcss-8.4.31.tgz 0ms (cache hit)
3925 silly tarball no local data for is-map@https://registry.npmjs.org/is-map/-/is-map-2.0.3.tgz. Extracting by manifest.
3926 silly tarball no local data for is-generator-function@https://registry.npmjs.org/is-generator-function/-/is-generator-function-1.1.2.tgz. Extracting by manifest.
3927 http cache glob-parent@https://registry.npmjs.org/glob-parent/-/glob-parent-5.1.2.tgz 0ms (cache hit)
3928 silly tarball no local data for is-number-object@https://registry.npmjs.org/is-number-object/-/is-number-object-1.1.1.tgz. Extracting by manifest.
3929 silly tarball no local data for is-boolean-object@https://registry.npmjs.org/is-boolean-object/-/is-boolean-object-1.2.2.tgz. Extracting by manifest.
3930 silly tarball no local data for is-async-function@https://registry.npmjs.org/is-async-function/-/is-async-function-2.1.1.tgz. Extracting by manifest.
3931 silly tarball no local data for tr46@https://registry.npmjs.org/tr46/-/tr46-5.1.1.tgz. Extracting by manifest.
3932 silly tarball no local data for async-function@https://registry.npmjs.org/async-function/-/async-function-1.0.0.tgz. Extracting by manifest.
3933 silly tarball no local data for safer-buffer@https://registry.npmjs.org/safer-buffer/-/safer-buffer-2.1.2.tgz. Extracting by manifest.
3934 silly tarball no local data for cac@https://registry.npmjs.org/cac/-/cac-6.7.14.tgz. Extracting by manifest.
3935 silly tarball no local data for iconv-lite@https://registry.npmjs.org/iconv-lite/-/iconv-lite-0.6.3.tgz. Extracting by manifest.
3936 http cache eslint-visitor-keys@https://registry.npmjs.org/eslint-visitor-keys/-/eslint-visitor-keys-3.4.3.tgz 0ms (cache hit)
3937 silly tarball no local data for is-bigint@https://registry.npmjs.org/is-bigint/-/is-bigint-1.1.0.tgz. Extracting by manifest.
3938 silly tarball no local data for @rollup/rollup-win32-x64-msvc@https://registry.npmjs.org/@rollup/rollup-win32-x64-msvc/-/rollup-win32-x64-msvc-4.62.2.tgz. Extracting by manifest.
3939 silly tarball no local data for es-module-lexer@https://registry.npmjs.org/es-module-lexer/-/es-module-lexer-1.7.0.tgz. Extracting by manifest.
3940 silly tarball no local data for isexe@https://registry.npmjs.org/isexe/-/isexe-2.0.0.tgz. Extracting by manifest.
3941 silly tarball no local data for rollup@https://registry.npmjs.org/rollup/-/rollup-4.62.2.tgz. Extracting by manifest.
3942 silly tarball no local data for @esbuild/win32-x64@https://registry.npmjs.org/@esbuild/win32-x64/-/win32-x64-0.21.5.tgz. Extracting by manifest.
3943 silly tarball no local data for esbuild@https://registry.npmjs.org/esbuild/-/esbuild-0.21.5.tgz. Extracting by manifest.
3944 silly tarball no local data for @rollup/rollup-win32-x64-gnu@https://registry.npmjs.org/@rollup/rollup-win32-x64-gnu/-/rollup-win32-x64-gnu-4.62.2.tgz. Extracting by manifest.
3945 silly tarball no local data for loupe@https://registry.npmjs.org/loupe/-/loupe-3.2.1.tgz. Extracting by manifest.
3946 silly tarball no local data for assertion-error@https://registry.npmjs.org/assertion-error/-/assertion-error-2.0.1.tgz. Extracting by manifest.
3947 silly tarball no local data for pathval@https://registry.npmjs.org/pathval/-/pathval-2.0.1.tgz. Extracting by manifest.
3948 silly tarball no local data for deep-eql@https://registry.npmjs.org/deep-eql/-/deep-eql-5.0.2.tgz. Extracting by manifest.
3949 silly tarball no local data for estree-walker@https://registry.npmjs.org/estree-walker/-/estree-walker-3.0.3.tgz. Extracting by manifest.
3950 silly tarball no local data for check-error@https://registry.npmjs.org/check-error/-/check-error-2.1.3.tgz. Extracting by manifest.
3951 silly tarball no local data for why-is-node-running@https://registry.npmjs.org/why-is-node-running/-/why-is-node-running-2.3.0.tgz. Extracting by manifest.
3952 silly tarball no local data for tinyspy@https://registry.npmjs.org/tinyspy/-/tinyspy-3.0.2.tgz. Extracting by manifest.
3953 silly tarball no local data for tinyrainbow@https://registry.npmjs.org/tinyrainbow/-/tinyrainbow-1.2.0.tgz. Extracting by manifest.
3954 silly tarball no local data for vite-node@https://registry.npmjs.org/vite-node/-/vite-node-2.1.9.tgz. Extracting by manifest.
3955 silly tarball no local data for tinyexec@https://registry.npmjs.org/tinyexec/-/tinyexec-0.3.2.tgz. Extracting by manifest.
3956 silly tarball no local data for vite@https://registry.npmjs.org/vite/-/vite-5.4.21.tgz. Extracting by manifest.
3957 silly tarball no local data for tinybench@https://registry.npmjs.org/tinybench/-/tinybench-2.9.0.tgz. Extracting by manifest.
3958 silly tarball no local data for @vitest/spy@https://registry.npmjs.org/@vitest/spy/-/spy-2.1.9.tgz. Extracting by manifest.
3959 silly tarball no local data for tinypool@https://registry.npmjs.org/tinypool/-/tinypool-1.1.1.tgz. Extracting by manifest.
3960 silly tarball no local data for magic-string@https://registry.npmjs.org/magic-string/-/magic-string-0.30.21.tgz. Extracting by manifest.
3961 silly tarball no local data for std-env@https://registry.npmjs.org/std-env/-/std-env-3.10.0.tgz. Extracting by manifest.
3962 silly tarball no local data for expect-type@https://registry.npmjs.org/expect-type/-/expect-type-1.4.0.tgz. Extracting by manifest.
3963 silly tarball no local data for pathe@https://registry.npmjs.org/pathe/-/pathe-1.1.2.tgz. Extracting by manifest.
3964 silly tarball no local data for @vitest/utils@https://registry.npmjs.org/@vitest/utils/-/utils-2.1.9.tgz. Extracting by manifest.
3965 silly tarball no local data for chai@https://registry.npmjs.org/chai/-/chai-5.3.3.tgz. Extracting by manifest.
3966 silly tarball no local data for @vitest/runner@https://registry.npmjs.org/@vitest/runner/-/runner-2.1.9.tgz. Extracting by manifest.
3967 silly tarball no local data for @vitest/mocker@https://registry.npmjs.org/@vitest/mocker/-/mocker-2.1.9.tgz. Extracting by manifest.
3968 silly tarball no local data for @vitest/snapshot@https://registry.npmjs.org/@vitest/snapshot/-/snapshot-2.1.9.tgz. Extracting by manifest.
3969 silly tarball no local data for @vitest/expect@https://registry.npmjs.org/@vitest/expect/-/expect-2.1.9.tgz. Extracting by manifest.
3970 silly tarball no local data for @vitest/pretty-format@https://registry.npmjs.org/@vitest/pretty-format/-/pretty-format-2.1.9.tgz. Extracting by manifest.
3971 silly tarball no local data for @unrs/resolver-binding-win32-x64-msvc@https://registry.npmjs.org/@unrs/resolver-binding-win32-x64-msvc/-/resolver-binding-win32-x64-msvc-1.12.2.tgz. Extracting by manifest.
3972 silly tarball no local data for napi-postinstall@https://registry.npmjs.org/napi-postinstall/-/napi-postinstall-0.3.4.tgz. Extracting by manifest.
3973 silly tarball no local data for escalade@https://registry.npmjs.org/escalade/-/escalade-3.2.0.tgz. Extracting by manifest.
3974 silly tarball no local data for @typescript-eslint/tsconfig-utils@https://registry.npmjs.org/@typescript-eslint/tsconfig-utils/-/tsconfig-utils-8.64.0.tgz. Extracting by manifest.
3975 silly tarball no local data for has-bigints@https://registry.npmjs.org/has-bigints/-/has-bigints-1.1.0.tgz. Extracting by manifest.
3976 silly tarball no local data for which-boxed-primitive@https://registry.npmjs.org/which-boxed-primitive/-/which-boxed-primitive-1.1.1.tgz. Extracting by manifest.
3977 silly tarball no local data for @typescript-eslint/types@https://registry.npmjs.org/@typescript-eslint/types/-/types-8.64.0.tgz. Extracting by manifest.
3978 silly tarball no local data for @typescript-eslint/project-service@https://registry.npmjs.org/@typescript-eslint/project-service/-/project-service-8.64.0.tgz. Extracting by manifest.
3979 silly tarball no local data for @typescript-eslint/scope-manager@https://registry.npmjs.org/@typescript-eslint/scope-manager/-/scope-manager-8.64.0.tgz. Extracting by manifest.
3980 silly tarball no local data for @typescript-eslint/visitor-keys@https://registry.npmjs.org/@typescript-eslint/visitor-keys/-/visitor-keys-8.64.0.tgz. Extracting by manifest.
3981 silly tarball no local data for punycode@https://registry.npmjs.org/punycode/-/punycode-2.3.1.tgz. Extracting by manifest.
3982 silly tarball no local data for @typescript-eslint/type-utils@https://registry.npmjs.org/@typescript-eslint/type-utils/-/type-utils-8.64.0.tgz. Extracting by manifest.
3983 silly tarball no local data for @typescript-eslint/utils@https://registry.npmjs.org/@typescript-eslint/utils/-/utils-8.64.0.tgz. Extracting by manifest.
3984 silly tarball no local data for @typescript-eslint/parser@https://registry.npmjs.org/@typescript-eslint/parser/-/parser-8.64.0.tgz. Extracting by manifest.
3985 silly tarball no local data for which-builtin-type@https://registry.npmjs.org/which-builtin-type/-/which-builtin-type-1.2.1.tgz. Extracting by manifest.
3986 silly tarball no local data for @typescript-eslint/typescript-estree@https://registry.npmjs.org/@typescript-eslint/typescript-estree/-/typescript-estree-8.64.0.tgz. Extracting by manifest.
3987 silly tarball no local data for @typescript-eslint/eslint-plugin@https://registry.npmjs.org/@typescript-eslint/eslint-plugin/-/eslint-plugin-8.64.0.tgz. Extracting by manifest.
3988 silly tarball no local data for strip-bom@https://registry.npmjs.org/strip-bom/-/strip-bom-3.0.0.tgz. Extracting by manifest.
3989 silly tarball no local data for for-each@https://registry.npmjs.org/for-each/-/for-each-0.3.5.tgz. Extracting by manifest.
3990 silly tarball no local data for reflect.getprototypeof@https://registry.npmjs.org/reflect.getprototypeof/-/reflect.getprototypeof-1.0.10.tgz. Extracting by manifest.
3991 silly tarball no local data for @types/json5@https://registry.npmjs.org/@types/json5/-/json5-0.0.29.tgz. Extracting by manifest.
3992 silly tarball no local data for tldts-core@https://registry.npmjs.org/tldts-core/-/tldts-core-6.1.86.tgz. Extracting by manifest.
3993 silly tarball no local data for is-number@https://registry.npmjs.org/is-number/-/is-number-7.0.0.tgz. Extracting by manifest.
3994 silly tarball no local data for any-promise@https://registry.npmjs.org/any-promise/-/any-promise-1.3.0.tgz. Extracting by manifest.
3995 silly tarball no local data for thenify-all@https://registry.npmjs.org/thenify-all/-/thenify-all-1.6.0.tgz. Extracting by manifest.
3996 silly tarball no local data for tldts@https://registry.npmjs.org/tldts/-/tldts-6.1.86.tgz. Extracting by manifest.
3997 silly tarball no local data for thenify@https://registry.npmjs.org/thenify/-/thenify-3.3.1.tgz. Extracting by manifest.
3998 silly tarball no local data for mz@https://registry.npmjs.org/mz/-/mz-2.7.0.tgz. Extracting by manifest.
3999 silly tarball no local data for pirates@https://registry.npmjs.org/pirates/-/pirates-4.0.7.tgz. Extracting by manifest.
4000 silly tarball no local data for commander@https://registry.npmjs.org/commander/-/commander-4.1.1.tgz. Extracting by manifest.
4001 silly tarball no local data for pify@https://registry.npmjs.org/pify/-/pify-2.3.0.tgz. Extracting by manifest.
4002 silly tarball no local data for cssesc@https://registry.npmjs.org/cssesc/-/cssesc-3.0.0.tgz. Extracting by manifest.
4003 silly tarball no local data for lines-and-columns@https://registry.npmjs.org/lines-and-columns/-/lines-and-columns-1.2.4.tgz. Extracting by manifest.
4004 silly tarball no local data for util-deprecate@https://registry.npmjs.org/util-deprecate/-/util-deprecate-1.0.2.tgz. Extracting by manifest.
4005 silly tarball no local data for camelcase-css@https://registry.npmjs.org/camelcase-css/-/camelcase-css-2.0.1.tgz. Extracting by manifest.
4006 silly tarball no local data for read-cache@https://registry.npmjs.org/read-cache/-/read-cache-1.0.0.tgz. Extracting by manifest.
4007 silly tarball no local data for readdirp@https://registry.npmjs.org/readdirp/-/readdirp-3.6.0.tgz. Extracting by manifest.
4008 silly tarball no local data for minimist@https://registry.npmjs.org/minimist/-/minimist-1.2.8.tgz. Extracting by manifest.
4009 silly tarball no local data for binary-extensions@https://registry.npmjs.org/binary-extensions/-/binary-extensions-2.3.0.tgz. Extracting by manifest.
4010 silly tarball no local data for anymatch@https://registry.npmjs.org/anymatch/-/anymatch-3.1.3.tgz. Extracting by manifest.
4011 silly tarball no local data for ts-api-utils@https://registry.npmjs.org/ts-api-utils/-/ts-api-utils-2.5.0.tgz. Extracting by manifest.
4012 silly tarball no local data for sucrase@https://registry.npmjs.org/sucrase/-/sucrase-3.35.1.tgz. Extracting by manifest.
4013 silly tarball no local data for postcss-selector-parser@https://registry.npmjs.org/postcss-selector-parser/-/postcss-selector-parser-6.1.4.tgz. Extracting by manifest.
4014 silly tarball no local data for postcss-nested@https://registry.npmjs.org/postcss-nested/-/postcss-nested-6.2.0.tgz. Extracting by manifest.
4015 silly tarball no local data for postcss-load-config@https://registry.npmjs.org/postcss-load-config/-/postcss-load-config-6.0.1.tgz. Extracting by manifest.
4016 silly tarball no local data for normalize-path@https://registry.npmjs.org/normalize-path/-/normalize-path-3.0.0.tgz. Extracting by manifest.
4017 silly tarball no local data for postcss-import@https://registry.npmjs.org/postcss-import/-/postcss-import-15.1.0.tgz. Extracting by manifest.
4018 silly tarball no local data for postcss-js@https://registry.npmjs.org/postcss-js/-/postcss-js-4.1.0.tgz. Extracting by manifest.
4019 silly tarball no local data for object-hash@https://registry.npmjs.org/object-hash/-/object-hash-3.0.0.tgz. Extracting by manifest.
4020 silly tarball no local data for dlv@https://registry.npmjs.org/dlv/-/dlv-1.1.3.tgz. Extracting by manifest.
4021 silly tarball no local data for is-binary-path@https://registry.npmjs.org/is-binary-path/-/is-binary-path-2.1.0.tgz. Extracting by manifest.
4022 silly tarball no local data for @alloc/quick-lru@https://registry.npmjs.org/@alloc/quick-lru/-/quick-lru-5.2.0.tgz. Extracting by manifest.
4023 silly tarball no local data for lilconfig@https://registry.npmjs.org/lilconfig/-/lilconfig-3.1.3.tgz. Extracting by manifest.
4024 silly tarball no local data for arg@https://registry.npmjs.org/arg/-/arg-5.0.2.tgz. Extracting by manifest.
4025 silly tarball no local data for has-flag@https://registry.npmjs.org/has-flag/-/has-flag-4.0.0.tgz. Extracting by manifest.
4026 silly tarball no local data for client-only@https://registry.npmjs.org/client-only/-/client-only-0.0.1.tgz. Extracting by manifest.
4027 silly tarball no local data for jiti@https://registry.npmjs.org/jiti/-/jiti-1.21.7.tgz. Extracting by manifest.
4028 silly tarball no local data for chokidar@https://registry.npmjs.org/chokidar/-/chokidar-3.6.0.tgz. Extracting by manifest.
4029 silly tarball no local data for side-channel-map@https://registry.npmjs.org/side-channel-map/-/side-channel-map-1.0.1.tgz. Extracting by manifest.
4030 silly tarball no local data for shebang-regex@https://registry.npmjs.org/shebang-regex/-/shebang-regex-3.0.0.tgz. Extracting by manifest.
4031 silly tarball no local data for ts-interface-checker@https://registry.npmjs.org/ts-interface-checker/-/ts-interface-checker-0.1.13.tgz. Extracting by manifest.
4032 silly tarball no local data for @emnapi/runtime@https://registry.npmjs.org/@emnapi/runtime/-/runtime-1.11.2.tgz. Extracting by manifest.
4033 silly tarball no local data for @img/sharp-win32-x64@https://registry.npmjs.org/@img/sharp-win32-x64/-/sharp-win32-x64-0.34.5.tgz. Extracting by manifest.
4034 silly tarball no local data for didyoumean@https://registry.npmjs.org/didyoumean/-/didyoumean-1.2.2.tgz. Extracting by manifest.
4035 silly tarball no local data for detect-libc@https://registry.npmjs.org/detect-libc/-/detect-libc-2.1.2.tgz. Extracting by manifest.
4036 silly tarball no local data for @img/colour@https://registry.npmjs.org/@img/colour/-/colour-1.1.0.tgz. Extracting by manifest.
4037 silly tarball no local data for isarray@https://registry.npmjs.org/isarray/-/isarray-2.0.5.tgz. Extracting by manifest.
4038 silly tarball no local data for queue-microtask@https://registry.npmjs.org/queue-microtask/-/queue-microtask-1.2.3.tgz. Extracting by manifest.
4039 silly tarball no local data for side-channel-weakmap@https://registry.npmjs.org/side-channel-weakmap/-/side-channel-weakmap-1.0.2.tgz. Extracting by manifest.
4040 silly tarball no local data for path-parse@https://registry.npmjs.org/path-parse/-/path-parse-1.0.7.tgz. Extracting by manifest.
4041 silly tarball no local data for xmlchars@https://registry.npmjs.org/xmlchars/-/xmlchars-2.2.0.tgz. Extracting by manifest.
4042 silly tarball no local data for scheduler@https://registry.npmjs.org/scheduler/-/scheduler-0.27.0.tgz. Extracting by manifest.
4043 silly tarball no local data for supports-preserve-symlinks-flag@https://registry.npmjs.org/supports-preserve-symlinks-flag/-/supports-preserve-symlinks-flag-1.0.0.tgz. Extracting by manifest.
4044 silly tarball no local data for node-exports-info@https://registry.npmjs.org/node-exports-info/-/node-exports-info-1.6.2.tgz. Extracting by manifest.
4045 silly tarball no local data for object-assign@https://registry.npmjs.org/object-assign/-/object-assign-4.1.1.tgz. Extracting by manifest.
4046 silly tarball no local data for side-channel-list@https://registry.npmjs.org/side-channel-list/-/side-channel-list-1.0.1.tgz. Extracting by manifest.
4047 silly tarball no local data for react-is@https://registry.npmjs.org/react-is/-/react-is-17.0.2.tgz. Extracting by manifest.
4048 silly tarball no local data for ansi-regex@https://registry.npmjs.org/ansi-regex/-/ansi-regex-5.0.1.tgz. Extracting by manifest.
4049 silly tarball no local data for loose-envify@https://registry.npmjs.org/loose-envify/-/loose-envify-1.4.0.tgz. Extracting by manifest.
4050 silly tarball no local data for entities@https://registry.npmjs.org/entities/-/entities-6.0.1.tgz. Extracting by manifest.
4051 silly tarball no local data for nanoid@https://registry.npmjs.org/nanoid/-/nanoid-3.3.16.tgz. Extracting by manifest.
4052 silly tarball no local data for word-wrap@https://registry.npmjs.org/word-wrap/-/word-wrap-1.2.5.tgz. Extracting by manifest.
4053 silly tarball no local data for yocto-queue@https://registry.npmjs.org/yocto-queue/-/yocto-queue-0.1.0.tgz. Extracting by manifest.
4054 silly tarball no local data for p-limit@https://registry.npmjs.org/p-limit/-/p-limit-3.1.0.tgz. Extracting by manifest.
4055 silly tarball no local data for deep-is@https://registry.npmjs.org/deep-is/-/deep-is-0.1.4.tgz. Extracting by manifest.
4056 silly tarball no local data for source-map-js@https://registry.npmjs.org/source-map-js/-/source-map-js-1.2.1.tgz. Extracting by manifest.
4057 silly tarball no local data for callsites@https://registry.npmjs.org/callsites/-/callsites-3.1.0.tgz. Extracting by manifest.
4058 silly tarball no local data for sharp@https://registry.npmjs.org/sharp/-/sharp-0.34.5.tgz. Extracting by manifest.
4059 silly tarball no local data for styled-jsx@https://registry.npmjs.org/styled-jsx/-/styled-jsx-5.1.6.tgz. Extracting by manifest.
4060 silly tarball no local data for @swc/helpers@https://registry.npmjs.org/@swc/helpers/-/helpers-0.5.15.tgz. Extracting by manifest.
4061 silly tarball no local data for @next/swc-win32-x64-msvc@https://registry.npmjs.org/@next/swc-win32-x64-msvc/-/swc-win32-x64-msvc-16.2.10.tgz. Extracting by manifest.
4062 silly tarball no local data for fast-levenshtein@https://registry.npmjs.org/fast-levenshtein/-/fast-levenshtein-2.0.6.tgz. Extracting by manifest.
4063 silly tarball no local data for @next/env@https://registry.npmjs.org/@next/env/-/env-16.2.10.tgz. Extracting by manifest.
4064 silly tarball no local data for brace-expansion@https://registry.npmjs.org/brace-expansion/-/brace-expansion-1.1.16.tgz. Extracting by manifest.
4065 silly tarball no local data for balanced-match@https://registry.npmjs.org/balanced-match/-/balanced-match-1.0.2.tgz. Extracting by manifest.
4066 silly tarball no local data for concat-map@https://registry.npmjs.org/concat-map/-/concat-map-0.0.1.tgz. Extracting by manifest.
4067 silly tarball no local data for mime-db@https://registry.npmjs.org/mime-db/-/mime-db-1.52.0.tgz. Extracting by manifest.
4068 silly tarball no local data for fill-range@https://registry.npmjs.org/fill-range/-/fill-range-7.1.1.tgz. Extracting by manifest.
4069 silly tarball no local data for picomatch@https://registry.npmjs.org/picomatch/-/picomatch-2.3.2.tgz. Extracting by manifest.
4070 silly tarball no local data for braces@https://registry.npmjs.org/braces/-/braces-3.0.3.tgz. Extracting by manifest.
4071 silly tarball no local data for p-locate@https://registry.npmjs.org/p-locate/-/p-locate-5.0.0.tgz. Extracting by manifest.
4072 silly tarball no local data for to-regex-range@https://registry.npmjs.org/to-regex-range/-/to-regex-range-5.0.1.tgz. Extracting by manifest.
4073 silly tarball no local data for type-check@https://registry.npmjs.org/type-check/-/type-check-0.4.0.tgz. Extracting by manifest.
4074 silly tarball no local data for prelude-ls@https://registry.npmjs.org/prelude-ls/-/prelude-ls-1.2.1.tgz. Extracting by manifest.
4075 silly tarball no local data for yallist@https://registry.npmjs.org/yallist/-/yallist-3.1.1.tgz. Extracting by manifest.
4076 silly tarball no local data for language-subtag-registry@https://registry.npmjs.org/language-subtag-registry/-/language-subtag-registry-0.3.23.tgz. Extracting by manifest.
4077 silly tarball no local data for delayed-stream@https://registry.npmjs.org/delayed-stream/-/delayed-stream-1.0.0.tgz. Extracting by manifest.
4078 silly tarball no local data for agent-base@https://registry.npmjs.org/agent-base/-/agent-base-7.1.4.tgz. Extracting by manifest.
4079 silly tarball no local data for mime-types@https://registry.npmjs.org/mime-types/-/mime-types-2.1.35.tgz. Extracting by manifest.
4080 silly tarball no local data for combined-stream@https://registry.npmjs.org/combined-stream/-/combined-stream-1.0.8.tgz. Extracting by manifest.
4081 silly tarball no local data for asynckit@https://registry.npmjs.org/asynckit/-/asynckit-0.4.0.tgz. Extracting by manifest.
4082 silly tarball no local data for @csstools/css-tokenizer@https://registry.npmjs.org/@csstools/css-tokenizer/-/css-tokenizer-3.0.4.tgz. Extracting by manifest.
4083 silly tarball no local data for @csstools/css-color-parser@https://registry.npmjs.org/@csstools/css-color-parser/-/css-color-parser-3.1.0.tgz. Extracting by manifest.
4084 silly tarball no local data for @csstools/css-parser-algorithms@https://registry.npmjs.org/@csstools/css-parser-algorithms/-/css-parser-algorithms-3.0.5.tgz. Extracting by manifest.
4085 silly tarball no local data for ws@https://registry.npmjs.org/ws/-/ws-8.21.1.tgz. Extracting by manifest.
4086 silly tarball no local data for json-buffer@https://registry.npmjs.org/json-buffer/-/json-buffer-3.0.1.tgz. Extracting by manifest.
4087 silly tarball no local data for @csstools/css-calc@https://registry.npmjs.org/@csstools/css-calc/-/css-calc-2.1.4.tgz. Extracting by manifest.
4088 silly tarball no local data for @csstools/color-helpers@https://registry.npmjs.org/@csstools/color-helpers/-/color-helpers-5.1.0.tgz. Extracting by manifest.
4089 silly tarball no local data for xml-name-validator@https://registry.npmjs.org/xml-name-validator/-/xml-name-validator-5.0.0.tgz. Extracting by manifest.
4090 silly tarball no local data for @asamuzakjp/css-color@https://registry.npmjs.org/@asamuzakjp/css-color/-/css-color-3.2.0.tgz. Extracting by manifest.
4091 silly tarball no local data for whatwg-url@https://registry.npmjs.org/whatwg-url/-/whatwg-url-14.2.0.tgz. Extracting by manifest.
4092 silly tarball no local data for webidl-conversions@https://registry.npmjs.org/webidl-conversions/-/webidl-conversions-7.0.0.tgz. Extracting by manifest.
4093 silly tarball no local data for whatwg-mimetype@https://registry.npmjs.org/whatwg-mimetype/-/whatwg-mimetype-4.0.0.tgz. Extracting by manifest.
4094 silly tarball no local data for w3c-xmlserializer@https://registry.npmjs.org/w3c-xmlserializer/-/w3c-xmlserializer-5.0.0.tgz. Extracting by manifest.
4095 silly tarball no local data for symbol-tree@https://registry.npmjs.org/symbol-tree/-/symbol-tree-3.2.4.tgz. Extracting by manifest.
4096 silly tarball no local data for tough-cookie@https://registry.npmjs.org/tough-cookie/-/tough-cookie-5.1.2.tgz. Extracting by manifest.
4097 silly tarball no local data for saxes@https://registry.npmjs.org/saxes/-/saxes-6.0.0.tgz. Extracting by manifest.
4098 silly tarball no local data for is-potential-custom-element-name@https://registry.npmjs.org/is-potential-custom-element-name/-/is-potential-custom-element-name-1.0.1.tgz. Extracting by manifest.
4099 silly tarball no local data for nwsapi@https://registry.npmjs.org/nwsapi/-/nwsapi-2.2.24.tgz. Extracting by manifest.
4100 silly tarball no local data for rrweb-cssom@https://registry.npmjs.org/rrweb-cssom/-/rrweb-cssom-0.7.1.tgz. Extracting by manifest.
4101 silly tarball no local data for whatwg-encoding@https://registry.npmjs.org/whatwg-encoding/-/whatwg-encoding-3.1.1.tgz. Extracting by manifest.
4102 silly tarball no local data for parse5@https://registry.npmjs.org/parse5/-/parse5-7.3.0.tgz. Extracting by manifest.
4103 silly tarball no local data for form-data@https://registry.npmjs.org/form-data/-/form-data-4.0.6.tgz. Extracting by manifest.
4104 silly tarball no local data for http-proxy-agent@https://registry.npmjs.org/http-proxy-agent/-/http-proxy-agent-7.0.2.tgz. Extracting by manifest.
4105 silly tarball no local data for https-proxy-agent@https://registry.npmjs.org/https-proxy-agent/-/https-proxy-agent-7.0.6.tgz. Extracting by manifest.
4106 silly tarball no local data for html-encoding-sniffer@https://registry.npmjs.org/html-encoding-sniffer/-/html-encoding-sniffer-4.0.0.tgz. Extracting by manifest.
4107 silly tarball no local data for cssstyle@https://registry.npmjs.org/cssstyle/-/cssstyle-4.6.0.tgz. Extracting by manifest.
4108 silly tarball no local data for argparse@https://registry.npmjs.org/argparse/-/argparse-2.0.1.tgz. Extracting by manifest.
4109 silly tarball no local data for is-extglob@https://registry.npmjs.org/is-extglob/-/is-extglob-2.1.1.tgz. Extracting by manifest.
4110 silly tarball no local data for data-urls@https://registry.npmjs.org/data-urls/-/data-urls-5.0.0.tgz. Extracting by manifest.
4111 silly tarball no local data for decimal.js@https://registry.npmjs.org/decimal.js/-/decimal.js-10.6.0.tgz. Extracting by manifest.
4112 silly tarball no local data for set-function-name@https://registry.npmjs.org/set-function-name/-/set-function-name-2.0.2.tgz. Extracting by manifest.
4113 silly tarball no local data for hermes-estree@https://registry.npmjs.org/hermes-estree/-/hermes-estree-0.25.1.tgz. Extracting by manifest.
4114 silly tarball no local data for resolve-pkg-maps@https://registry.npmjs.org/resolve-pkg-maps/-/resolve-pkg-maps-1.0.0.tgz. Extracting by manifest.
4115 silly tarball no local data for parent-module@https://registry.npmjs.org/parent-module/-/parent-module-1.0.1.tgz. Extracting by manifest.
4116 silly tarball no local data for side-channel@https://registry.npmjs.org/side-channel/-/side-channel-1.1.1.tgz. Extracting by manifest.
4117 silly tarball no local data for is-document.all@https://registry.npmjs.org/is-document.all/-/is-document.all-1.0.0.tgz. Extracting by manifest.
4118 silly tarball no local data for path-exists@https://registry.npmjs.org/path-exists/-/path-exists-4.0.0.tgz. Extracting by manifest.
4119 silly tarball no local data for flatted@https://registry.npmjs.org/flatted/-/flatted-3.4.2.tgz. Extracting by manifest.
4120 silly tarball no local data for resolve-from@https://registry.npmjs.org/resolve-from/-/resolve-from-4.0.0.tgz. Extracting by manifest.
4121 silly tarball no local data for keyv@https://registry.npmjs.org/keyv/-/keyv-4.5.4.tgz. Extracting by manifest.
4122 silly tarball no local data for flat-cache@https://registry.npmjs.org/flat-cache/-/flat-cache-4.0.1.tgz. Extracting by manifest.
4123 silly tarball no local data for locate-path@https://registry.npmjs.org/locate-path/-/locate-path-6.0.0.tgz. Extracting by manifest.
4124 silly tarball no local data for reusify@https://registry.npmjs.org/reusify/-/reusify-1.1.0.tgz. Extracting by manifest.
4125 silly tarball no local data for functions-have-names@https://registry.npmjs.org/functions-have-names/-/functions-have-names-1.2.3.tgz. Extracting by manifest.
4126 silly tarball no local data for micromatch@https://registry.npmjs.org/micromatch/-/micromatch-4.0.8.tgz. Extracting by manifest.
4127 silly tarball no local data for run-parallel@https://registry.npmjs.org/run-parallel/-/run-parallel-1.2.0.tgz. Extracting by manifest.
4128 silly tarball no local data for @nodelib/fs.walk@https://registry.npmjs.org/@nodelib/fs.walk/-/fs.walk-1.2.8.tgz. Extracting by manifest.
4129 silly tarball no local data for @nodelib/fs.scandir@https://registry.npmjs.org/@nodelib/fs.scandir/-/fs.scandir-2.1.5.tgz. Extracting by manifest.
4130 silly tarball no local data for fastq@https://registry.npmjs.org/fastq/-/fastq-1.20.1.tgz. Extracting by manifest.
4131 silly tarball no local data for @nodelib/fs.stat@https://registry.npmjs.org/@nodelib/fs.stat/-/fs.stat-2.0.5.tgz. Extracting by manifest.
4132 silly tarball no local data for acorn-jsx@https://registry.npmjs.org/acorn-jsx/-/acorn-jsx-5.3.2.tgz. Extracting by manifest.
4133 silly tarball no local data for acorn@https://registry.npmjs.org/acorn/-/acorn-8.17.0.tgz. Extracting by manifest.
4134 silly tarball no local data for merge2@https://registry.npmjs.org/merge2/-/merge2-1.4.1.tgz. Extracting by manifest.
4135 silly tarball no local data for esrecurse@https://registry.npmjs.org/esrecurse/-/esrecurse-4.3.0.tgz. Extracting by manifest.
4136 silly tarball no local data for @jridgewell/resolve-uri@https://registry.npmjs.org/@jridgewell/resolve-uri/-/resolve-uri-3.1.2.tgz. Extracting by manifest.
4137 silly tarball no local data for @jridgewell/sourcemap-codec@https://registry.npmjs.org/@jridgewell/sourcemap-codec/-/sourcemap-codec-1.5.5.tgz. Extracting by manifest.
4138 silly tarball no local data for dunder-proto@https://registry.npmjs.org/dunder-proto/-/dunder-proto-1.0.1.tgz. Extracting by manifest.
4139 silly tarball no local data for @babel/helper-string-parser@https://registry.npmjs.org/@babel/helper-string-parser/-/helper-string-parser-7.29.7.tgz. Extracting by manifest.
4140 silly tarball no local data for @babel/compat-data@https://registry.npmjs.org/@babel/compat-data/-/compat-data-7.29.7.tgz. Extracting by manifest.
4141 silly tarball no local data for @babel/helper-module-imports@https://registry.npmjs.org/@babel/helper-module-imports/-/helper-module-imports-7.29.7.tgz. Extracting by manifest.
4142 silly tarball no local data for lru-cache@https://registry.npmjs.org/lru-cache/-/lru-cache-5.1.1.tgz. Extracting by manifest.
4143 silly tarball no local data for @babel/helper-globals@https://registry.npmjs.org/@babel/helper-globals/-/helper-globals-7.29.7.tgz. Extracting by manifest.
4144 silly tarball no local data for @jridgewell/trace-mapping@https://registry.npmjs.org/@jridgewell/trace-mapping/-/trace-mapping-0.3.31.tgz. Extracting by manifest.
4145 silly tarball no local data for gensync@https://registry.npmjs.org/gensync/-/gensync-1.0.0-beta.2.tgz. Extracting by manifest.
4146 silly tarball no local data for jsesc@https://registry.npmjs.org/jsesc/-/jsesc-3.1.0.tgz. Extracting by manifest.
4147 silly tarball no local data for @babel/helper-validator-option@https://registry.npmjs.org/@babel/helper-validator-option/-/helper-validator-option-7.29.7.tgz. Extracting by manifest.
4148 silly tarball no local data for @jridgewell/gen-mapping@https://registry.npmjs.org/@jridgewell/gen-mapping/-/gen-mapping-0.3.13.tgz. Extracting by manifest.
4149 silly tarball no local data for @babel/types@https://registry.npmjs.org/@babel/types/-/types-7.29.7.tgz. Extracting by manifest.
4150 silly tarball no local data for json5@https://registry.npmjs.org/json5/-/json5-2.2.3.tgz. Extracting by manifest.
4151 silly tarball no local data for @jridgewell/remapping@https://registry.npmjs.org/@jridgewell/remapping/-/remapping-2.3.5.tgz. Extracting by manifest.
4152 silly tarball no local data for @babel/traverse@https://registry.npmjs.org/@babel/traverse/-/traverse-7.29.7.tgz. Extracting by manifest.
4153 silly tarball no local data for @babel/helper-module-transforms@https://registry.npmjs.org/@babel/helper-module-transforms/-/helper-module-transforms-7.29.7.tgz. Extracting by manifest.
4154 silly tarball no local data for @babel/template@https://registry.npmjs.org/@babel/template/-/template-7.29.7.tgz. Extracting by manifest.
4155 silly tarball no local data for @babel/helpers@https://registry.npmjs.org/@babel/helpers/-/helpers-7.29.7.tgz. Extracting by manifest.
4156 silly tarball no local data for zod-validation-error@https://registry.npmjs.org/zod-validation-error/-/zod-validation-error-4.0.2.tgz. Extracting by manifest.
4157 silly tarball no local data for @babel/helper-compilation-targets@https://registry.npmjs.org/@babel/helper-compilation-targets/-/helper-compilation-targets-7.29.7.tgz. Extracting by manifest.
4158 silly tarball no local data for @babel/generator@https://registry.npmjs.org/@babel/generator/-/generator-7.29.7.tgz. Extracting by manifest.
4159 silly tarball no local data for string.prototype.repeat@https://registry.npmjs.org/string.prototype.repeat/-/string.prototype.repeat-1.0.0.tgz. Extracting by manifest.
4160 silly tarball no local data for convert-source-map@https://registry.npmjs.org/convert-source-map/-/convert-source-map-2.0.0.tgz. Extracting by manifest.
4161 silly tarball no local data for @babel/parser@https://registry.npmjs.org/@babel/parser/-/parser-7.29.7.tgz. Extracting by manifest.
4162 silly tarball no local data for hermes-parser@https://registry.npmjs.org/hermes-parser/-/hermes-parser-0.25.1.tgz. Extracting by manifest.
4163 silly tarball no local data for estraverse@https://registry.npmjs.org/estraverse/-/estraverse-5.3.0.tgz. Extracting by manifest.
4164 silly tarball no local data for iterator.prototype@https://registry.npmjs.org/iterator.prototype/-/iterator.prototype-1.1.5.tgz. Extracting by manifest.
4165 silly tarball no local data for object.entries@https://registry.npmjs.org/object.entries/-/object.entries-1.1.9.tgz. Extracting by manifest.
4166 silly tarball no local data for string.prototype.matchall@https://registry.npmjs.org/string.prototype.matchall/-/string.prototype.matchall-4.0.12.tgz. Extracting by manifest.
4167 silly tarball no local data for es-iterator-helpers@https://registry.npmjs.org/es-iterator-helpers/-/es-iterator-helpers-1.4.0.tgz. Extracting by manifest.
4168 silly tarball no local data for array.prototype.tosorted@https://registry.npmjs.org/array.prototype.tosorted/-/array.prototype.tosorted-1.1.4.tgz. Extracting by manifest.
4169 silly tarball no local data for jsx-ast-utils@https://registry.npmjs.org/jsx-ast-utils/-/jsx-ast-utils-3.3.5.tgz. Extracting by manifest.
4170 silly tarball no local data for @babel/core@https://registry.npmjs.org/@babel/core/-/core-7.29.7.tgz. Extracting by manifest.
4171 silly tarball no local data for array.prototype.findlast@https://registry.npmjs.org/array.prototype.findlast/-/array.prototype.findlast-1.2.5.tgz. Extracting by manifest.
4172 silly tarball no local data for axe-core@https://registry.npmjs.org/axe-core/-/axe-core-4.12.1.tgz. Extracting by manifest.
4173 silly tarball no local data for string.prototype.includes@https://registry.npmjs.org/string.prototype.includes/-/string.prototype.includes-2.0.1.tgz. Extracting by manifest.
4174 silly tarball no local data for ast-types-flow@https://registry.npmjs.org/ast-types-flow/-/ast-types-flow-0.0.8.tgz. Extracting by manifest.
4175 silly tarball no local data for language-tags@https://registry.npmjs.org/language-tags/-/language-tags-1.0.9.tgz. Extracting by manifest.
4176 silly tarball no local data for prop-types@https://registry.npmjs.org/prop-types/-/prop-types-15.8.1.tgz. Extracting by manifest.
4177 silly tarball no local data for emoji-regex@https://registry.npmjs.org/emoji-regex/-/emoji-regex-9.2.2.tgz. Extracting by manifest.
4178 silly tarball no local data for damerau-levenshtein@https://registry.npmjs.org/damerau-levenshtein/-/damerau-levenshtein-1.0.8.tgz. Extracting by manifest.
4179 silly tarball no local data for is-symbol@https://registry.npmjs.org/is-symbol/-/is-symbol-1.1.1.tgz. Extracting by manifest.
4180 silly tarball no local data for axobject-query@https://registry.npmjs.org/axobject-query/-/axobject-query-4.1.0.tgz. Extracting by manifest.
4181 silly tarball no local data for is-date-object@https://registry.npmjs.org/is-date-object/-/is-date-object-1.1.0.tgz. Extracting by manifest.
4182 silly tarball no local data for which-typed-array@https://registry.npmjs.org/which-typed-array/-/which-typed-array-1.1.22.tgz. Extracting by manifest.
4183 silly tarball no local data for unbox-primitive@https://registry.npmjs.org/unbox-primitive/-/unbox-primitive-1.1.0.tgz. Extracting by manifest.
4184 silly tarball no local data for es-abstract-get@https://registry.npmjs.org/es-abstract-get/-/es-abstract-get-1.0.0.tgz. Extracting by manifest.
4185 silly tarball no local data for has-tostringtag@https://registry.npmjs.org/has-tostringtag/-/has-tostringtag-1.0.2.tgz. Extracting by manifest.
4186 silly tarball no local data for typed-array-length@https://registry.npmjs.org/typed-array-length/-/typed-array-length-1.0.8.tgz. Extracting by manifest.
4187 silly tarball no local data for typed-array-byte-offset@https://registry.npmjs.org/typed-array-byte-offset/-/typed-array-byte-offset-1.0.4.tgz. Extracting by manifest.
4188 silly tarball no local data for typed-array-byte-length@https://registry.npmjs.org/typed-array-byte-length/-/typed-array-byte-length-1.0.3.tgz. Extracting by manifest.
4189 silly tarball no local data for set-proto@https://registry.npmjs.org/set-proto/-/set-proto-1.0.0.tgz. Extracting by manifest.
4190 silly tarball no local data for string.prototype.trim@https://registry.npmjs.org/string.prototype.trim/-/string.prototype.trim-1.2.11.tgz. Extracting by manifest.
4191 silly tarball no local data for typed-array-buffer@https://registry.npmjs.org/typed-array-buffer/-/typed-array-buffer-1.0.3.tgz. Extracting by manifest.
4192 silly tarball no local data for string.prototype.trimstart@https://registry.npmjs.org/string.prototype.trimstart/-/string.prototype.trimstart-1.0.8.tgz. Extracting by manifest.
4193 silly tarball no local data for possible-typed-array-names@https://registry.npmjs.org/possible-typed-array-names/-/possible-typed-array-names-1.1.0.tgz. Extracting by manifest.
4194 silly tarball no local data for safe-regex-test@https://registry.npmjs.org/safe-regex-test/-/safe-regex-test-1.1.0.tgz. Extracting by manifest.
4195 silly tarball no local data for safe-push-apply@https://registry.npmjs.org/safe-push-apply/-/safe-push-apply-1.0.0.tgz. Extracting by manifest.
4196 silly tarball no local data for own-keys@https://registry.npmjs.org/own-keys/-/own-keys-1.0.1.tgz. Extracting by manifest.
4197 silly tarball no local data for stop-iteration-iterator@https://registry.npmjs.org/stop-iteration-iterator/-/stop-iteration-iterator-1.1.0.tgz. Extracting by manifest.
4198 silly tarball no local data for is-weakref@https://registry.npmjs.org/is-weakref/-/is-weakref-1.1.1.tgz. Extracting by manifest.
4199 silly tarball no local data for regexp.prototype.flags@https://registry.npmjs.org/regexp.prototype.flags/-/regexp.prototype.flags-1.5.4.tgz. Extracting by manifest.
4200 silly tarball no local data for object-inspect@https://registry.npmjs.org/object-inspect/-/object-inspect-1.13.4.tgz. Extracting by manifest.
4201 silly tarball no local data for safe-array-concat@https://registry.npmjs.org/safe-array-concat/-/safe-array-concat-1.1.4.tgz. Extracting by manifest.
4202 silly tarball no local data for object.assign@https://registry.npmjs.org/object.assign/-/object.assign-4.1.7.tgz. Extracting by manifest.
4203 silly tarball no local data for is-set@https://registry.npmjs.org/is-set/-/is-set-2.0.3.tgz. Extracting by manifest.
4204 silly tarball no local data for is-shared-array-buffer@https://registry.npmjs.org/is-shared-array-buffer/-/is-shared-array-buffer-1.0.4.tgz. Extracting by manifest.
4205 silly tarball no local data for is-regex@https://registry.npmjs.org/is-regex/-/is-regex-1.2.1.tgz. Extracting by manifest.
4206 silly tarball no local data for is-callable@https://registry.npmjs.org/is-callable/-/is-callable-1.2.7.tgz. Extracting by manifest.
4207 silly tarball no local data for is-data-view@https://registry.npmjs.org/is-data-view/-/is-data-view-1.0.2.tgz. Extracting by manifest.
4208 silly tarball no local data for is-array-buffer@https://registry.npmjs.org/is-array-buffer/-/is-array-buffer-3.0.5.tgz. Extracting by manifest.
4209 silly tarball no local data for has-proto@https://registry.npmjs.org/has-proto/-/has-proto-1.2.0.tgz. Extracting by manifest.
4210 silly tarball no local data for has-symbols@https://registry.npmjs.org/has-symbols/-/has-symbols-1.1.0.tgz. Extracting by manifest.
4211 silly tarball no local data for globalthis@https://registry.npmjs.org/globalthis/-/globalthis-1.0.4.tgz. Extracting by manifest.
4212 silly tarball no local data for internal-slot@https://registry.npmjs.org/internal-slot/-/internal-slot-1.1.0.tgz. Extracting by manifest.
4213 silly tarball no local data for is-negative-zero@https://registry.npmjs.org/is-negative-zero/-/is-negative-zero-2.0.3.tgz. Extracting by manifest.
4214 silly tarball no local data for is-typed-array@https://registry.npmjs.org/is-typed-array/-/is-typed-array-1.1.15.tgz. Extracting by manifest.
4215 silly tarball no local data for data-view-byte-offset@https://registry.npmjs.org/data-view-byte-offset/-/data-view-byte-offset-1.0.1.tgz. Extracting by manifest.
4216 silly tarball no local data for es-to-primitive@https://registry.npmjs.org/es-to-primitive/-/es-to-primitive-1.3.4.tgz. Extracting by manifest.
4217 silly tarball no local data for get-symbol-description@https://registry.npmjs.org/get-symbol-description/-/get-symbol-description-1.1.0.tgz. Extracting by manifest.
4218 silly tarball no local data for es-set-tostringtag@https://registry.npmjs.org/es-set-tostringtag/-/es-set-tostringtag-2.1.0.tgz. Extracting by manifest.
4219 silly tarball no local data for data-view-buffer@https://registry.npmjs.org/data-view-buffer/-/data-view-buffer-1.0.2.tgz. Extracting by manifest.
4220 silly tarball no local data for function.prototype.name@https://registry.npmjs.org/function.prototype.name/-/function.prototype.name-1.2.0.tgz. Extracting by manifest.
4221 silly tarball no local data for data-view-byte-length@https://registry.npmjs.org/data-view-byte-length/-/data-view-byte-length-1.0.2.tgz. Extracting by manifest.
4222 silly tarball no local data for get-proto@https://registry.npmjs.org/get-proto/-/get-proto-1.0.1.tgz. Extracting by manifest.
4223 silly tarball no local data for array-buffer-byte-length@https://registry.npmjs.org/array-buffer-byte-length/-/array-buffer-byte-length-1.0.2.tgz. Extracting by manifest.
4224 silly tarball no local data for available-typed-arrays@https://registry.npmjs.org/available-typed-arrays/-/available-typed-arrays-1.0.7.tgz. Extracting by manifest.
4225 silly tarball no local data for arraybuffer.prototype.slice@https://registry.npmjs.org/arraybuffer.prototype.slice/-/arraybuffer.prototype.slice-1.0.4.tgz. Extracting by manifest.
4226 silly tarball no local data for gopd@https://registry.npmjs.org/gopd/-/gopd-1.2.0.tgz. Extracting by manifest.
4227 silly tarball no local data for object-keys@https://registry.npmjs.org/object-keys/-/object-keys-1.1.1.tgz. Extracting by manifest.
4228 silly tarball no local data for define-data-property@https://registry.npmjs.org/define-data-property/-/define-data-property-1.1.4.tgz. Extracting by manifest.
4229 silly tarball no local data for set-function-length@https://registry.npmjs.org/set-function-length/-/set-function-length-1.2.2.tgz. Extracting by manifest.
4230 silly tarball no local data for has-property-descriptors@https://registry.npmjs.org/has-property-descriptors/-/has-property-descriptors-1.0.2.tgz. Extracting by manifest.
4231 silly tarball no local data for function-bind@https://registry.npmjs.org/function-bind/-/function-bind-1.1.2.tgz. Extracting by manifest.
4232 silly tarball no local data for es-errors@https://registry.npmjs.org/es-errors/-/es-errors-1.3.0.tgz. Extracting by manifest.
4233 silly tarball no local data for es-define-property@https://registry.npmjs.org/es-define-property/-/es-define-property-1.0.1.tgz. Extracting by manifest.
4234 silly tarball no local data for call-bind-apply-helpers@https://registry.npmjs.org/call-bind-apply-helpers/-/call-bind-apply-helpers-1.0.2.tgz. Extracting by manifest.
4235 silly tarball no local data for get-intrinsic@https://registry.npmjs.org/get-intrinsic/-/get-intrinsic-1.3.0.tgz. Extracting by manifest.
4236 silly tarball no local data for es-shim-unscopables@https://registry.npmjs.org/es-shim-unscopables/-/es-shim-unscopables-1.1.0.tgz. Extracting by manifest.
4237 silly tarball no local data for define-properties@https://registry.npmjs.org/define-properties/-/define-properties-1.2.1.tgz. Extracting by manifest.
4238 silly tarball no local data for is-string@https://registry.npmjs.org/is-string/-/is-string-1.1.1.tgz. Extracting by manifest.
4239 silly tarball no local data for es-object-atoms@https://registry.npmjs.org/es-object-atoms/-/es-object-atoms-1.1.2.tgz. Extracting by manifest.
4240 silly tarball no local data for es-abstract@https://registry.npmjs.org/es-abstract/-/es-abstract-1.24.2.tgz. Extracting by manifest.
4241 silly tarball no local data for call-bound@https://registry.npmjs.org/call-bound/-/call-bound-1.0.4.tgz. Extracting by manifest.
4242 silly tarball no local data for math-intrinsics@https://registry.npmjs.org/math-intrinsics/-/math-intrinsics-1.1.0.tgz. Extracting by manifest.
4243 silly tarball no local data for string.prototype.trimend@https://registry.npmjs.org/string.prototype.trimend/-/string.prototype.trimend-1.0.10.tgz. Extracting by manifest.
4244 silly tarball no local data for tsconfig-paths@https://registry.npmjs.org/tsconfig-paths/-/tsconfig-paths-3.15.0.tgz. Extracting by manifest.
4245 silly tarball no local data for call-bind@https://registry.npmjs.org/call-bind/-/call-bind-1.0.9.tgz. Extracting by manifest.
4246 silly tarball no local data for object.values@https://registry.npmjs.org/object.values/-/object.values-1.2.1.tgz. Extracting by manifest.
4247 silly tarball no local data for object.fromentries@https://registry.npmjs.org/object.fromentries/-/object.fromentries-2.0.8.tgz. Extracting by manifest.
4248 silly tarball no local data for object.groupby@https://registry.npmjs.org/object.groupby/-/object.groupby-1.0.3.tgz. Extracting by manifest.
4249 silly tarball no local data for eslint-module-utils@https://registry.npmjs.org/eslint-module-utils/-/eslint-module-utils-2.14.0.tgz. Extracting by manifest.
4250 silly tarball no local data for hasown@https://registry.npmjs.org/hasown/-/hasown-2.0.4.tgz. Extracting by manifest.
4251 silly tarball no local data for doctrine@https://registry.npmjs.org/doctrine/-/doctrine-2.1.0.tgz. Extracting by manifest.
4252 silly tarball no local data for semver@https://registry.npmjs.org/semver/-/semver-6.3.1.tgz. Extracting by manifest.
4253 silly tarball no local data for tinyglobby@https://registry.npmjs.org/tinyglobby/-/tinyglobby-0.2.17.tgz. Extracting by manifest.
4254 silly tarball no local data for array.prototype.findlastindex@https://registry.npmjs.org/array.prototype.findlastindex/-/array.prototype.findlastindex-1.2.6.tgz. Extracting by manifest.
4255 silly tarball no local data for @rtsao/scc@https://registry.npmjs.org/@rtsao/scc/-/scc-1.1.0.tgz. Extracting by manifest.
4256 silly tarball no local data for array.prototype.flatmap@https://registry.npmjs.org/array.prototype.flatmap/-/array.prototype.flatmap-1.3.3.tgz. Extracting by manifest.
4257 silly tarball no local data for stable-hash@https://registry.npmjs.org/stable-hash/-/stable-hash-0.0.5.tgz. Extracting by manifest.
4258 silly tarball no local data for unrs-resolver@https://registry.npmjs.org/unrs-resolver/-/unrs-resolver-1.12.2.tgz. Extracting by manifest.
4259 silly tarball no local data for array-includes@https://registry.npmjs.org/array-includes/-/array-includes-3.1.9.tgz. Extracting by manifest.
4260 silly tarball no local data for @nolyfill/is-core-module@https://registry.npmjs.org/@nolyfill/is-core-module/-/is-core-module-1.0.39.tgz. Extracting by manifest.
4261 silly tarball no local data for get-tsconfig@https://registry.npmjs.org/get-tsconfig/-/get-tsconfig-4.14.0.tgz. Extracting by manifest.
4262 silly tarball no local data for is-bun-module@https://registry.npmjs.org/is-bun-module/-/is-bun-module-2.0.0.tgz. Extracting by manifest.
4263 silly tarball no local data for is-core-module@https://registry.npmjs.org/is-core-module/-/is-core-module-2.16.2.tgz. Extracting by manifest.
4264 silly tarball no local data for eslint-plugin-react-hooks@https://registry.npmjs.org/eslint-plugin-react-hooks/-/eslint-plugin-react-hooks-7.1.1.tgz. Extracting by manifest.
4265 silly tarball no local data for resolve@https://registry.npmjs.org/resolve/-/resolve-2.0.0-next.7.tgz. Extracting by manifest.
4266 silly tarball no local data for typescript-eslint@https://registry.npmjs.org/typescript-eslint/-/typescript-eslint-8.64.0.tgz. Extracting by manifest.
4267 silly tarball no local data for fast-glob@https://registry.npmjs.org/fast-glob/-/fast-glob-3.3.1.tgz. Extracting by manifest.
4268 silly tarball no local data for array.prototype.flat@https://registry.npmjs.org/array.prototype.flat/-/array.prototype.flat-1.3.3.tgz. Extracting by manifest.
4269 silly tarball no local data for @next/eslint-plugin-next@https://registry.npmjs.org/@next/eslint-plugin-next/-/eslint-plugin-next-16.2.10.tgz. Extracting by manifest.
4270 silly tarball no local data for eslint-plugin-import@https://registry.npmjs.org/eslint-plugin-import/-/eslint-plugin-import-2.32.0.tgz. Extracting by manifest.
4271 silly tarball no local data for eslint-import-resolver-node@https://registry.npmjs.org/eslint-import-resolver-node/-/eslint-import-resolver-node-0.3.10.tgz. Extracting by manifest.
4272 silly tarball no local data for eslint-plugin-jsx-a11y@https://registry.npmjs.org/eslint-plugin-jsx-a11y/-/eslint-plugin-jsx-a11y-6.10.2.tgz. Extracting by manifest.
4273 silly tarball no local data for path-key@https://registry.npmjs.org/path-key/-/path-key-3.1.1.tgz. Extracting by manifest.
4274 silly tarball no local data for shebang-command@https://registry.npmjs.org/shebang-command/-/shebang-command-2.0.0.tgz. Extracting by manifest.
4275 silly tarball no local data for eslint-import-resolver-typescript@https://registry.npmjs.org/eslint-import-resolver-typescript/-/eslint-import-resolver-typescript-3.10.1.tgz. Extracting by manifest.
4276 silly tarball no local data for which@https://registry.npmjs.org/which/-/which-2.0.2.tgz. Extracting by manifest.
4277 silly tarball no local data for eslint-plugin-react@https://registry.npmjs.org/eslint-plugin-react/-/eslint-plugin-react-7.37.5.tgz. Extracting by manifest.
4278 silly tarball no local data for supports-color@https://registry.npmjs.org/supports-color/-/supports-color-7.2.0.tgz. Extracting by manifest.
4279 silly tarball no local data for ansi-styles@https://registry.npmjs.org/ansi-styles/-/ansi-styles-4.3.0.tgz. Extracting by manifest.
4280 silly tarball no local data for @humanfs/core@https://registry.npmjs.org/@humanfs/core/-/core-0.19.2.tgz. Extracting by manifest.
4281 silly tarball no local data for ms@https://registry.npmjs.org/ms/-/ms-2.1.3.tgz. Extracting by manifest.
4282 silly tarball no local data for uri-js@https://registry.npmjs.org/uri-js/-/uri-js-4.4.1.tgz. Extracting by manifest.
4283 silly tarball no local data for color-name@https://registry.npmjs.org/color-name/-/color-name-1.1.4.tgz. Extracting by manifest.
4284 silly tarball no local data for fast-json-stable-stringify@https://registry.npmjs.org/fast-json-stable-stringify/-/fast-json-stable-stringify-2.1.0.tgz. Extracting by manifest.
4285 silly tarball no local data for json-schema-traverse@https://registry.npmjs.org/json-schema-traverse/-/json-schema-traverse-0.4.1.tgz. Extracting by manifest.
4286 silly tarball no local data for js-yaml@https://registry.npmjs.org/js-yaml/-/js-yaml-4.3.0.tgz. Extracting by manifest.
4287 silly tarball no local data for @humanfs/types@https://registry.npmjs.org/@humanfs/types/-/types-0.15.0.tgz. Extracting by manifest.
4288 silly tarball no local data for strip-json-comments@https://registry.npmjs.org/strip-json-comments/-/strip-json-comments-3.1.1.tgz. Extracting by manifest.
4289 silly tarball no local data for color-convert@https://registry.npmjs.org/color-convert/-/color-convert-2.0.1.tgz. Extracting by manifest.
4290 silly tarball no local data for levn@https://registry.npmjs.org/levn/-/levn-0.4.1.tgz. Extracting by manifest.
4291 silly tarball no local data for @types/json-schema@https://registry.npmjs.org/@types/json-schema/-/json-schema-7.0.15.tgz. Extracting by manifest.
4292 silly tarball no local data for globals@https://registry.npmjs.org/globals/-/globals-14.0.0.tgz. Extracting by manifest.
4293 silly tarball no local data for import-fresh@https://registry.npmjs.org/import-fresh/-/import-fresh-3.3.1.tgz. Extracting by manifest.
4294 silly tarball no local data for optionator@https://registry.npmjs.org/optionator/-/optionator-0.9.4.tgz. Extracting by manifest.
4295 silly tarball no local data for @eslint/object-schema@https://registry.npmjs.org/@eslint/object-schema/-/object-schema-2.1.7.tgz. Extracting by manifest.
4296 silly tarball no local data for minimatch@https://registry.npmjs.org/minimatch/-/minimatch-3.1.5.tgz. Extracting by manifest.
4297 silly tarball no local data for natural-compare@https://registry.npmjs.org/natural-compare/-/natural-compare-1.4.0.tgz. Extracting by manifest.
4298 silly tarball no local data for json-stable-stringify-without-jsonify@https://registry.npmjs.org/json-stable-stringify-without-jsonify/-/json-stable-stringify-without-jsonify-1.0.1.tgz. Extracting by manifest.
4299 silly tarball no local data for lodash.merge@https://registry.npmjs.org/lodash.merge/-/lodash.merge-4.6.2.tgz. Extracting by manifest.
4300 silly tarball no local data for imurmurhash@https://registry.npmjs.org/imurmurhash/-/imurmurhash-0.1.4.tgz. Extracting by manifest.
4301 silly tarball no local data for ignore@https://registry.npmjs.org/ignore/-/ignore-5.3.2.tgz. Extracting by manifest.
4302 silly tarball no local data for find-up@https://registry.npmjs.org/find-up/-/find-up-5.0.0.tgz. Extracting by manifest.
4303 silly tarball no local data for is-glob@https://registry.npmjs.org/is-glob/-/is-glob-4.0.3.tgz. Extracting by manifest.
4304 silly tarball no local data for esutils@https://registry.npmjs.org/esutils/-/esutils-2.0.3.tgz. Extracting by manifest.
4305 silly tarball no local data for glob-parent@https://registry.npmjs.org/glob-parent/-/glob-parent-6.0.2.tgz. Extracting by manifest.
4306 silly tarball no local data for fast-deep-equal@https://registry.npmjs.org/fast-deep-equal/-/fast-deep-equal-3.1.3.tgz. Extracting by manifest.
4307 silly tarball no local data for esquery@https://registry.npmjs.org/esquery/-/esquery-1.7.0.tgz. Extracting by manifest.
4308 silly tarball no local data for eslint-visitor-keys@https://registry.npmjs.org/eslint-visitor-keys/-/eslint-visitor-keys-4.2.1.tgz. Extracting by manifest.
4309 silly tarball no local data for file-entry-cache@https://registry.npmjs.org/file-entry-cache/-/file-entry-cache-8.0.0.tgz. Extracting by manifest.
4310 silly tarball no local data for debug@https://registry.npmjs.org/debug/-/debug-4.4.3.tgz. Extracting by manifest.
4311 silly tarball no local data for eslint-scope@https://registry.npmjs.org/eslint-scope/-/eslint-scope-8.4.0.tgz. Extracting by manifest.
4312 silly tarball no local data for cross-spawn@https://registry.npmjs.org/cross-spawn/-/cross-spawn-7.0.6.tgz. Extracting by manifest.
4313 silly tarball no local data for espree@https://registry.npmjs.org/espree/-/espree-10.4.0.tgz. Extracting by manifest.
4314 silly tarball no local data for ajv@https://registry.npmjs.org/ajv/-/ajv-6.15.0.tgz. Extracting by manifest.
4315 silly tarball no local data for chalk@https://registry.npmjs.org/chalk/-/chalk-4.1.2.tgz. Extracting by manifest.
4316 silly tarball no local data for escape-string-regexp@https://registry.npmjs.org/escape-string-regexp/-/escape-string-regexp-4.0.0.tgz. Extracting by manifest.
4317 silly tarball no local data for @humanwhocodes/retry@https://registry.npmjs.org/@humanwhocodes/retry/-/retry-0.4.3.tgz. Extracting by manifest.
4318 silly tarball no local data for @humanfs/node@https://registry.npmjs.org/@humanfs/node/-/node-0.16.8.tgz. Extracting by manifest.
4319 silly tarball no local data for @types/estree@https://registry.npmjs.org/@types/estree/-/estree-1.0.9.tgz. Extracting by manifest.
4320 silly tarball no local data for @eslint/plugin-kit@https://registry.npmjs.org/@eslint/plugin-kit/-/plugin-kit-0.4.1.tgz. Extracting by manifest.
4321 silly tarball no local data for @humanwhocodes/module-importer@https://registry.npmjs.org/@humanwhocodes/module-importer/-/module-importer-1.0.1.tgz. Extracting by manifest.
4322 silly tarball no local data for @eslint/eslintrc@https://registry.npmjs.org/@eslint/eslintrc/-/eslintrc-3.3.6.tgz. Extracting by manifest.
4323 silly tarball no local data for @eslint/config-helpers@https://registry.npmjs.org/@eslint/config-helpers/-/config-helpers-0.4.2.tgz. Extracting by manifest.
4324 silly tarball no local data for @eslint/js@https://registry.npmjs.org/@eslint/js/-/js-9.39.5.tgz. Extracting by manifest.
4325 silly tarball no local data for @eslint/config-array@https://registry.npmjs.org/@eslint/config-array/-/config-array-0.21.2.tgz. Extracting by manifest.
4326 silly tarball no local data for @eslint-community/eslint-utils@https://registry.npmjs.org/@eslint-community/eslint-utils/-/eslint-utils-4.9.1.tgz. Extracting by manifest.
4327 silly tarball no local data for @eslint/core@https://registry.npmjs.org/@eslint/core/-/core-0.17.0.tgz. Extracting by manifest.
4328 silly tarball no local data for baseline-browser-mapping@https://registry.npmjs.org/baseline-browser-mapping/-/baseline-browser-mapping-2.10.43.tgz. Extracting by manifest.
4329 silly tarball no local data for update-browserslist-db@https://registry.npmjs.org/update-browserslist-db/-/update-browserslist-db-1.2.3.tgz. Extracting by manifest.
4330 silly tarball no local data for electron-to-chromium@https://registry.npmjs.org/electron-to-chromium/-/electron-to-chromium-1.5.392.tgz. Extracting by manifest.
4331 silly tarball no local data for @eslint-community/regexpp@https://registry.npmjs.org/@eslint-community/regexpp/-/regexpp-4.12.2.tgz. Extracting by manifest.
4332 silly tarball no local data for fraction.js@https://registry.npmjs.org/fraction.js/-/fraction.js-5.3.4.tgz. Extracting by manifest.
4333 silly tarball no local data for dequal@https://registry.npmjs.org/dequal/-/dequal-2.0.3.tgz. Extracting by manifest.
4334 silly tarball no local data for node-releases@https://registry.npmjs.org/node-releases/-/node-releases-2.0.51.tgz. Extracting by manifest.
4335 silly tarball no local data for undici-types@https://registry.npmjs.org/undici-types/-/undici-types-6.21.0.tgz. Extracting by manifest.
4336 silly tarball no local data for csstype@https://registry.npmjs.org/csstype/-/csstype-3.2.3.tgz. Extracting by manifest.
4337 silly tarball no local data for postcss-value-parser@https://registry.npmjs.org/postcss-value-parser/-/postcss-value-parser-4.2.0.tgz. Extracting by manifest.
4338 silly tarball no local data for browserslist@https://registry.npmjs.org/browserslist/-/browserslist-4.28.6.tgz. Extracting by manifest.
4339 silly tarball no local data for caniuse-lite@https://registry.npmjs.org/caniuse-lite/-/caniuse-lite-1.0.30001806.tgz. Extracting by manifest.
4340 silly tarball no local data for lz-string@https://registry.npmjs.org/lz-string/-/lz-string-1.5.0.tgz. Extracting by manifest.
4341 silly tarball no local data for js-tokens@https://registry.npmjs.org/js-tokens/-/js-tokens-4.0.0.tgz. Extracting by manifest.
4342 silly tarball no local data for @babel/helper-validator-identifier@https://registry.npmjs.org/@babel/helper-validator-identifier/-/helper-validator-identifier-7.29.7.tgz. Extracting by manifest.
4343 silly tarball no local data for aria-query@https://registry.npmjs.org/aria-query/-/aria-query-5.3.0.tgz. Extracting by manifest.
4344 silly tarball no local data for pretty-format@https://registry.npmjs.org/pretty-format/-/pretty-format-27.5.1.tgz. Extracting by manifest.
4345 silly tarball no local data for dom-accessibility-api@https://registry.npmjs.org/dom-accessibility-api/-/dom-accessibility-api-0.5.16.tgz. Extracting by manifest.
4346 silly tarball no local data for @types/aria-query@https://registry.npmjs.org/@types/aria-query/-/aria-query-5.0.4.tgz. Extracting by manifest.
4347 silly tarball no local data for @supabase/phoenix@https://registry.npmjs.org/@supabase/phoenix/-/phoenix-0.4.5.tgz. Extracting by manifest.
4348 silly tarball no local data for iceberg-js@https://registry.npmjs.org/iceberg-js/-/iceberg-js-0.8.1.tgz. Extracting by manifest.
4349 silly tarball no local data for picocolors@https://registry.npmjs.org/picocolors/-/picocolors-1.1.1.tgz. Extracting by manifest.
4350 silly tarball no local data for @babel/code-frame@https://registry.npmjs.org/@babel/code-frame/-/code-frame-7.29.7.tgz. Extracting by manifest.
4351 silly tarball no local data for tslib@https://registry.npmjs.org/tslib/-/tslib-2.8.1.tgz. Extracting by manifest.
4352 silly tarball no local data for @supabase/storage-js@https://registry.npmjs.org/@supabase/storage-js/-/storage-js-2.110.7.tgz. Extracting by manifest.
4353 silly tarball no local data for @babel/runtime@https://registry.npmjs.org/@babel/runtime/-/runtime-7.29.7.tgz. Extracting by manifest.
4354 silly tarball no local data for @supabase/functions-js@https://registry.npmjs.org/@supabase/functions-js/-/functions-js-2.110.7.tgz. Extracting by manifest.
4355 silly tarball no local data for @supabase/postgrest-js@https://registry.npmjs.org/@supabase/postgrest-js/-/postgrest-js-2.110.7.tgz. Extracting by manifest.
4356 silly tarball no local data for @supabase/auth-js@https://registry.npmjs.org/@supabase/auth-js/-/auth-js-2.110.7.tgz. Extracting by manifest.
4357 silly tarball no local data for zod@https://registry.npmjs.org/zod/-/zod-3.25.76.tgz. Extracting by manifest.
4358 silly tarball no local data for cookie@https://registry.npmjs.org/cookie/-/cookie-1.1.1.tgz. Extracting by manifest.
4359 silly tarball no local data for tailwindcss@https://registry.npmjs.org/tailwindcss/-/tailwindcss-3.4.19.tgz. Extracting by manifest.
4360 silly tarball no local data for @supabase/realtime-js@https://registry.npmjs.org/@supabase/realtime-js/-/realtime-js-2.110.7.tgz. Extracting by manifest.
4361 silly tarball no local data for lucide-react@https://registry.npmjs.org/lucide-react/-/lucide-react-0.468.0.tgz. Extracting by manifest.
4362 silly tarball no local data for vitest@https://registry.npmjs.org/vitest/-/vitest-2.1.9.tgz. Extracting by manifest.
4363 silly tarball no local data for next@https://registry.npmjs.org/next/-/next-16.2.10.tgz. Extracting by manifest.
4364 silly tarball no local data for eslint-config-next@https://registry.npmjs.org/eslint-config-next/-/eslint-config-next-16.2.10.tgz. Extracting by manifest.
4365 silly tarball no local data for jsdom@https://registry.npmjs.org/jsdom/-/jsdom-25.0.1.tgz. Extracting by manifest.
4366 silly tarball no local data for @types/react@https://registry.npmjs.org/@types/react/-/react-19.2.17.tgz. Extracting by manifest.
4367 silly tarball no local data for typescript@https://registry.npmjs.org/typescript/-/typescript-5.9.3.tgz. Extracting by manifest.
4368 silly tarball no local data for autoprefixer@https://registry.npmjs.org/autoprefixer/-/autoprefixer-10.5.4.tgz. Extracting by manifest.
4369 silly tarball no local data for postcss@https://registry.npmjs.org/postcss/-/postcss-8.5.19.tgz. Extracting by manifest.
4370 silly tarball no local data for @types/node@https://registry.npmjs.org/@types/node/-/node-22.20.1.tgz. Extracting by manifest.
4371 silly tarball no local data for react-dom@https://registry.npmjs.org/react-dom/-/react-dom-19.2.7.tgz. Extracting by manifest.
4372 silly tarball no local data for @testing-library/react@https://registry.npmjs.org/@testing-library/react/-/react-16.3.2.tgz. Extracting by manifest.
4373 silly tarball no local data for @types/react-dom@https://registry.npmjs.org/@types/react-dom/-/react-dom-19.2.3.tgz. Extracting by manifest.
4374 silly tarball no local data for react@https://registry.npmjs.org/react/-/react-19.2.7.tgz. Extracting by manifest.
4375 silly tarball no local data for @supabase/ssr@https://registry.npmjs.org/@supabase/ssr/-/ssr-0.6.1.tgz. Extracting by manifest.
4376 silly tarball no local data for @testing-library/dom@https://registry.npmjs.org/@testing-library/dom/-/dom-10.4.1.tgz. Extracting by manifest.
4377 silly tarball no local data for @supabase/supabase-js@https://registry.npmjs.org/@supabase/supabase-js/-/supabase-js-2.110.7.tgz. Extracting by manifest.
4378 silly tarball no local data for brace-expansion@https://registry.npmjs.org/brace-expansion/-/brace-expansion-5.0.7.tgz. Extracting by manifest.
4379 silly tarball no local data for balanced-match@https://registry.npmjs.org/balanced-match/-/balanced-match-4.0.4.tgz. Extracting by manifest.
4380 silly tarball no local data for eslint@https://registry.npmjs.org/eslint/-/eslint-9.39.5.tgz. Extracting by manifest.
4381 silly tarball no local data for minimatch@https://registry.npmjs.org/minimatch/-/minimatch-10.2.5.tgz. Extracting by manifest.
4382 silly tarball no local data for semver@https://registry.npmjs.org/semver/-/semver-7.8.5.tgz. Extracting by manifest.
4383 silly tarball no local data for rrweb-cssom@https://registry.npmjs.org/rrweb-cssom/-/rrweb-cssom-0.8.0.tgz. Extracting by manifest.
4384 silly tarball no local data for ignore@https://registry.npmjs.org/ignore/-/ignore-7.0.6.tgz. Extracting by manifest.
4385 silly tarball no local data for react-is@https://registry.npmjs.org/react-is/-/react-is-16.13.1.tgz. Extracting by manifest.
4386 silly tarball no local data for eslint-visitor-keys@https://registry.npmjs.org/eslint-visitor-keys/-/eslint-visitor-keys-5.0.1.tgz. Extracting by manifest.
4387 silly tarball no local data for json5@https://registry.npmjs.org/json5/-/json5-1.0.2.tgz. Extracting by manifest.
4388 silly tarball no local data for semver@https://registry.npmjs.org/semver/-/semver-7.8.5.tgz. Extracting by manifest.
4389 silly tarball no local data for lru-cache@https://registry.npmjs.org/lru-cache/-/lru-cache-10.4.3.tgz. Extracting by manifest.
4390 silly tarball no local data for resolve@https://registry.npmjs.org/resolve/-/resolve-1.22.12.tgz. Extracting by manifest.
4391 silly tarball no local data for glob-parent@https://registry.npmjs.org/glob-parent/-/glob-parent-5.1.2.tgz. Extracting by manifest.
4392 silly tarball no local data for semver@https://registry.npmjs.org/semver/-/semver-7.8.5.tgz. Extracting by manifest.
4393 silly tarball no local data for picomatch@https://registry.npmjs.org/picomatch/-/picomatch-4.0.5.tgz. Extracting by manifest.
4394 silly tarball no local data for debug@https://registry.npmjs.org/debug/-/debug-3.2.7.tgz. Extracting by manifest.
4395 silly tarball no local data for glob-parent@https://registry.npmjs.org/glob-parent/-/glob-parent-5.1.2.tgz. Extracting by manifest.
4396 silly tarball no local data for debug@https://registry.npmjs.org/debug/-/debug-3.2.7.tgz. Extracting by manifest.
4397 silly tarball no local data for fdir@https://registry.npmjs.org/fdir/-/fdir-6.5.0.tgz. Extracting by manifest.
4398 silly tarball no local data for aria-query@https://registry.npmjs.org/aria-query/-/aria-query-5.3.2.tgz. Extracting by manifest.
4399 silly tarball no local data for ansi-styles@https://registry.npmjs.org/ansi-styles/-/ansi-styles-5.2.0.tgz. Extracting by manifest.
4400 silly tarball no local data for fast-glob@https://registry.npmjs.org/fast-glob/-/fast-glob-3.3.3.tgz. Extracting by manifest.
4401 silly tarball no local data for debug@https://registry.npmjs.org/debug/-/debug-3.2.7.tgz. Extracting by manifest.
4402 silly tarball no local data for globals@https://registry.npmjs.org/globals/-/globals-16.4.0.tgz. Extracting by manifest.
4403 silly tarball no local data for resolve@https://registry.npmjs.org/resolve/-/resolve-1.22.12.tgz. Extracting by manifest.
4404 silly tarball no local data for postcss@https://registry.npmjs.org/postcss/-/postcss-8.4.31.tgz. Extracting by manifest.
4405 silly tarball no local data for glob-parent@https://registry.npmjs.org/glob-parent/-/glob-parent-5.1.2.tgz. Extracting by manifest.
4406 silly tarball no local data for eslint-visitor-keys@https://registry.npmjs.org/eslint-visitor-keys/-/eslint-visitor-keys-3.4.3.tgz. Extracting by manifest.
4407 http fetch GET 200 https://registry.npmjs.org/stackback/-/stackback-0.0.2.tgz 4094ms (cache miss)
4408 http fetch GET 200 https://registry.npmjs.org/siginfo/-/siginfo-2.0.0.tgz 4101ms (cache miss)
4409 http fetch GET 200 https://registry.npmjs.org/is-finalizationregistry/-/is-finalizationregistry-1.1.1.tgz 4091ms (cache miss)
4410 http fetch GET 200 https://registry.npmjs.org/generator-function/-/generator-function-2.0.1.tgz 4132ms (cache miss)
4411 http fetch GET 200 https://registry.npmjs.org/is-weakmap/-/is-weakmap-2.0.2.tgz 4135ms (cache miss)
4412 http fetch GET 200 https://registry.npmjs.org/is-number-object/-/is-number-object-1.1.1.tgz 4148ms (cache miss)
4413 http fetch GET 200 https://registry.npmjs.org/is-boolean-object/-/is-boolean-object-1.2.2.tgz 4148ms (cache miss)
4414 http fetch GET 200 https://registry.npmjs.org/is-map/-/is-map-2.0.3.tgz 4161ms (cache miss)
4415 http fetch GET 200 https://registry.npmjs.org/which-collection/-/which-collection-1.0.2.tgz 4497ms (cache miss)
4416 http fetch GET 200 https://registry.npmjs.org/is-bigint/-/is-bigint-1.1.0.tgz 4917ms (cache miss)
4417 http fetch GET 200 https://registry.npmjs.org/isexe/-/isexe-2.0.0.tgz 6389ms (cache miss)
4418 http fetch GET 200 https://registry.npmjs.org/loupe/-/loupe-3.2.1.tgz 6512ms (cache miss)
4419 http fetch GET 200 https://registry.npmjs.org/pathval/-/pathval-2.0.1.tgz 6537ms (cache miss)
4420 http fetch GET 200 https://registry.npmjs.org/estree-walker/-/estree-walker-3.0.3.tgz 7760ms (cache miss)
4421 http fetch GET 200 https://registry.npmjs.org/deep-eql/-/deep-eql-5.0.2.tgz 7767ms (cache miss)
4422 http fetch GET 200 https://registry.npmjs.org/tinyrainbow/-/tinyrainbow-1.2.0.tgz 7765ms (cache miss)
4423 http fetch GET 200 https://registry.npmjs.org/tinybench/-/tinybench-2.9.0.tgz 7874ms (cache miss)
4424 http fetch GET 200 https://registry.npmjs.org/tinypool/-/tinypool-1.1.1.tgz 7879ms (cache miss)
4425 http fetch GET 200 https://registry.npmjs.org/assertion-error/-/assertion-error-2.0.1.tgz 8695ms (cache miss)
4426 http fetch GET 200 https://registry.npmjs.org/pathe/-/pathe-1.1.2.tgz 8763ms (cache miss)
4427 http fetch GET 200 https://registry.npmjs.org/has-bigints/-/has-bigints-1.1.0.tgz 10038ms (cache miss)
4428 http fetch GET 200 https://registry.npmjs.org/which-boxed-primitive/-/which-boxed-primitive-1.1.1.tgz 10045ms (cache miss)
4429 http fetch GET 200 https://registry.npmjs.org/check-error/-/check-error-2.1.3.tgz 10176ms (cache miss)
4430 http fetch GET 200 https://registry.npmjs.org/tinyspy/-/tinyspy-3.0.2.tgz 10238ms (cache miss)
4431 http fetch GET 200 https://registry.npmjs.org/why-is-node-running/-/why-is-node-running-2.3.0.tgz 10245ms (cache miss)
4432 http fetch GET 200 https://registry.npmjs.org/tinyexec/-/tinyexec-0.3.2.tgz 10443ms (cache miss)
4433 http fetch GET 200 https://registry.npmjs.org/@typescript-eslint/visitor-keys/-/visitor-keys-8.64.0.tgz 11521ms (cache miss)
4434 http fetch GET 200 https://registry.npmjs.org/strip-bom/-/strip-bom-3.0.0.tgz 13436ms (cache miss)
4435 http fetch GET 200 https://registry.npmjs.org/reflect.getprototypeof/-/reflect.getprototypeof-1.0.10.tgz 13475ms (cache miss)
4436 http fetch GET 200 https://registry.npmjs.org/@types/json5/-/json5-0.0.29.tgz 14218ms (cache miss)
4437 http fetch GET 200 https://registry.npmjs.org/is-number/-/is-number-7.0.0.tgz 14343ms (cache miss)
4438 http fetch GET 200 https://registry.npmjs.org/any-promise/-/any-promise-1.3.0.tgz 14361ms (cache miss)
4439 http fetch GET 200 https://registry.npmjs.org/thenify/-/thenify-3.3.1.tgz 14408ms (cache miss)
4440 http fetch GET 200 https://registry.npmjs.org/cssesc/-/cssesc-3.0.0.tgz 15261ms (cache miss)
4441 http fetch GET 200 https://registry.npmjs.org/lines-and-columns/-/lines-and-columns-1.2.4.tgz 15396ms (cache miss)
4442 http fetch GET 200 https://registry.npmjs.org/read-cache/-/read-cache-1.0.0.tgz 15400ms (cache miss)
4443 http fetch GET 200 https://registry.npmjs.org/anymatch/-/anymatch-3.1.3.tgz 15608ms (cache miss)
4444 http fetch GET 200 https://registry.npmjs.org/postcss-load-config/-/postcss-load-config-6.0.1.tgz 15607ms (cache miss)
4445 http fetch GET 200 https://registry.npmjs.org/postcss-js/-/postcss-js-4.1.0.tgz 15722ms (cache miss)
4446 http fetch GET 200 https://registry.npmjs.org/dlv/-/dlv-1.1.3.tgz 16092ms (cache miss)
4447 http fetch GET 200 https://registry.npmjs.org/arg/-/arg-5.0.2.tgz 16176ms (cache miss)
4448 http fetch GET 200 https://registry.npmjs.org/has-flag/-/has-flag-4.0.0.tgz 16231ms (cache miss)
4449 http fetch GET 200 https://registry.npmjs.org/client-only/-/client-only-0.0.1.tgz 16421ms (cache miss)
4450 http fetch GET 200 https://registry.npmjs.org/shebang-regex/-/shebang-regex-3.0.0.tgz 16417ms (cache miss)
4451 http fetch GET 200 https://registry.npmjs.org/normalize-path/-/normalize-path-3.0.0.tgz 17070ms (cache miss)
4452 http fetch GET 200 https://registry.npmjs.org/mz/-/mz-2.7.0.tgz 17106ms (cache miss)
4453 http fetch GET 200 https://registry.npmjs.org/isarray/-/isarray-2.0.5.tgz 17067ms (cache miss)
4454 http fetch GET 200 https://registry.npmjs.org/pify/-/pify-2.3.0.tgz 17127ms (cache miss)
4455 http fetch GET 200 https://registry.npmjs.org/ts-interface-checker/-/ts-interface-checker-0.1.13.tgz 17083ms (cache miss)
4456 http fetch GET 200 https://registry.npmjs.org/detect-libc/-/detect-libc-2.1.2.tgz 17112ms (cache miss)
4457 http fetch GET 200 https://registry.npmjs.org/queue-microtask/-/queue-microtask-1.2.3.tgz 17209ms (cache miss)
4458 http fetch GET 200 https://registry.npmjs.org/path-parse/-/path-parse-1.0.7.tgz 17260ms (cache miss)
4459 http fetch GET 200 https://registry.npmjs.org/@vitest/pretty-format/-/pretty-format-2.1.9.tgz 17811ms (cache miss)
4460 http fetch GET 200 https://registry.npmjs.org/camelcase-css/-/camelcase-css-2.0.1.tgz 18008ms (cache miss)
4461 http fetch GET 200 https://registry.npmjs.org/binary-extensions/-/binary-extensions-2.3.0.tgz 18011ms (cache miss)
4462 http fetch GET 200 https://registry.npmjs.org/node-exports-info/-/node-exports-info-1.6.2.tgz 17980ms (cache miss)
4463 http fetch GET 200 https://registry.npmjs.org/ansi-regex/-/ansi-regex-5.0.1.tgz 17980ms (cache miss)
4464 http fetch GET 200 https://registry.npmjs.org/object-assign/-/object-assign-4.1.1.tgz 17990ms (cache miss)
4465 http fetch GET 200 https://registry.npmjs.org/loose-envify/-/loose-envify-1.4.0.tgz 17990ms (cache miss)
4466 http fetch GET 200 https://registry.npmjs.org/yocto-queue/-/yocto-queue-0.1.0.tgz 18477ms (cache miss)
4467 http fetch GET 200 https://registry.npmjs.org/nanoid/-/nanoid-3.3.16.tgz 18498ms (cache miss)
4468 http fetch GET 200 https://registry.npmjs.org/callsites/-/callsites-3.1.0.tgz 18494ms (cache miss)
4469 http fetch GET 200 https://registry.npmjs.org/p-limit/-/p-limit-3.1.0.tgz 18521ms (cache miss)
4470 http fetch GET 200 https://registry.npmjs.org/is-binary-path/-/is-binary-path-2.1.0.tgz 18640ms (cache miss)
4471 http fetch GET 200 https://registry.npmjs.org/side-channel-map/-/side-channel-map-1.0.1.tgz 18694ms (cache miss)
4472 http fetch GET 200 https://registry.npmjs.org/lilconfig/-/lilconfig-3.1.3.tgz 18778ms (cache miss)
4473 http fetch GET 200 https://registry.npmjs.org/balanced-match/-/balanced-match-1.0.2.tgz 18711ms (cache miss)
4474 http fetch GET 200 https://registry.npmjs.org/@next/env/-/env-16.2.10.tgz 18740ms (cache miss)
4475 http fetch GET 200 https://registry.npmjs.org/concat-map/-/concat-map-0.0.1.tgz 18737ms (cache miss)
4476 http fetch GET 200 https://registry.npmjs.org/to-regex-range/-/to-regex-range-5.0.1.tgz 18735ms (cache miss)
4477 http fetch GET 200 https://registry.npmjs.org/fill-range/-/fill-range-7.1.1.tgz 18748ms (cache miss)
4478 http fetch GET 200 https://registry.npmjs.org/p-locate/-/p-locate-5.0.0.tgz 18803ms (cache miss)
4479 http fetch GET 200 https://registry.npmjs.org/yallist/-/yallist-3.1.1.tgz 18945ms (cache miss)
4480 http fetch GET 200 https://registry.npmjs.org/combined-stream/-/combined-stream-1.0.8.tgz 18947ms (cache miss)
4481 http fetch GET 200 https://registry.npmjs.org/mime-types/-/mime-types-2.1.35.tgz 18974ms (cache miss)
4482 http fetch GET 200 https://registry.npmjs.org/xml-name-validator/-/xml-name-validator-5.0.0.tgz 19049ms (cache miss)
4483 http fetch GET 200 https://registry.npmjs.org/json-buffer/-/json-buffer-3.0.1.tgz 19070ms (cache miss)
4484 http fetch GET 200 https://registry.npmjs.org/w3c-xmlserializer/-/w3c-xmlserializer-5.0.0.tgz 19143ms (cache miss)
4485 http fetch GET 200 https://registry.npmjs.org/symbol-tree/-/symbol-tree-3.2.4.tgz 19160ms (cache miss)
4486 http fetch GET 200 https://registry.npmjs.org/webidl-conversions/-/webidl-conversions-7.0.0.tgz 19177ms (cache miss)
4487 http fetch GET 200 https://registry.npmjs.org/is-potential-custom-element-name/-/is-potential-custom-element-name-1.0.1.tgz 19177ms (cache miss)
4488 http fetch GET 200 https://registry.npmjs.org/xmlchars/-/xmlchars-2.2.0.tgz 19521ms (cache miss)
4489 http fetch GET 200 https://registry.npmjs.org/whatwg-encoding/-/whatwg-encoding-3.1.1.tgz 19689ms (cache miss)
4490 http fetch GET 200 https://registry.npmjs.org/@csstools/css-parser-algorithms/-/css-parser-algorithms-3.0.5.tgz 19713ms (cache miss)
4491 http fetch GET 200 https://registry.npmjs.org/https-proxy-agent/-/https-proxy-agent-7.0.6.tgz 19710ms (cache miss)
4492 http fetch GET 200 https://registry.npmjs.org/http-proxy-agent/-/http-proxy-agent-7.0.2.tgz 19722ms (cache miss)
4493 http fetch GET 200 https://registry.npmjs.org/is-extglob/-/is-extglob-2.1.1.tgz 19727ms (cache miss)
4494 http fetch GET 200 https://registry.npmjs.org/html-encoding-sniffer/-/html-encoding-sniffer-4.0.0.tgz 19741ms (cache miss)
4495 http fetch GET 200 https://registry.npmjs.org/asynckit/-/asynckit-0.4.0.tgz 20042ms (cache miss)
4496 http fetch GET 200 https://registry.npmjs.org/supports-preserve-symlinks-flag/-/supports-preserve-symlinks-flag-1.0.0.tgz 20149ms (cache miss)
4497 http fetch GET 200 https://registry.npmjs.org/set-function-name/-/set-function-name-2.0.2.tgz 20107ms (cache miss)
4498 http fetch GET 200 https://registry.npmjs.org/resolve-pkg-maps/-/resolve-pkg-maps-1.0.0.tgz 20106ms (cache miss)
4499 http fetch GET 200 https://registry.npmjs.org/parent-module/-/parent-module-1.0.1.tgz 20109ms (cache miss)
4500 http fetch GET 200 https://registry.npmjs.org/side-channel/-/side-channel-1.1.1.tgz 20111ms (cache miss)
4501 http fetch GET 200 https://registry.npmjs.org/path-exists/-/path-exists-4.0.0.tgz 20122ms (cache miss)
4502 http fetch GET 200 https://registry.npmjs.org/postcss-nested/-/postcss-nested-6.2.0.tgz 20347ms (cache miss)
4503 http fetch GET 200 https://registry.npmjs.org/thenify-all/-/thenify-all-1.6.0.tgz 20397ms (cache miss)
4504 http fetch GET 200 https://registry.npmjs.org/pirates/-/pirates-4.0.7.tgz 20443ms (cache miss)
4505 http fetch GET 200 https://registry.npmjs.org/is-document.all/-/is-document.all-1.0.0.tgz 20261ms (cache miss)
4506 http fetch GET 200 https://registry.npmjs.org/locate-path/-/locate-path-6.0.0.tgz 20262ms (cache miss)
4507 http fetch GET 200 https://registry.npmjs.org/resolve-from/-/resolve-from-4.0.0.tgz 20266ms (cache miss)
4508 http fetch GET 200 https://registry.npmjs.org/reusify/-/reusify-1.1.0.tgz 20298ms (cache miss)
4509 http fetch GET 200 https://registry.npmjs.org/micromatch/-/micromatch-4.0.8.tgz 20298ms (cache miss)
4510 http fetch GET 200 https://registry.npmjs.org/run-parallel/-/run-parallel-1.2.0.tgz 20302ms (cache miss)
4511 http fetch GET 200 https://registry.npmjs.org/functions-have-names/-/functions-have-names-1.2.3.tgz 20424ms (cache miss)
4512 http fetch GET 200 https://registry.npmjs.org/@nodelib/fs.stat/-/fs.stat-2.0.5.tgz 20455ms (cache miss)
4513 http fetch GET 200 https://registry.npmjs.org/fastq/-/fastq-1.20.1.tgz 20484ms (cache miss)
4514 http fetch GET 200 https://registry.npmjs.org/esrecurse/-/esrecurse-4.3.0.tgz 20513ms (cache miss)
4515 http fetch GET 200 https://registry.npmjs.org/@babel/helper-string-parser/-/helper-string-parser-7.29.7.tgz 20514ms (cache miss)
4516 http fetch GET 200 https://registry.npmjs.org/prelude-ls/-/prelude-ls-1.2.1.tgz 20938ms (cache miss)
4517 http fetch GET 200 https://registry.npmjs.org/delayed-stream/-/delayed-stream-1.0.0.tgz 20977ms (cache miss)
4518 http fetch GET 200 https://registry.npmjs.org/data-urls/-/data-urls-5.0.0.tgz 21009ms (cache miss)
4519 http fetch GET 200 https://registry.npmjs.org/whatwg-mimetype/-/whatwg-mimetype-4.0.0.tgz 21110ms (cache miss)
4520 http fetch GET 200 https://registry.npmjs.org/didyoumean/-/didyoumean-1.2.2.tgz 21335ms (cache miss)
4521 http fetch GET 200 https://registry.npmjs.org/side-channel-weakmap/-/side-channel-weakmap-1.0.2.tgz 21352ms (cache miss)
4522 http fetch GET 200 https://registry.npmjs.org/lru-cache/-/lru-cache-5.1.1.tgz 21321ms (cache miss)
4523 http fetch GET 200 https://registry.npmjs.org/gensync/-/gensync-1.0.0-beta.2.tgz 21319ms (cache miss)
4524 http fetch GET 200 https://registry.npmjs.org/@babel/helper-globals/-/helper-globals-7.29.7.tgz 21326ms (cache miss)
4525 http fetch GET 200 https://registry.npmjs.org/@nodelib/fs.walk/-/fs.walk-1.2.8.tgz 21377ms (cache miss)
4526 http fetch GET 200 https://registry.npmjs.org/@babel/compat-data/-/compat-data-7.29.7.tgz 21372ms (cache miss)
4527 http fetch GET 200 https://registry.npmjs.org/dunder-proto/-/dunder-proto-1.0.1.tgz 21591ms (cache miss)
4528 http fetch GET 200 https://registry.npmjs.org/merge2/-/merge2-1.4.1.tgz 21653ms (cache miss)
4529 http fetch GET 200 https://registry.npmjs.org/@babel/helper-compilation-targets/-/helper-compilation-targets-7.29.7.tgz 21905ms (cache miss)
4530 http fetch GET 200 https://registry.npmjs.org/word-wrap/-/word-wrap-1.2.5.tgz 22216ms (cache miss)
4531 http fetch GET 200 https://registry.npmjs.org/convert-source-map/-/convert-source-map-2.0.0.tgz 22356ms (cache miss)
4532 http fetch GET 200 https://registry.npmjs.org/iterator.prototype/-/iterator.prototype-1.1.5.tgz 22354ms (cache miss)
4533 http fetch GET 200 https://registry.npmjs.org/estraverse/-/estraverse-5.3.0.tgz 22366ms (cache miss)
4534 http fetch GET 200 https://registry.npmjs.org/array.prototype.findlast/-/array.prototype.findlast-1.2.5.tgz 22382ms (cache miss)
4535 http fetch GET 200 https://registry.npmjs.org/string.prototype.matchall/-/string.prototype.matchall-4.0.12.tgz 22394ms (cache miss)
4536 http fetch GET 200 https://registry.npmjs.org/@nodelib/fs.scandir/-/fs.scandir-2.1.5.tgz 22594ms (cache miss)
4537 http fetch GET 200 https://registry.npmjs.org/ast-types-flow/-/ast-types-flow-0.0.8.tgz 22566ms (cache miss)
4538 http fetch GET 200 https://registry.npmjs.org/emoji-regex/-/emoji-regex-9.2.2.tgz 22573ms (cache miss)
4539 http fetch GET 200 https://registry.npmjs.org/language-tags/-/language-tags-1.0.9.tgz 22581ms (cache miss)
4540 http fetch GET 200 https://registry.npmjs.org/es-abstract-get/-/es-abstract-get-1.0.0.tgz 22570ms (cache miss)
4541 http fetch GET 200 https://registry.npmjs.org/is-date-object/-/is-date-object-1.1.0.tgz 22586ms (cache miss)
4542 http fetch GET 200 https://registry.npmjs.org/is-symbol/-/is-symbol-1.1.1.tgz 22611ms (cache miss)
4543 http fetch GET 200 https://registry.npmjs.org/unbox-primitive/-/unbox-primitive-1.1.0.tgz 22619ms (cache miss)
4544 http fetch GET 200 https://registry.npmjs.org/typed-array-length/-/typed-array-length-1.0.8.tgz 22634ms (cache miss)
4545 http fetch GET 200 https://registry.npmjs.org/has-tostringtag/-/has-tostringtag-1.0.2.tgz 22648ms (cache miss)
4546 http fetch GET 200 https://registry.npmjs.org/argparse/-/argparse-2.0.1.tgz 22825ms (cache miss)
4547 http fetch GET 200 https://registry.npmjs.org/string.prototype.repeat/-/string.prototype.repeat-1.0.0.tgz 22886ms (cache miss)
4548 http fetch GET 200 https://registry.npmjs.org/@alloc/quick-lru/-/quick-lru-5.2.0.tgz 23169ms (cache miss)
4549 http fetch GET 200 https://registry.npmjs.org/typed-array-byte-offset/-/typed-array-byte-offset-1.0.4.tgz 22938ms (cache miss)
4550 http fetch GET 200 https://registry.npmjs.org/string.prototype.trim/-/string.prototype.trim-1.2.11.tgz 22950ms (cache miss)
4551 http fetch GET 200 https://registry.npmjs.org/typed-array-byte-length/-/typed-array-byte-length-1.0.3.tgz 22957ms (cache miss)
4552 http fetch GET 200 https://registry.npmjs.org/typed-array-buffer/-/typed-array-buffer-1.0.3.tgz 22953ms (cache miss)
4553 http fetch GET 200 https://registry.npmjs.org/set-proto/-/set-proto-1.0.0.tgz 22958ms (cache miss)
4554 http fetch GET 200 https://registry.npmjs.org/safe-regex-test/-/safe-regex-test-1.1.0.tgz 22959ms (cache miss)
4555 http fetch GET 200 https://registry.npmjs.org/safe-push-apply/-/safe-push-apply-1.0.0.tgz 22978ms (cache miss)
4556 http fetch GET 200 https://registry.npmjs.org/possible-typed-array-names/-/possible-typed-array-names-1.1.0.tgz 22984ms (cache miss)
4557 http fetch GET 200 https://registry.npmjs.org/own-keys/-/own-keys-1.0.1.tgz 23001ms (cache miss)
4558 http fetch GET 200 https://registry.npmjs.org/stop-iteration-iterator/-/stop-iteration-iterator-1.1.0.tgz 23135ms (cache miss)
4559 http fetch GET 200 https://registry.npmjs.org/is-weakref/-/is-weakref-1.1.1.tgz 23154ms (cache miss)
4560 http fetch GET 200 https://registry.npmjs.org/safe-array-concat/-/safe-array-concat-1.1.4.tgz 23164ms (cache miss)
4561 http fetch GET 200 https://registry.npmjs.org/is-shared-array-buffer/-/is-shared-array-buffer-1.0.4.tgz 23162ms (cache miss)
4562 http fetch GET 200 https://registry.npmjs.org/is-array-buffer/-/is-array-buffer-3.0.5.tgz 23156ms (cache miss)
4563 http fetch GET 200 https://registry.npmjs.org/has-proto/-/has-proto-1.2.0.tgz 23156ms (cache miss)
4564 http fetch GET 200 https://registry.npmjs.org/is-callable/-/is-callable-1.2.7.tgz 23161ms (cache miss)
4565 http fetch GET 200 https://registry.npmjs.org/@babel/helper-validator-option/-/helper-validator-option-7.29.7.tgz 23301ms (cache miss)
4566 http fetch GET 200 https://registry.npmjs.org/has-symbols/-/has-symbols-1.1.0.tgz 23221ms (cache miss)
4567 http fetch GET 200 https://registry.npmjs.org/is-data-view/-/is-data-view-1.0.2.tgz 23226ms (cache miss)
4568 http fetch GET 200 https://registry.npmjs.org/is-typed-array/-/is-typed-array-1.1.15.tgz 23245ms (cache miss)
4569 http fetch GET 200 https://registry.npmjs.org/data-view-byte-offset/-/data-view-byte-offset-1.0.1.tgz 23248ms (cache miss)
4570 http fetch GET 200 https://registry.npmjs.org/data-view-buffer/-/data-view-buffer-1.0.2.tgz 23245ms (cache miss)
4571 http fetch GET 200 https://registry.npmjs.org/globalthis/-/globalthis-1.0.4.tgz 23259ms (cache miss)
4572 http fetch GET 200 https://registry.npmjs.org/get-symbol-description/-/get-symbol-description-1.1.0.tgz 23265ms (cache miss)
4573 http fetch GET 200 https://registry.npmjs.org/function.prototype.name/-/function.prototype.name-1.2.0.tgz 23271ms (cache miss)
4574 http fetch GET 200 https://registry.npmjs.org/es-set-tostringtag/-/es-set-tostringtag-2.1.0.tgz 23277ms (cache miss)
4575 http fetch GET 200 https://registry.npmjs.org/data-view-byte-length/-/data-view-byte-length-1.0.2.tgz 23275ms (cache miss)
4576 http fetch GET 200 https://registry.npmjs.org/array-buffer-byte-length/-/array-buffer-byte-length-1.0.2.tgz 23277ms (cache miss)
4577 http fetch GET 200 https://registry.npmjs.org/get-proto/-/get-proto-1.0.1.tgz 23280ms (cache miss)
4578 http fetch GET 200 https://registry.npmjs.org/available-typed-arrays/-/available-typed-arrays-1.0.7.tgz 23287ms (cache miss)
4579 http fetch GET 200 https://registry.npmjs.org/arraybuffer.prototype.slice/-/arraybuffer.prototype.slice-1.0.4.tgz 23293ms (cache miss)
4580 http fetch GET 200 https://registry.npmjs.org/function-bind/-/function-bind-1.1.2.tgz 23289ms (cache miss)
4581 http fetch GET 200 https://registry.npmjs.org/object-keys/-/object-keys-1.1.1.tgz 23296ms (cache miss)
4582 http fetch GET 200 https://registry.npmjs.org/has-property-descriptors/-/has-property-descriptors-1.0.2.tgz 23297ms (cache miss)
4583 http fetch GET 200 https://registry.npmjs.org/set-function-length/-/set-function-length-1.2.2.tgz 23302ms (cache miss)
4584 http fetch GET 200 https://registry.npmjs.org/gopd/-/gopd-1.2.0.tgz 23317ms (cache miss)
4585 http fetch GET 200 https://registry.npmjs.org/damerau-levenshtein/-/damerau-levenshtein-1.0.8.tgz 23425ms (cache miss)
4586 http fetch GET 200 https://registry.npmjs.org/es-errors/-/es-errors-1.3.0.tgz 23421ms (cache miss)
4587 http fetch GET 200 https://registry.npmjs.org/es-define-property/-/es-define-property-1.0.1.tgz 23426ms (cache miss)
4588 http fetch GET 200 https://registry.npmjs.org/define-properties/-/define-properties-1.2.1.tgz 23432ms (cache miss)
4589 http fetch GET 200 https://registry.npmjs.org/es-shim-unscopables/-/es-shim-unscopables-1.1.0.tgz 23445ms (cache miss)
4590 http fetch GET 200 https://registry.npmjs.org/get-intrinsic/-/get-intrinsic-1.3.0.tgz 23450ms (cache miss)
4591 http fetch GET 200 https://registry.npmjs.org/fast-levenshtein/-/fast-levenshtein-2.0.6.tgz 23703ms (cache miss)
4592 http fetch GET 200 https://registry.npmjs.org/es-object-atoms/-/es-object-atoms-1.1.2.tgz 23454ms (cache miss)
4593 http fetch GET 200 https://registry.npmjs.org/call-bind-apply-helpers/-/call-bind-apply-helpers-1.0.2.tgz 23471ms (cache miss)
4594 http fetch GET 200 https://registry.npmjs.org/call-bound/-/call-bound-1.0.4.tgz 23481ms (cache miss)
4595 http fetch GET 200 https://registry.npmjs.org/string.prototype.trimend/-/string.prototype.trimend-1.0.10.tgz 23486ms (cache miss)
4596 http fetch GET 200 https://registry.npmjs.org/call-bind/-/call-bind-1.0.9.tgz 23505ms (cache miss)
4597 http fetch GET 200 https://registry.npmjs.org/object.fromentries/-/object.fromentries-2.0.8.tgz 23505ms (cache miss)
4598 http fetch GET 200 https://registry.npmjs.org/object.groupby/-/object.groupby-1.0.3.tgz 23508ms (cache miss)
4599 http fetch GET 200 https://registry.npmjs.org/hasown/-/hasown-2.0.4.tgz 23505ms (cache miss)
4600 http fetch GET 200 https://registry.npmjs.org/math-intrinsics/-/math-intrinsics-1.1.0.tgz 23524ms (cache miss)
4601 http fetch GET 200 https://registry.npmjs.org/array.prototype.findlastindex/-/array.prototype.findlastindex-1.2.6.tgz 23583ms (cache miss)
4602 http fetch GET 200 https://registry.npmjs.org/array.prototype.flatmap/-/array.prototype.flatmap-1.3.3.tgz 23582ms (cache miss)
4603 http fetch GET 200 https://registry.npmjs.org/unrs-resolver/-/unrs-resolver-1.12.2.tgz 23607ms (cache miss)
4604 http fetch GET 200 https://registry.npmjs.org/stable-hash/-/stable-hash-0.0.5.tgz 23610ms (cache miss)
4605 http fetch GET 200 https://registry.npmjs.org/is-core-module/-/is-core-module-2.16.2.tgz 23638ms (cache miss)
4606 http fetch GET 200 https://registry.npmjs.org/array.prototype.flat/-/array.prototype.flat-1.3.3.tgz 23633ms (cache miss)
4607 http fetch GET 200 https://registry.npmjs.org/eslint-import-resolver-node/-/eslint-import-resolver-node-0.3.10.tgz 23644ms (cache miss)
4608 http fetch GET 200 https://registry.npmjs.org/path-key/-/path-key-3.1.1.tgz 23645ms (cache miss)
4609 http fetch GET 200 https://registry.npmjs.org/ansi-styles/-/ansi-styles-4.3.0.tgz 23675ms (cache miss)
4610 http fetch GET 200 https://registry.npmjs.org/which/-/which-2.0.2.tgz 23684ms (cache miss)
4611 http fetch GET 200 https://registry.npmjs.org/ms/-/ms-2.1.3.tgz 23678ms (cache miss)
4612 http fetch GET 200 https://registry.npmjs.org/@rtsao/scc/-/scc-1.1.0.tgz 23718ms (cache miss)
4613 http fetch GET 200 https://registry.npmjs.org/shebang-command/-/shebang-command-2.0.0.tgz 23690ms (cache miss)
4614 http fetch GET 200 https://registry.npmjs.org/supports-color/-/supports-color-7.2.0.tgz 23687ms (cache miss)
4615 http fetch GET 200 https://registry.npmjs.org/fast-json-stable-stringify/-/fast-json-stable-stringify-2.1.0.tgz 23687ms (cache miss)
4616 http fetch GET 200 https://registry.npmjs.org/color-name/-/color-name-1.1.4.tgz 23696ms (cache miss)
4617 http fetch GET 200 https://registry.npmjs.org/json-schema-traverse/-/json-schema-traverse-0.4.1.tgz 23719ms (cache miss)
4618 http fetch GET 200 https://registry.npmjs.org/@nolyfill/is-core-module/-/is-core-module-1.0.39.tgz 23760ms (cache miss)
4619 http fetch GET 200 https://registry.npmjs.org/strip-json-comments/-/strip-json-comments-3.1.1.tgz 23727ms (cache miss)
4620 http fetch GET 200 https://registry.npmjs.org/levn/-/levn-0.4.1.tgz 23731ms (cache miss)
4621 http fetch GET 200 https://registry.npmjs.org/import-fresh/-/import-fresh-3.3.1.tgz 23734ms (cache miss)
4622 http fetch GET 200 https://registry.npmjs.org/minimatch/-/minimatch-3.1.5.tgz 23733ms (cache miss)
4623 http fetch GET 200 https://registry.npmjs.org/optionator/-/optionator-0.9.4.tgz 23742ms (cache miss)
4624 http fetch GET 200 https://registry.npmjs.org/lodash.merge/-/lodash.merge-4.6.2.tgz 23739ms (cache miss)
4625 http fetch GET 200 https://registry.npmjs.org/natural-compare/-/natural-compare-1.4.0.tgz 23745ms (cache miss)
4626 http fetch GET 200 https://registry.npmjs.org/color-convert/-/color-convert-2.0.1.tgz 23762ms (cache miss)
4627 http fetch GET 200 https://registry.npmjs.org/find-up/-/find-up-5.0.0.tgz 23742ms (cache miss)
4628 http fetch GET 200 https://registry.npmjs.org/ignore/-/ignore-5.3.2.tgz 23746ms (cache miss)
4629 http fetch GET 200 https://registry.npmjs.org/@types/json-schema/-/json-schema-7.0.15.tgz 23765ms (cache miss)
4630 http fetch GET 200 https://registry.npmjs.org/imurmurhash/-/imurmurhash-0.1.4.tgz 23750ms (cache miss)
4631 http fetch GET 200 https://registry.npmjs.org/string.prototype.includes/-/string.prototype.includes-2.0.1.tgz 23968ms (cache miss)
4632 http fetch GET 200 https://registry.npmjs.org/json-stable-stringify-without-jsonify/-/json-stable-stringify-without-jsonify-1.0.1.tgz 23800ms (cache miss)
4633 http fetch GET 200 https://registry.npmjs.org/esutils/-/esutils-2.0.3.tgz 23794ms (cache miss)
4634 http fetch GET 200 https://registry.npmjs.org/is-glob/-/is-glob-4.0.3.tgz 23801ms (cache miss)
4635 http fetch GET 200 https://registry.npmjs.org/fast-deep-equal/-/fast-deep-equal-3.1.3.tgz 23801ms (cache miss)
4636 http fetch GET 200 https://registry.npmjs.org/glob-parent/-/glob-parent-6.0.2.tgz 23806ms (cache miss)
4637 http fetch GET 200 https://registry.npmjs.org/file-entry-cache/-/file-entry-cache-8.0.0.tgz 23808ms (cache miss)
4638 http fetch GET 200 https://registry.npmjs.org/escape-string-regexp/-/escape-string-regexp-4.0.0.tgz 23935ms (cache miss)
4639 http fetch GET 200 https://registry.npmjs.org/chalk/-/chalk-4.1.2.tgz 23947ms (cache miss)
4640 http fetch GET 200 https://registry.npmjs.org/@types/estree/-/estree-1.0.9.tgz 23950ms (cache miss)
4641 http fetch GET 200 https://registry.npmjs.org/which-typed-array/-/which-typed-array-1.1.22.tgz 24189ms (cache miss)
4642 http fetch GET 200 https://registry.npmjs.org/@eslint/js/-/js-9.39.5.tgz 23999ms (cache miss)
4643 http fetch GET 200 https://registry.npmjs.org/@humanwhocodes/retry/-/retry-0.4.3.tgz 24030ms (cache miss)
4644 http fetch GET 200 https://registry.npmjs.org/update-browserslist-db/-/update-browserslist-db-1.2.3.tgz 24056ms (cache miss)
4645 http fetch GET 200 https://registry.npmjs.org/postcss-value-parser/-/postcss-value-parser-4.2.0.tgz 24058ms (cache miss)
4646 http fetch GET 200 https://registry.npmjs.org/js-tokens/-/js-tokens-4.0.0.tgz 24126ms (cache miss)
4647 http fetch GET 200 https://registry.npmjs.org/picocolors/-/picocolors-1.1.1.tgz 24121ms (cache miss)
4648 http fetch GET 200 https://registry.npmjs.org/@babel/code-frame/-/code-frame-7.29.7.tgz 24182ms (cache miss)
4649 http fetch GET 200 https://registry.npmjs.org/eslint-config-next/-/eslint-config-next-16.2.10.tgz 24192ms (cache miss)
4650 http fetch GET 200 https://registry.npmjs.org/util-deprecate/-/util-deprecate-1.0.2.tgz 24745ms (cache miss)
4651 http fetch GET 200 https://registry.npmjs.org/@types/react-dom/-/react-dom-19.2.3.tgz 24381ms (cache miss)
4652 http fetch GET 200 https://registry.npmjs.org/brace-expansion/-/brace-expansion-5.0.7.tgz 24410ms (cache miss)
4653 http fetch GET 200 https://registry.npmjs.org/is-regex/-/is-regex-1.2.1.tgz 24691ms (cache miss)
4654 http fetch GET 200 https://registry.npmjs.org/balanced-match/-/balanced-match-4.0.4.tgz 24445ms (cache miss)
4655 http fetch GET 200 https://registry.npmjs.org/eslint-visitor-keys/-/eslint-visitor-keys-5.0.1.tgz 24449ms (cache miss)
4656 http fetch GET 200 https://registry.npmjs.org/keyv/-/keyv-4.5.4.tgz 24839ms (cache miss)
4657 http fetch GET 200 https://registry.npmjs.org/react-is/-/react-is-16.13.1.tgz 24475ms (cache miss)
4658 http fetch GET 200 https://registry.npmjs.org/fdir/-/fdir-6.5.0.tgz 24562ms (cache miss)
4659 http fetch GET 200 https://registry.npmjs.org/glob-parent/-/glob-parent-5.1.2.tgz 24565ms (cache miss)
4660 http fetch GET 200 https://registry.npmjs.org/ansi-styles/-/ansi-styles-5.2.0.tgz 24610ms (cache miss)
4661 http fetch GET 200 https://registry.npmjs.org/eslint-visitor-keys/-/eslint-visitor-keys-3.4.3.tgz 24673ms (cache miss)
4662 http fetch GET 200 https://registry.npmjs.org/@humanwhocodes/module-importer/-/module-importer-1.0.1.tgz 24828ms (cache miss)
4663 http fetch GET 200 https://registry.npmjs.org/is-bun-module/-/is-bun-module-2.0.0.tgz 25111ms (cache miss)
4664 http fetch GET 200 https://registry.npmjs.org/array-includes/-/array-includes-3.1.9.tgz 25128ms (cache miss)
4665 http fetch GET 200 https://registry.npmjs.org/typescript-eslint/-/typescript-eslint-8.64.0.tgz 25171ms (cache miss)
4666 http fetch GET 200 https://registry.npmjs.org/@humanfs/types/-/types-0.15.0.tgz 25301ms (cache miss)
4667 http fetch GET 200 https://registry.npmjs.org/@vitest/spy/-/spy-2.1.9.tgz 25840ms (cache miss)
4668 http fetch GET 200 https://registry.npmjs.org/eslint-visitor-keys/-/eslint-visitor-keys-4.2.1.tgz 25370ms (cache miss)
4669 http fetch GET 200 https://registry.npmjs.org/cross-spawn/-/cross-spawn-7.0.6.tgz 25390ms (cache miss)
4670 http fetch GET 200 https://registry.npmjs.org/node-releases/-/node-releases-2.0.51.tgz 25645ms (cache miss)
4671 http fetch GET 200 https://registry.npmjs.org/@types/aria-query/-/aria-query-5.0.4.tgz 25676ms (cache miss)
4672 http fetch GET 200 https://registry.npmjs.org/@eslint/object-schema/-/object-schema-2.1.7.tgz 25919ms (cache miss)
4673 http fetch GET 200 https://registry.npmjs.org/@humanfs/node/-/node-0.16.8.tgz 26086ms (cache miss)
4674 http fetch GET 200 https://registry.npmjs.org/@eslint/config-helpers/-/config-helpers-0.4.2.tgz 26121ms (cache miss)
4675 http fetch GET 200 https://registry.npmjs.org/@img/colour/-/colour-1.1.0.tgz 26995ms (cache miss)
4676 http fetch GET 200 https://registry.npmjs.org/punycode/-/punycode-2.3.1.tgz 27096ms (cache miss)
4677 http fetch GET 200 https://registry.npmjs.org/readdirp/-/readdirp-3.6.0.tgz 27411ms (cache miss)
4678 http fetch GET 200 https://registry.npmjs.org/glob-parent/-/glob-parent-5.1.2.tgz 27054ms (cache miss)
4679 http fetch GET 200 https://registry.npmjs.org/glob-parent/-/glob-parent-5.1.2.tgz 27032ms (cache miss)
4680 http fetch GET 200 https://registry.npmjs.org/acorn-jsx/-/acorn-jsx-5.3.2.tgz 27490ms (cache miss)
4681 http fetch GET 200 https://registry.npmjs.org/commander/-/commander-4.1.1.tgz 27998ms (cache miss)
4682 http fetch GET 200 https://registry.npmjs.org/type-check/-/type-check-0.4.0.tgz 28220ms (cache miss)
4683 http fetch GET 200 https://registry.npmjs.org/object-hash/-/object-hash-3.0.0.tgz 28634ms (cache miss)
4684 http fetch GET 200 https://registry.npmjs.org/jsesc/-/jsesc-3.1.0.tgz 28849ms (cache miss)
4685 http fetch GET 200 https://registry.npmjs.org/esbuild/-/esbuild-0.21.5.tgz 29365ms (cache miss)
4686 http fetch GET 200 https://registry.npmjs.org/@typescript-eslint/parser/-/parser-8.64.0.tgz 29472ms (cache miss)
4687 warn deprecated whatwg-encoding@3.1.1: Use @exodus/bytes instead for a more spec-conformant and faster implementation
4688 http fetch GET 200 https://registry.npmjs.org/es-module-lexer/-/es-module-lexer-1.7.0.tgz 30668ms (cache miss)
4689 http fetch GET 200 https://registry.npmjs.org/ignore/-/ignore-7.0.6.tgz 30256ms (cache miss)
4690 http fetch GET 200 https://registry.npmjs.org/semver/-/semver-6.3.1.tgz 30864ms (cache miss)
4691 http fetch GET 200 https://registry.npmjs.org/safer-buffer/-/safer-buffer-2.1.2.tgz 31417ms (cache miss)
4692 http fetch GET 200 https://registry.npmjs.org/std-env/-/std-env-3.10.0.tgz 31738ms (cache miss)
4693 http fetch GET 200 https://registry.npmjs.org/globals/-/globals-14.0.0.tgz 31302ms (cache miss)
4694 http fetch GET 200 https://registry.npmjs.org/mime-db/-/mime-db-1.52.0.tgz 31960ms (cache miss)
4695 http fetch GET 200 https://registry.npmjs.org/@csstools/color-helpers/-/color-helpers-5.1.0.tgz 32089ms (cache miss)
4696 http fetch GET 200 https://registry.npmjs.org/flat-cache/-/flat-cache-4.0.1.tgz 32131ms (cache miss)
4697 http fetch GET 200 https://registry.npmjs.org/@csstools/css-calc/-/css-calc-2.1.4.tgz 32274ms (cache miss)
4698 http fetch GET 200 https://registry.npmjs.org/@eslint/core/-/core-0.17.0.tgz 31952ms (cache miss)
4699 http fetch GET 200 https://registry.npmjs.org/@csstools/css-tokenizer/-/css-tokenizer-3.0.4.tgz 32396ms (cache miss)
4700 http fetch GET 200 https://registry.npmjs.org/saxes/-/saxes-6.0.0.tgz 32465ms (cache miss)
4701 http fetch GET 200 https://registry.npmjs.org/@vitest/expect/-/expect-2.1.9.tgz 32788ms (cache miss)
4702 http fetch GET 200 https://registry.npmjs.org/which-builtin-type/-/which-builtin-type-1.2.1.tgz 32787ms (cache miss)
4703 http fetch GET 200 https://registry.npmjs.org/cookie/-/cookie-1.1.1.tgz 32862ms (cache miss)
4704 http fetch GET 200 https://registry.npmjs.org/nwsapi/-/nwsapi-2.2.24.tgz 33965ms (cache miss)
4705 http fetch GET 200 https://registry.npmjs.org/@typescript-eslint/tsconfig-utils/-/tsconfig-utils-8.64.0.tgz 34209ms (cache miss)
4706 http fetch GET 200 https://registry.npmjs.org/is-weakset/-/is-weakset-2.0.4.tgz 34311ms (cache miss)
4707 http fetch GET 200 https://registry.npmjs.org/react-is/-/react-is-17.0.2.tgz 34381ms (cache miss)
4708 http fetch GET 200 https://registry.npmjs.org/debug/-/debug-4.4.3.tgz 34103ms (cache miss)
4709 http fetch GET 200 https://registry.npmjs.org/deep-is/-/deep-is-0.1.4.tgz 34516ms (cache miss)
4710 http fetch GET 200 https://registry.npmjs.org/form-data/-/form-data-4.0.6.tgz 34631ms (cache miss)
4711 http fetch GET 200 https://registry.npmjs.org/tinyglobby/-/tinyglobby-0.2.17.tgz 34585ms (cache miss)
4712 http fetch GET 200 https://registry.npmjs.org/globals/-/globals-16.4.0.tgz 34686ms (cache miss)
4713 http fetch GET 200 https://registry.npmjs.org/decimal.js/-/decimal.js-10.6.0.tgz 36040ms (cache miss)
4714 http fetch GET 200 https://registry.npmjs.org/@csstools/css-color-parser/-/css-color-parser-3.1.0.tgz 36095ms (cache miss)
4715 http fetch GET 200 https://registry.npmjs.org/@typescript-eslint/project-service/-/project-service-8.64.0.tgz 36288ms (cache miss)
4716 http fetch GET 200 https://registry.npmjs.org/is-generator-function/-/is-generator-function-1.1.2.tgz 37182ms (cache miss)
4717 http fetch GET 200 https://registry.npmjs.org/@jridgewell/resolve-uri/-/resolve-uri-3.1.2.tgz 36894ms (cache miss)
4718 http fetch GET 200 https://registry.npmjs.org/chokidar/-/chokidar-3.6.0.tgz 37166ms (cache miss)
4719 http fetch GET 200 https://registry.npmjs.org/is-async-function/-/is-async-function-2.1.1.tgz 37452ms (cache miss)
4720 http fetch GET 200 https://registry.npmjs.org/escalade/-/escalade-3.2.0.tgz 38530ms (cache miss)
4721 http fetch GET 200 https://registry.npmjs.org/picomatch/-/picomatch-2.3.2.tgz 39169ms (cache miss)
4722 http fetch GET 200 https://registry.npmjs.org/get-tsconfig/-/get-tsconfig-4.14.0.tgz 38985ms (cache miss)
4723 http fetch GET 200 https://registry.npmjs.org/eslint-import-resolver-typescript/-/eslint-import-resolver-typescript-3.10.1.tgz 39008ms (cache miss)
4724 http fetch GET 200 https://registry.npmjs.org/is-string/-/is-string-1.1.1.tgz 39337ms (cache miss)
4725 http fetch GET 200 https://registry.npmjs.org/debug/-/debug-3.2.7.tgz 39576ms (cache miss)
4726 http fetch GET 200 https://registry.npmjs.org/debug/-/debug-3.2.7.tgz 39591ms (cache miss)
4727 http fetch GET 200 https://registry.npmjs.org/debug/-/debug-3.2.7.tgz 39622ms (cache miss)
4728 http fetch GET 200 https://registry.npmjs.org/doctrine/-/doctrine-2.1.0.tgz 39908ms (cache miss)
4729 http fetch GET 200 https://registry.npmjs.org/side-channel-list/-/side-channel-list-1.0.1.tgz 40281ms (cache miss)
4730 http fetch GET 200 https://registry.npmjs.org/define-data-property/-/define-data-property-1.1.4.tgz 40184ms (cache miss)
4731 http fetch GET 200 https://registry.npmjs.org/braces/-/braces-3.0.3.tgz 40453ms (cache miss)
4732 http fetch GET 200 https://registry.npmjs.org/browserslist/-/browserslist-4.28.6.tgz 40119ms (cache miss)
4733 http fetch GET 200 https://registry.npmjs.org/async-function/-/async-function-1.0.0.tgz 41059ms (cache miss)
4734 http fetch GET 200 https://registry.npmjs.org/@babel/helper-validator-identifier/-/helper-validator-identifier-7.29.7.tgz 40462ms (cache miss)
4735 http fetch GET 200 https://registry.npmjs.org/ts-api-utils/-/ts-api-utils-2.5.0.tgz 40982ms (cache miss)
4736 http fetch GET 200 https://registry.npmjs.org/for-each/-/for-each-0.3.5.tgz 41156ms (cache miss)
4737 http fetch GET 200 https://registry.npmjs.org/is-negative-zero/-/is-negative-zero-2.0.3.tgz 40829ms (cache miss)
4738 http fetch GET 200 https://registry.npmjs.org/is-set/-/is-set-2.0.3.tgz 42118ms (cache miss)
4739 http fetch GET 200 https://registry.npmjs.org/internal-slot/-/internal-slot-1.1.0.tgz 42119ms (cache miss)
4740 http fetch GET 200 https://registry.npmjs.org/baseline-browser-mapping/-/baseline-browser-mapping-2.10.43.tgz 41984ms (cache miss)
4741 http fetch GET 200 https://registry.npmjs.org/picomatch/-/picomatch-4.0.5.tgz 42156ms (cache miss)
4742 http fetch GET 200 https://registry.npmjs.org/espree/-/espree-10.4.0.tgz 42548ms (cache miss)
4743 http fetch GET 200 https://registry.npmjs.org/prop-types/-/prop-types-15.8.1.tgz 42760ms (cache miss)
4744 http fetch GET 200 https://registry.npmjs.org/postcss-import/-/postcss-import-15.1.0.tgz 43147ms (cache miss)
4745 http fetch GET 200 https://registry.npmjs.org/dequal/-/dequal-2.0.3.tgz 42763ms (cache miss)
4746 http fetch GET 200 https://registry.npmjs.org/electron-to-chromium/-/electron-to-chromium-1.5.392.tgz 43316ms (cache miss)
4747 http fetch GET 200 https://registry.npmjs.org/@vitest/snapshot/-/snapshot-2.1.9.tgz 43880ms (cache miss)
4748 http fetch GET 200 https://registry.npmjs.org/iceberg-js/-/iceberg-js-0.8.1.tgz 43321ms (cache miss)
4749 http fetch GET 200 https://registry.npmjs.org/@babel/helper-module-imports/-/helper-module-imports-7.29.7.tgz 43779ms (cache miss)
4750 http fetch GET 200 https://registry.npmjs.org/tr46/-/tr46-5.1.1.tgz 44460ms (cache miss)
4751 http fetch GET 200 https://registry.npmjs.org/cac/-/cac-6.7.14.tgz 45252ms (cache miss)
4752 http fetch GET 200 https://registry.npmjs.org/@eslint-community/regexpp/-/regexpp-4.12.2.tgz 44667ms (cache miss)
4753 http fetch GET 200 https://registry.npmjs.org/agent-base/-/agent-base-7.1.4.tgz 45234ms (cache miss)
4754 http fetch GET 200 https://registry.npmjs.org/tslib/-/tslib-2.8.1.tgz 45048ms (cache miss)
4755 http fetch GET 200 https://registry.npmjs.org/@humanfs/core/-/core-0.19.2.tgz 45800ms (cache miss)
4756 http fetch GET 200 https://registry.npmjs.org/json5/-/json5-1.0.2.tgz 45725ms (cache miss)
4757 http fetch GET 200 https://registry.npmjs.org/@vitest/runner/-/runner-2.1.9.tgz 46466ms (cache miss)
4758 http fetch GET 200 https://registry.npmjs.org/flatted/-/flatted-3.4.2.tgz 46288ms (cache miss)
4759 http fetch GET 200 https://registry.npmjs.org/@typescript-eslint/types/-/types-8.64.0.tgz 46531ms (cache miss)
4760 http fetch GET 200 https://registry.npmjs.org/@eslint-community/eslint-utils/-/eslint-utils-4.9.1.tgz 46054ms (cache miss)
4761 http fetch GET 200 https://registry.npmjs.org/expect-type/-/expect-type-1.4.0.tgz 46814ms (cache miss)
4762 http fetch GET 200 https://registry.npmjs.org/@eslint/plugin-kit/-/plugin-kit-0.4.1.tgz 46284ms (cache miss)
4763 http fetch GET 200 https://registry.npmjs.org/array.prototype.tosorted/-/array.prototype.tosorted-1.1.4.tgz 46635ms (cache miss)
4764 http fetch GET 200 https://registry.npmjs.org/string.prototype.trimstart/-/string.prototype.trimstart-1.0.8.tgz 46631ms (cache miss)
4765 http fetch GET 200 https://registry.npmjs.org/scheduler/-/scheduler-0.27.0.tgz 47282ms (cache miss)
4766 http fetch GET 200 https://registry.npmjs.org/object.values/-/object.values-1.2.1.tgz 47900ms (cache miss)
4767 http fetch GET 200 https://registry.npmjs.org/regexp.prototype.flags/-/regexp.prototype.flags-1.5.4.tgz 48222ms (cache miss)
4768 http fetch GET 200 https://registry.npmjs.org/object.entries/-/object.entries-1.1.9.tgz 48977ms (cache miss)
4769 http fetch GET 200 https://registry.npmjs.org/magic-string/-/magic-string-0.30.21.tgz 49817ms (cache miss)
4770 http fetch GET 200 https://registry.npmjs.org/acorn/-/acorn-8.17.0.tgz 49549ms (cache miss)
4771 http fetch GET 200 https://registry.npmjs.org/eslint-scope/-/eslint-scope-8.4.0.tgz 49293ms (cache miss)
4772 http fetch GET 200 https://registry.npmjs.org/whatwg-url/-/whatwg-url-14.2.0.tgz 50676ms (cache miss)
4773 http fetch GET 200 https://registry.npmjs.org/es-to-primitive/-/es-to-primitive-1.3.4.tgz 51162ms (cache miss)
4774 http fetch GET 200 https://registry.npmjs.org/zod-validation-error/-/zod-validation-error-4.0.2.tgz 51388ms (cache miss)
4775 http fetch GET 200 https://registry.npmjs.org/hermes-estree/-/hermes-estree-0.25.1.tgz 52065ms (cache miss)
4776 http fetch GET 200 https://registry.npmjs.org/@vitest/utils/-/utils-2.1.9.tgz 52421ms (cache miss)
4777 http fetch GET 200 https://registry.npmjs.org/object.assign/-/object.assign-4.1.7.tgz 52081ms (cache miss)
4778 http fetch GET 200 https://registry.npmjs.org/source-map-js/-/source-map-js-1.2.1.tgz 52297ms (cache miss)
4779 http fetch GET 200 https://registry.npmjs.org/@babel/helper-module-transforms/-/helper-module-transforms-7.29.7.tgz 52358ms (cache miss)
4780 http fetch GET 200 https://registry.npmjs.org/csstype/-/csstype-3.2.3.tgz 52113ms (cache miss)
4781 http fetch GET 200 https://registry.npmjs.org/@types/react/-/react-19.2.17.tgz 52216ms (cache miss)
4782 http fetch GET 200 https://registry.npmjs.org/ws/-/ws-8.21.1.tgz 52817ms (cache miss)
4783 http fetch GET 200 https://registry.npmjs.org/lz-string/-/lz-string-1.5.0.tgz 53308ms (cache miss)
4784 http fetch GET 200 https://registry.npmjs.org/@babel/template/-/template-7.29.7.tgz 53768ms (cache miss)
4785 http fetch GET 200 https://registry.npmjs.org/brace-expansion/-/brace-expansion-1.1.16.tgz 54300ms (cache miss)
4786 http fetch GET 200 https://registry.npmjs.org/@emnapi/runtime/-/runtime-1.11.2.tgz 54789ms (cache miss)
4787 http fetch GET 200 https://registry.npmjs.org/fraction.js/-/fraction.js-5.3.4.tgz 54406ms (cache miss)
4788 http fetch GET 200 https://registry.npmjs.org/@vitest/mocker/-/mocker-2.1.9.tgz 55271ms (cache miss)
4789 http fetch GET 200 https://registry.npmjs.org/minimist/-/minimist-1.2.8.tgz 55623ms (cache miss)
4790 http fetch GET 200 https://registry.npmjs.org/json5/-/json5-2.2.3.tgz 55647ms (cache miss)
4791 http fetch GET 200 https://registry.npmjs.org/@eslint/config-array/-/config-array-0.21.2.tgz 55405ms (cache miss)
4792 http fetch GET 200 https://registry.npmjs.org/napi-postinstall/-/napi-postinstall-0.3.4.tgz 57228ms (cache miss)
4793 http fetch GET 200 https://registry.npmjs.org/eslint-module-utils/-/eslint-module-utils-2.14.0.tgz 57133ms (cache miss)
4794 http fetch GET 200 https://registry.npmjs.org/esquery/-/esquery-1.7.0.tgz 57468ms (cache miss)
4795 http fetch GET 200 https://registry.npmjs.org/@rollup/rollup-win32-x64-gnu/-/rollup-win32-x64-gnu-4.62.2.tgz 59417ms (cache miss)
4796 http fetch GET 200 https://registry.npmjs.org/@unrs/resolver-binding-win32-x64-msvc/-/resolver-binding-win32-x64-msvc-1.12.2.tgz 59457ms (cache miss)
4797 http fetch GET 200 https://registry.npmjs.org/styled-jsx/-/styled-jsx-5.1.6.tgz 59579ms (cache miss)
4798 http fetch GET 200 https://registry.npmjs.org/react/-/react-19.2.7.tgz 59158ms (cache miss)
4799 http fetch GET 200 https://registry.npmjs.org/@jridgewell/sourcemap-codec/-/sourcemap-codec-1.5.5.tgz 59818ms (cache miss)
4800 http fetch GET 200 https://registry.npmjs.org/rrweb-cssom/-/rrweb-cssom-0.7.1.tgz 61477ms (cache miss)
4801 http fetch GET 200 https://registry.npmjs.org/@babel/parser/-/parser-7.29.7.tgz 61406ms (cache miss)
4802 http fetch GET 200 https://registry.npmjs.org/undici-types/-/undici-types-6.21.0.tgz 61484ms (cache miss)
4803 http fetch GET 200 https://registry.npmjs.org/lru-cache/-/lru-cache-10.4.3.tgz 61992ms (cache miss)
4804 http fetch GET 200 https://registry.npmjs.org/rrweb-cssom/-/rrweb-cssom-0.8.0.tgz 62593ms (cache miss)
4805 http fetch GET 200 https://registry.npmjs.org/@testing-library/react/-/react-16.3.2.tgz 62632ms (cache miss)
4806 http fetch GET 200 https://registry.npmjs.org/@jridgewell/remapping/-/remapping-2.3.5.tgz 63219ms (cache miss)
4807 http fetch GET 200 https://registry.npmjs.org/@jridgewell/gen-mapping/-/gen-mapping-0.3.13.tgz 63579ms (cache miss)
4808 http fetch GET 200 https://registry.npmjs.org/object-inspect/-/object-inspect-1.13.4.tgz 63529ms (cache miss)
4809 http fetch GET 200 https://registry.npmjs.org/@rollup/rollup-win32-x64-msvc/-/rollup-win32-x64-msvc-4.62.2.tgz 64876ms (cache miss)
4810 http fetch GET 200 https://registry.npmjs.org/jiti/-/jiti-1.21.7.tgz 65318ms (cache miss)
4811 http fetch GET 200 https://registry.npmjs.org/pretty-format/-/pretty-format-27.5.1.tgz 64929ms (cache miss)
4812 http fetch GET 200 https://registry.npmjs.org/iconv-lite/-/iconv-lite-0.6.3.tgz 66613ms (cache miss)
4813 http fetch GET 200 https://registry.npmjs.org/vite-node/-/vite-node-2.1.9.tgz 66672ms (cache miss)
4814 http fetch GET 200 https://registry.npmjs.org/sharp/-/sharp-0.34.5.tgz 66763ms (cache miss)
4815 http fetch GET 200 https://registry.npmjs.org/language-subtag-registry/-/language-subtag-registry-0.3.23.tgz 66888ms (cache miss)
4816 http fetch GET 200 https://registry.npmjs.org/@eslint/eslintrc/-/eslintrc-3.3.6.tgz 68367ms (cache miss)
4817 http fetch GET 200 https://registry.npmjs.org/@supabase/supabase-js/-/supabase-js-2.110.7.tgz 68801ms (cache miss)
4818 http fetch GET 200 https://registry.npmjs.org/postcss-selector-parser/-/postcss-selector-parser-6.1.4.tgz 69786ms (cache miss)
4819 http fetch GET 200 https://registry.npmjs.org/@supabase/postgrest-js/-/postgrest-js-2.110.7.tgz 70494ms (cache miss)
4820 http fetch GET 200 https://registry.npmjs.org/@typescript-eslint/type-utils/-/type-utils-8.64.0.tgz 71237ms (cache miss)
4821 http fetch GET 200 https://registry.npmjs.org/tough-cookie/-/tough-cookie-5.1.2.tgz 71489ms (cache miss)
4822 http fetch GET 200 https://registry.npmjs.org/@supabase/storage-js/-/storage-js-2.110.7.tgz 71244ms (cache miss)
4823 http fetch GET 200 https://registry.npmjs.org/eslint-plugin-react-hooks/-/eslint-plugin-react-hooks-7.1.1.tgz 71534ms (cache miss)
4824 http fetch GET 200 https://registry.npmjs.org/js-yaml/-/js-yaml-4.3.0.tgz 71758ms (cache miss)
4825 http fetch GET 200 https://registry.npmjs.org/@jridgewell/trace-mapping/-/trace-mapping-0.3.31.tgz 72385ms (cache miss)
4826 http fetch GET 200 https://registry.npmjs.org/semver/-/semver-7.8.5.tgz 72157ms (cache miss)
4827 http fetch GET 200 https://registry.npmjs.org/semver/-/semver-7.8.5.tgz 72233ms (cache miss)
4828 http fetch GET 200 https://registry.npmjs.org/semver/-/semver-7.8.5.tgz 72238ms (cache miss)
4829 http fetch GET 200 https://registry.npmjs.org/postcss/-/postcss-8.5.19.tgz 73712ms (cache miss)
4830 http fetch GET 200 https://registry.npmjs.org/postcss/-/postcss-8.4.31.tgz 73717ms (cache miss)
4831 http fetch GET 200 https://registry.npmjs.org/@babel/generator/-/generator-7.29.7.tgz 74505ms (cache miss)
4832 http fetch GET 200 https://registry.npmjs.org/chai/-/chai-5.3.3.tgz 75076ms (cache miss)
4833 http fetch GET 200 https://registry.npmjs.org/axe-core/-/axe-core-4.12.1.tgz 74868ms (cache miss)
4834 http fetch GET 200 https://registry.npmjs.org/rollup/-/rollup-4.62.2.tgz 75373ms (cache miss)
4835 http fetch GET 200 https://registry.npmjs.org/hermes-parser/-/hermes-parser-0.25.1.tgz 77249ms (cache miss)
4836 http fetch GET 200 https://registry.npmjs.org/@supabase/functions-js/-/functions-js-2.110.7.tgz 77022ms (cache miss)
4837 http fetch GET 200 https://registry.npmjs.org/vite/-/vite-5.4.21.tgz 77757ms (cache miss)
4838 http fetch GET 200 https://registry.npmjs.org/tldts/-/tldts-6.1.86.tgz 77774ms (cache miss)
4839 http fetch GET 200 https://registry.npmjs.org/dom-accessibility-api/-/dom-accessibility-api-0.5.16.tgz 77363ms (cache miss)
4840 http fetch GET 200 https://registry.npmjs.org/uri-js/-/uri-js-4.4.1.tgz 77610ms (cache miss)
4841 http fetch GET 200 https://registry.npmjs.org/@next/eslint-plugin-next/-/eslint-plugin-next-16.2.10.tgz 77689ms (cache miss)
4842 http fetch GET 200 https://registry.npmjs.org/fast-glob/-/fast-glob-3.3.1.tgz 78406ms (cache miss)
4843 http fetch GET 200 https://registry.npmjs.org/fast-glob/-/fast-glob-3.3.3.tgz 78261ms (cache miss)
4844 http fetch GET 200 https://registry.npmjs.org/minimatch/-/minimatch-10.2.5.tgz 78315ms (cache miss)
4845 http fetch GET 200 https://registry.npmjs.org/@supabase/phoenix/-/phoenix-0.4.5.tgz 79747ms (cache miss)
4846 http fetch GET 200 https://registry.npmjs.org/@testing-library/dom/-/dom-10.4.1.tgz 79946ms (cache miss)
4847 http fetch GET 200 https://registry.npmjs.org/@types/node/-/node-22.20.1.tgz 80432ms (cache miss)
4848 http fetch GET 200 https://registry.npmjs.org/tsconfig-paths/-/tsconfig-paths-3.15.0.tgz 82078ms (cache miss)
4849 http fetch GET 200 https://registry.npmjs.org/@babel/traverse/-/traverse-7.29.7.tgz 82342ms (cache miss)
4850 http fetch GET 200 https://registry.npmjs.org/parse5/-/parse5-7.3.0.tgz 83472ms (cache miss)
4851 http fetch GET 200 https://registry.npmjs.org/autoprefixer/-/autoprefixer-10.5.4.tgz 84545ms (cache miss)
4852 http fetch GET 200 https://registry.npmjs.org/@typescript-eslint/typescript-estree/-/typescript-estree-8.64.0.tgz 85616ms (cache miss)
4853 http fetch GET 200 https://registry.npmjs.org/@asamuzakjp/css-color/-/css-color-3.2.0.tgz 85483ms (cache miss)
4854 http fetch GET 200 https://registry.npmjs.org/tldts-core/-/tldts-core-6.1.86.tgz 85749ms (cache miss)
4855 http fetch GET 200 https://registry.npmjs.org/@typescript-eslint/utils/-/utils-8.64.0.tgz 85942ms (cache miss)
4856 http fetch GET 200 https://registry.npmjs.org/cssstyle/-/cssstyle-4.6.0.tgz 86417ms (cache miss)
4857 http fetch GET 200 https://registry.npmjs.org/entities/-/entities-6.0.1.tgz 87268ms (cache miss)
4858 http fetch GET 200 https://registry.npmjs.org/react-dom/-/react-dom-19.2.7.tgz 86845ms (cache miss)
4859 http fetch GET 200 https://registry.npmjs.org/@esbuild/win32-x64/-/win32-x64-0.21.5.tgz 87983ms (cache miss)
4860 http fetch GET 200 https://registry.npmjs.org/ajv/-/ajv-6.15.0.tgz 87841ms (cache miss)
4861 http fetch GET 200 https://registry.npmjs.org/vitest/-/vitest-2.1.9.tgz 88927ms (cache miss)
4862 http fetch GET 200 https://registry.npmjs.org/resolve/-/resolve-1.22.12.tgz 89433ms (cache miss)
4863 http fetch GET 200 https://registry.npmjs.org/resolve/-/resolve-1.22.12.tgz 89544ms (cache miss)
4864 http fetch GET 200 https://registry.npmjs.org/jsx-ast-utils/-/jsx-ast-utils-3.3.5.tgz 90328ms (cache miss)
4865 http fetch GET 200 https://registry.npmjs.org/@supabase/ssr/-/ssr-0.6.1.tgz 90247ms (cache miss)
4866 http fetch GET 200 https://registry.npmjs.org/resolve/-/resolve-2.0.0-next.7.tgz 91490ms (cache miss)
4867 http fetch GET 200 https://registry.npmjs.org/es-iterator-helpers/-/es-iterator-helpers-1.4.0.tgz 92194ms (cache miss)
4868 http fetch GET 200 https://registry.npmjs.org/@babel/core/-/core-7.29.7.tgz 94962ms (cache miss)
4869 http fetch GET 200 https://registry.npmjs.org/eslint-plugin-import/-/eslint-plugin-import-2.32.0.tgz 94845ms (cache miss)
4870 http fetch GET 200 https://registry.npmjs.org/axobject-query/-/axobject-query-4.1.0.tgz 98320ms (cache miss)
4871 http fetch GET 200 https://registry.npmjs.org/@supabase/realtime-js/-/realtime-js-2.110.7.tgz 98077ms (cache miss)
4872 http fetch GET 200 https://registry.npmjs.org/@img/sharp-win32-x64/-/sharp-win32-x64-0.34.5.tgz 99753ms (cache miss)
4873 http fetch GET 200 https://registry.npmjs.org/@babel/types/-/types-7.29.7.tgz 103126ms (cache miss)
4874 http fetch GET 200 https://registry.npmjs.org/aria-query/-/aria-query-5.3.0.tgz 104865ms (cache miss)
4875 http fetch GET 200 https://registry.npmjs.org/@babel/runtime/-/runtime-7.29.7.tgz 104983ms (cache miss)
4876 http fetch GET 200 https://registry.npmjs.org/aria-query/-/aria-query-5.3.2.tgz 105012ms (cache miss)
4877 http fetch GET 200 https://registry.npmjs.org/sucrase/-/sucrase-3.35.1.tgz 105969ms (cache miss)
4878 http fetch GET 200 https://registry.npmjs.org/@supabase/auth-js/-/auth-js-2.110.7.tgz 107240ms (cache miss)
4879 http fetch GET 200 https://registry.npmjs.org/eslint-plugin-jsx-a11y/-/eslint-plugin-jsx-a11y-6.10.2.tgz 108019ms (cache miss)
4880 http fetch GET 200 https://registry.npmjs.org/@babel/helpers/-/helpers-7.29.7.tgz 108298ms (cache miss)
4881 http fetch GET 200 https://registry.npmjs.org/tailwindcss/-/tailwindcss-3.4.19.tgz 109851ms (cache miss)
4882 http fetch GET 200 https://registry.npmjs.org/typescript/-/typescript-5.9.3.tgz 110000ms (cache miss)
4883 http fetch GET 200 https://registry.npmjs.org/@swc/helpers/-/helpers-0.5.15.tgz 113114ms (cache miss)
4884 http fetch GET 200 https://registry.npmjs.org/@typescript-eslint/scope-manager/-/scope-manager-8.64.0.tgz 114192ms (cache miss)
4885 http fetch GET 200 https://registry.npmjs.org/eslint-plugin-react/-/eslint-plugin-react-7.37.5.tgz 115947ms (cache miss)
4886 http fetch GET 200 https://registry.npmjs.org/eslint/-/eslint-9.39.5.tgz 118982ms (cache miss)
4887 http fetch GET 200 https://registry.npmjs.org/@typescript-eslint/eslint-plugin/-/eslint-plugin-8.64.0.tgz 119915ms (cache miss)
4888 http fetch GET 200 https://registry.npmjs.org/zod/-/zod-3.25.76.tgz 124772ms (cache miss)
4889 http fetch GET 200 https://registry.npmjs.org/jsdom/-/jsdom-25.0.1.tgz 125878ms (cache miss)
4890 http fetch GET 200 https://registry.npmjs.org/@next/swc-win32-x64-msvc/-/swc-win32-x64-msvc-16.2.10.tgz 127576ms (cache miss)
4891 http fetch GET 200 https://registry.npmjs.org/caniuse-lite/-/caniuse-lite-1.0.30001806.tgz 130861ms (cache miss)
4892 http fetch GET 200 https://registry.npmjs.org/es-abstract/-/es-abstract-1.24.2.tgz 172306ms (cache miss)
4893 http fetch GET 200 https://registry.npmjs.org/lucide-react/-/lucide-react-0.468.0.tgz 205573ms (cache miss)
4894 warn tar TAR_ENTRY_ERROR ENOENT: no such file or directory, open 'C:\Users\admin\OneDrive - Chulalongkorn University\Desktop\VS CODE\ISE_Sign\node_modules\next\dist\docs\02-pages\03-building-your-application\03-data-fetching\05-client-side.md'
4895 silly tar TAR_ENTRY_ERROR ENOENT: no such file or directory, open 'C:\Users\admin\OneDrive - Chulalongkorn University\Desktop\VS CODE\ISE_Sign\node_modules\next\dist\docs\02-pages\03-building-your-application\03-data-fetching\05-client-side.md' [Error: ENOENT: no such file or directory, open 'C:\Users\admin\OneDrive - Chulalongkorn University\Desktop\VS CODE\ISE_Sign\node_modules\next\dist\docs\02-pages\03-building-your-application\03-data-fetching\05-client-side.md'] {
4895 silly tar   errno: -4058,
4895 silly tar   code: 'ENOENT',
4895 silly tar   syscall: 'open',
4895 silly tar   path: 'C:\\Users\\admin\\OneDrive - Chulalongkorn University\\Desktop\\VS CODE\\ISE_Sign\\node_modules\\next\\dist\\docs\\02-pages\\03-building-your-application\\03-data-fetching\\05-client-side.md',
4895 silly tar   entry: ReadEntry {
4895 silly tar     _events: [Object: null prototype] { end: [Function (anonymous)] },
4895 silly tar     _eventsCount: 1,
4895 silly tar     _maxListeners: undefined,
4895 silly tar     writable: false,
4895 silly tar     readable: true,
4895 silly tar     extended: undefined,
4895 silly tar     globalExtended: undefined,
4895 silly tar     header: Header {
4895 silly tar       cksumValid: true,
4895 silly tar       needPax: false,
4895 silly tar       nullBlock: false,
4895 silly tar       block: undefined,
4895 silly tar       path: 'package/dist/docs/02-pages/03-building-your-application/03-data-fetching/05-client-side.md',
4895 silly tar       mode: 420,
4895 silly tar       uid: 0,
4895 silly tar       gid: 0,
4895 silly tar       size: 2681,
4895 silly tar       cksum: 11929,
4895 silly tar       linkpath: '',
4895 silly tar       uname: '',
4895 silly tar       gname: '',
4895 silly tar       devmaj: 0,
4895 silly tar       devmin: 0,
4895 silly tar       atime: undefined,
4895 silly tar       ctime: undefined,
4895 silly tar       mtime: 1985-10-26T08:15:00.000Z,
4895 silly tar       charset: undefined,
4895 silly tar       comment: undefined
4895 silly tar     },
4895 silly tar     startBlockSize: 3072,
4895 silly tar     blockRemain: 0,
4895 silly tar     remain: 0,
4895 silly tar     type: 'File',
4895 silly tar     meta: false,
4895 silly tar     ignore: false,
4895 silly tar     path: 'dist/docs/02-pages/03-building-your-application/03-data-fetching/05-client-side.md',
4895 silly tar     mode: 438,
4895 silly tar     uid: 0,
4895 silly tar     gid: 0,
4895 silly tar     uname: '',
4895 silly tar     gname: '',
4895 silly tar     size: 2681,
4895 silly tar     mtime: 1985-10-26T08:15:00.000Z,
4895 silly tar     atime: undefined,
4895 silly tar     ctime: undefined,
4895 silly tar     linkpath: undefined,
4895 silly tar     dev: undefined,
4895 silly tar     ino: undefined,
4895 silly tar     nlink: undefined,
4895 silly tar     invalid: false,
4895 silly tar     absolute: 'C:/Users/admin/OneDrive - Chulalongkorn University/Desktop/VS CODE/ISE_Sign/node_modules/next/dist/docs/02-pages/03-building-your-application/03-data-fetching/05-client-side.md',
4895 silly tar     unsupported: false,
4895 silly tar     Symbol(shapeMode): false,
4895 silly tar     Symbol(kCapture): false,
4895 silly tar     Symbol(flowing): false,
4895 silly tar     Symbol(paused): true,
4895 silly tar     Symbol(pipes): [ [Pipe] ],
4895 silly tar     Symbol(buffer): [
4895 silly tar       <Buffer 3d 20 28 2e 2e 2e 61 72 67 73 29 20 3d 3e 20 66 65 74 63 68 28 2e 2e 2e 61 72 67 73 29 2e 74 68 65 6e 28 28 72 65 73 29 20 3d 3e 20 72 65 73 2e 6a 73 ... 274 more bytes>
4895 silly tar     ],
4895 silly tar     Symbol(objectMode): false,
4895 silly tar     Symbol(encoding): null,
4895 silly tar     Symbol(async): false,
4895 silly tar     Symbol(decoder): null,
4895 silly tar     Symbol(EOF): true,
4895 silly tar     Symbol(emittedEnd): false,
4895 silly tar     Symbol(emittingEnd): false,
4895 silly tar     Symbol(closed): false,
4895 silly tar     Symbol(emittedError): null,
4895 silly tar     Symbol(bufferLength): 324,
4895 silly tar     Symbol(destroyed): false,
4895 silly tar     Symbol(signal): undefined,
4895 silly tar     Symbol(aborted): false,
4895 silly tar     Symbol(dataListeners): 0,
4895 silly tar     Symbol(discarded): false
4895 silly tar   },
4895 silly tar   cwd: 'C:/Users/admin/OneDrive - Chulalongkorn University/Desktop/VS CODE/ISE_Sign/node_modules/next',
4895 silly tar   tarCode: 'TAR_ENTRY_ERROR'
4895 silly tar }
4896 warn tar TAR_ENTRY_ERROR ENOENT: no such file or directory, lstat 'C:\Users\admin\OneDrive - Chulalongkorn University\Desktop\VS CODE\ISE_Sign\node_modules\next\dist'
4897 silly tar TAR_ENTRY_ERROR ENOENT: no such file or directory, lstat 'C:\Users\admin\OneDrive - Chulalongkorn University\Desktop\VS CODE\ISE_Sign\node_modules\next\dist' [Error: ENOENT: no such file or directory, lstat 'C:\Users\admin\OneDrive - Chulalongkorn University\Desktop\VS CODE\ISE_Sign\node_modules\next\dist'] {
4897 silly tar   errno: -4058,
4897 silly tar   code: 'ENOENT',
4897 silly tar   syscall: 'lstat',
4897 silly tar   path: 'C:/Users/admin/OneDrive - Chulalongkorn University/Desktop/VS CODE/ISE_Sign/node_modules/next/dist',
4897 silly tar   entry: ReadEntry {
4897 silly tar     _events: [Object: null prototype] { end: [Function (anonymous)] },
4897 silly tar     _eventsCount: 1,
4897 silly tar     _maxListeners: undefined,
4897 silly tar     writable: false,
4897 silly tar     readable: true,
4897 silly tar     extended: undefined,
4897 silly tar     globalExtended: undefined,
4897 silly tar     header: Header {
4897 silly tar       cksumValid: true,
4897 silly tar       needPax: false,
4897 silly tar       nullBlock: false,
4897 silly tar       block: undefined,
4897 silly tar       path: 'package/dist/docs/02-pages/03-building-your-application/01-routing/05-custom-app.md',
4897 silly tar       mode: 420,
4897 silly tar       uid: 0,
4897 silly tar       gid: 0,
4897 silly tar       size: 3239,
4897 silly tar       cksum: 11341,
4897 silly tar       linkpath: '',
4897 silly tar       uname: '',
4897 silly tar       gname: '',
4897 silly tar       devmaj: 0,
4897 silly tar       devmin: 0,
4897 silly tar       atime: undefined,
4897 silly tar       ctime: undefined,
4897 silly tar       mtime: 1985-10-26T08:15:00.000Z,
4897 silly tar       charset: undefined,
4897 silly tar       comment: undefined
4897 silly tar     },
4897 silly tar     startBlockSize: 3584,
4897 silly tar     blockRemain: 0,
4897 silly tar     remain: 0,
4897 silly tar     type: 'File',
4897 silly tar     meta: false,
4897 silly tar     ignore: false,
4897 silly tar     path: 'dist/docs/02-pages/03-building-your-application/01-routing/05-custom-app.md',
4897 silly tar     mode: 438,
4897 silly tar     uid: 0,
4897 silly tar     gid: 0,
4897 silly tar     uname: '',
4897 silly tar     gname: '',
4897 silly tar     size: 3239,
4897 silly tar     mtime: 1985-10-26T08:15:00.000Z,
4897 silly tar     atime: undefined,
4897 silly tar     ctime: undefined,
4897 silly tar     linkpath: undefined,
4897 silly tar     dev: undefined,
4897 silly tar     ino: undefined,
4897 silly tar     nlink: undefined,
4897 silly tar     invalid: false,
4897 silly tar     absolute: 'C:/Users/admin/OneDrive - Chulalongkorn University/Desktop/VS CODE/ISE_Sign/node_modules/next/dist/docs/02-pages/03-building-your-application/01-routing/05-custom-app.md',
4897 silly tar     unsupported: false,
4897 silly tar     Symbol(shapeMode): false,
4897 silly tar     Symbol(kCapture): false,
4897 silly tar     Symbol(flowing): false,
4897 silly tar     Symbol(paused): true,
4897 silly tar     Symbol(pipes): [],
4897 silly tar     Symbol(buffer): [
4897 silly tar       <Buffer 2d 2d 2d 0a 74 69 74 6c 65 3a 20 43 75 73 74 6f 6d 20 41 70 70 0a 64 65 73 63 72 69 70 74 69 6f 6e 3a 20 43 6f 6e 74 72 6f 6c 20 70 61 67 65 20 69 6e ... 3189 more bytes>
4897 silly tar     ],
4897 silly tar     Symbol(objectMode): false,
4897 silly tar     Symbol(encoding): null,
4897 silly tar     Symbol(async): false,
4897 silly tar     Symbol(decoder): null,
4897 silly tar     Symbol(EOF): true,
4897 silly tar     Symbol(emittedEnd): false,
4897 silly tar     Symbol(emittingEnd): false,
4897 silly tar     Symbol(closed): false,
4897 silly tar     Symbol(emittedError): null,
4897 silly tar     Symbol(bufferLength): 3239,
4897 silly tar     Symbol(destroyed): false,
4897 silly tar     Symbol(signal): undefined,
4897 silly tar     Symbol(aborted): false,
4897 silly tar     Symbol(dataListeners): 0,
4897 silly tar     Symbol(discarded): false
4897 silly tar   },
4897 silly tar   cwd: 'C:/Users/admin/OneDrive - Chulalongkorn University/Desktop/VS CODE/ISE_Sign/node_modules/next',
4897 silly tar   tarCode: 'TAR_ENTRY_ERROR'
4897 silly tar }
4898 verbose cwd C:\Users\admin\OneDrive - Chulalongkorn University\Desktop\VS CODE\ISE_Sign
4899 verbose os Windows_NT 10.0.26200
4900 verbose node v24.11.1
4901 verbose npm  v11.6.2
4902 notice
4902 notice New minor version of npm available! 11.6.2 -> 11.18.0
4902 notice Changelog: https://github.com/npm/cli/releases/tag/v11.18.0
4902 notice To update run: npm install -g npm@11.18.0
4902 notice  { force: true, Symbol(proc-log.meta): true }
4903 verbose exit 1
4904 verbose code 1
4905 error A complete log of this run can be found in: C:\Users\admin\OneDrive - Chulalongkorn University\Desktop\VS CODE\ISE_Sign\.npm-cache\_logs\2026-07-17T09_13_30_240Z-debug-0.log
